source,molecule_id,inchi_key,smiles,driven_bond,n_heavy,classes,substituents_equivalent,barrier_kcal_mol,odd_fraction,power_above_n3,rms_full,rms_even_only,rms_three_harmonics,rms_flat,phase_gain,minimum_shift_degrees,js_distance,power_n1,power_n2,power_n3,power_n4,power_n5,power_n6
torsionnet500,fragment_002,VPXVZDLANXXNOZ-UHFFFAOYSA-N,Fc1cccc(F)c1Oc1ccccc1,2-3,15,gauche_effect|biaryl,0,3.754686549422331,2.907222252059915e-05,0.062472779058747416,0.04363528193830727,0.044250543586539785,0.3436568974666205,1.3644964328554794,0.0006152616482325152,0.0,0.0017956070713183283,0.004427101539744362,0.9329232772102632,0.00017684219124494666,0.061273148589392305,0.0007327776192680872,0.00046685285008702364
torsionnet500,fragment_003,LBTPIFQNEKOAIM-UHFFFAOYSA-N,CS(=O)(=O)Nc1ccccc1,2-3,11,biaryl,0,1.6596245721448213,8.536832549132026e-05,0.9963720026405358,0.22177514260970474,0.22182564452747025,0.5573652831676238,0.5582187135551069,5.050191776551083e-05,0.0,0.001562672409805685,3.7065883389091754e-05,0.003374300576673789,0.00021663089940130478,0.9739655183359962,2.3457335126351802e-05,0.022383026969413498
torsionnet500,fragment_004,QMMOXUPEWRXHJS-UHFFFAOYSA-N,C/C=C\CC,2-3,5,conjugated,0,3.8253425599541515,1.3721999572760706e-09,0.029955900423254387,0.024119674710382753,0.024119731332492168,0.24537753293424225,1.4110706293461186,5.662210941434487e-08,0.0,1.4095979715669683e-05,0.6825531945602196,0.281727489887143,0.00576341512938306,0.010410214929108628,0.015629947563787983,0.003915737930357773
torsionnet500,fragment_005,ILVZERCGPTXWJR-UHFFFAOYSA-N,CCOC1=C(NC)CC1=O,2-3,10,gauche_effect|conjugated,0,3.4958552486496046,3.8581413549926203e-07,0.0015332784845985602,0.032693499604113024,0.03270509893394564,0.06390278493709763,1.4025863784202033,1.1599329832613636e-05,0.0,0.00024021963675101212,0.9800613715868953,0.002358285111130672,0.016047064817375327,0.0001559028553790805,0.0006329558295031982,0.0007444197997162813
torsionnet500,fragment_007,DSDSZHUBHNTFNX-UHFFFAOYSA-N,CN(CCO)C1CCCCC1,2-3,11,plain,0,6.063893575104885,0.010815412107091369,0.017152830074061327,0.07271558593800795,0.21753653051244506,0.26824019481638955,1.9727728049418742,0.14482094457443712,0.4993065187239836,0.10482613631664758,0.480831333904971,0.007473294501573327,0.49454254151939425,0.014999374350884508,0.001471784304979319,0.0006816714181975004
torsionnet500,fragment_008,ODYVZWDKDPSBKF-UHFFFAOYSA-N,c1ccc(COc2ccncn2)cc1,2-3,14,plain,0,8.26514203986153,9.292062676016351e-06,0.004514518299888774,0.031657792266254106,0.03256611850595108,0.17130294458127934,2.505808630244251,0.0009083262396969716,0.49930651872409726,0.005943973312406478,0.270185142763253,0.7247297535475601,0.0005705853892981281,0.0030019667035110814,0.0015017406259644837,1.0810970413208703e-05
torsionnet500,fragment_009,FTXJUKILOHPHHB-UHFFFAOYSA-N,c1ccc(Oc2cccnn2)cc1,2-3,13,biaryl,0,1.8994437615037896,1.2906918625368062e-06,0.08415025113051632,0.05129624652313818,0.05130213380346403,0.20496932705348322,0.6860153610187408,5.887280325848898e-06,0.0,0.0004055105088873872,0.004971059221706453,0.9108629861572707,1.570349050677856e-05,0.0817175849677321,0.002188096651639854,0.00024456951114435854
torsionnet500,fragment_010,SOXGJZXHZUYLRW-UHFFFAOYSA-N,CC(=O)N(C)OCc1ccccc1,2-3,13,plain,0,4.420918374904431,0.00020572856846275258,0.002372491459889301,0.05236817220431432,0.055190883443523006,0.07901695009047197,1.21594117440397,0.002822711239208686,130.31900138696255,0.006718264306693494,0.01376874242038151,0.16522578476305413,0.8186329813566751,0.00047360203392902305,0.0018444974114328269,5.439201452745104e-05
torsionnet500,fragment_012,NFCKPEXQDUBMOO-UHFFFAOYSA-N,CNC(=O)OCCN(C)C(=O)NC,2-3,13,anomeric|amide|conjugated,0,8.266665941628162,0.00020890061536890607,0.016861571974044393,0.28858398230201976,0.29081248934586107,0.433012731997327,2.502830045898544,0.00222850704384131,165.76976421636618,0.005827336805312531,0.24867392607276012,0.7133021186877587,0.021162383265436662,5.2368750941083836e-05,0.00023998021220900605,0.016569223010894304
torsionnet500,fragment_013,KWRBXILMRLLABD-UHFFFAOYSA-N,C=CCOc1ccccc1OC,2-3,12,conjugated,0,3.4522912818356417,0.00970930654778039,0.015543745650099947,0.04989008659050137,0.10410950063859795,0.12592165733907584,0.9286897698551106,0.054219414048096576,0.9986130374479956,0.0422822147376653,0.01263414611851021,0.10728917395151712,0.8645329342798727,0.010925215761132912,0.0045849152417612405,3.361464720579587e-05
torsionnet500,fragment_014,CTIYKSMODWCWDJ-UHFFFAOYSA-M,CNC(=O)/C=C/c1cccs1,2-3,11,conjugated,0,5.1252321088686585,4.649473468467912e-08,0.012810800477518498,0.014764669042533441,0.014768823766885559,0.18446348462031537,1.6245929460863369,4.1547243521174865e-06,0.4993065187239836,6.790915921506237e-05,0.02904995147106859,0.9453708512380152,0.012768396813397738,0.012810671234246628,1.0260043725270148e-07,2.664283461923588e-08
torsionnet500,fragment_015,JXYACYYPACQCDM-UHFFFAOYSA-N,NCC(=O)OCc1ccccc1,2-3,12,plain,0,8.376650235557463,0.00023378322121800737,0.0005383042777751065,0.03689493414960608,0.054048075249278335,0.07037871082757399,2.5834146345953455,0.017153141099672253,0.4993065187239836,0.015157018006017577,0.4974251539323595,0.3860193992548985,0.11601714253496684,0.00017414752821185927,0.0002486750637372776,0.00011548168582596956
torsionnet500,fragment_016,QAFJIJWLEBLXHH-UHFFFAOYSA-N,COC(=O)c1ccccc1F,2-3,11,anomeric|conjugated,0,2.842146226845216,5.033951861309271e-07,0.05035111671521005,0.013203142248575677,0.0132206788151995,0.21569262632903555,0.959525860393487,1.7536566623822802e-05,9.986130374479899,0.0004294864400815545,0.11492471207903437,0.8330046862051368,0.0017194850006187529,0.049895602072672844,0.00026692440809558877,0.00018859023444161793
torsionnet500,fragment_017,KYLGEGIDFVDQRG-UHFFFAOYSA-N,CN1CCc2cnc(N(C)C)nc2C1,2-3,14,anomeric|biaryl,0,11.432098567252979,0.1486759248902669,0.15488081775716042,0.7986850075525602,1.75938725298967,1.7882973962533344,4.1433615887951065,0.9607022454371097,0.4993065187239836,0.08524271804041877,1.1665632970541654e-05,0.845062580546346,4.4936063523049754e-05,0.10938654669251202,0.00034594810390445904,0.04514832296074395
torsionnet500,fragment_018,CQHZTBKPWGTHAR-UHFFFAOYSA-N,O=C1NCCCC[C@H]1Nc1ncccn1,2-3,15,gauche_effect|stereocentre_adjacent,0,9.39697082922794,0.7081794660156395,0.025647026355213605,0.14679291480307902,2.346501158324714,0.46922533179505327,2.786769017629595,2.199708243521635,23.966712898751666,0.5011421644164117,0.7259916143361134,0.11978212690168435,0.1285792324069887,0.02068123547742911,0.001677801657142477,0.0032879892206420175
torsionnet500,fragment_019,YAPHOLHGDRLHCI-UHFFFAOYSA-N,CN1CC(Oc2ccncn2)C1,2-3,12,plain,0,9.422245095600374,0.006137487209160474,0.005591231192685119,0.03977482242076858,0.22481763836252877,0.2149076327105164,2.824701799056287,0.1850428159417602,1.4979195561719791,0.03358682658880114,0.2903309909640881,0.7006193191511392,0.0034584586920876265,0.004237722936907185,0.0003630665669591848,0.0009904416888187491
torsionnet500,fragment_020,LINPWWYTVDILFA-UHFFFAOYSA-N,CN(C)C(=O)CCC1=NNCC=C1,2-3,13,conjugated,0,3.7401991533697583,0.05097252903693829,0.014214597373804873,0.031402767450398425,0.2576614371923478,0.13865425965336675,1.1331789698318577,0.22625866974194936,10.984743411927866,0.10011059688672518,0.6985427742139625,0.20641267703453642,0.08082995137769625,0.012218588967762845,0.0008050621660095867,0.0011909462400324416
torsionnet500,fragment_022,VVFCJVLORNFVHI-UHFFFAOYSA-N,CNCC(=O)c1ccccc1,2-3,11,biaryl,0,4.504738968913443,0.011763414209597102,0.01743941893795995,0.019087233764676557,0.1722920099139794,0.2093607706200783,1.5788781411332875,0.15320477614930283,1.9972260748959343,0.040252661452412256,3.2571915531961106e-05,0.9825253675812595,2.641565248693515e-06,0.01674872840684337,9.733455174176736e-06,0.0006809570759424018
torsionnet500,fragment_023,RYOPHGGZTKTXLU-UHFFFAOYSA-N,COC(C)(C)C(=O)N1CCOCC1,2-3,13,anomeric|conjugated,0,12.480018263158854,0.5843056219770694,0.0027128187457329984,0.26239331025273555,3.1824905157690404,0.3399324794370175,4.157503242717961,2.920097205516305,18.973647711511802,0.5971887572779135,0.8402239721637691,0.013758412385230016,0.14330479670526797,0.0015919278484189073,0.0009115857488422041,0.00020930514847188728
torsionnet500,fragment_026,PIDBTPFIHWKDAR-UHFFFAOYSA-N,CNC(=O)c1scnc1C,2-3,10,anomeric|conjugated,0,3.075700768851675,2.029712848379447e-05,0.17043425807272045,0.09338107711361901,0.09348940014821062,0.42272276830574856,1.0030067472682938,0.00010832303459161474,60.41608876560332,0.0009753057718522803,0.01232335365669792,0.8171863842418626,5.6004028719143337e-05,0.1580004365232931,0.011459521038232312,0.0009743005111950215
torsionnet500,fragment_027,GISPSVBIIRUSAH-UHFFFAOYSA-N,CCN(C)C(=S)NC,2-3,8,anomeric|conjugated,0,9.34819810593035,1.487091060033241e-06,0.05328982966418813,0.5536052382882303,0.5536144543247565,0.8198444418584958,2.6773711381859884,9.216036526260574e-06,0.0,0.0007927340563682575,0.004989710475216043,0.8545677971197707,0.08715266274082513,0.018596913640086168,0.03213884715275982,0.0025540688713421456
torsionnet500,fragment_028,BHTTVHNLGDAEGR-UHFFFAOYSA-N,CC(=O)NCc1cncnc1N,2-3,12,biaryl,0,8.686958152160514,4.4869690993557515e-06,0.10621149128355716,1.2522760998315237,1.252286110644874,1.4702700148461132,2.6750866873813655,1.0010813350280756e-05,0.0,0.0025910366645652038,0.013102774390819853,0.8209683279338621,0.05971740639176077,0.01866030573174065,0.07705948668986252,0.010491698861953978
torsionnet500,fragment_030,BRWDEYYRNRRCHQ-UHFFFAOYSA-N,CNC(=O)CS(C)(=O)=O,2-3,9,plain,0,5.172276908298954,0.11062352560523105,0.018376908842253643,0.0835977531240154,0.5406833864483019,0.23321931421734654,1.6082467004460128,0.45708563332428653,8.987517337031932,0.23763770733924325,0.028870812529241938,0.07273423621471635,0.8800180424137882,0.00451882232445218,0.011580964252562867,0.0022771222652385923
torsionnet500,fragment_031,FKWFLBVQSKIZHL-UHFFFAOYSA-N,C/N=C\NOCc1ccccc1,2-3,12,anomeric|conjugated,0,9.090116558538284,2.2305595374901866e-05,0.017677425888988837,0.1699662448014161,0.17047498995624885,0.4076146209616617,2.7917125590849725,0.0005087451548327626,0.0,0.0023746583860763185,0.6484361173133962,0.3321658825145733,0.0017205742830415675,0.017500679984353795,0.00015884748355270847,1.7898421082337212e-05
torsionnet500,fragment_032,ZDOYHCIRUPHUHN-UHFFFAOYSA-N,CC(=O)c1ccccc1Cl,2-3,10,conjugated,0,2.142875221092254,8.714683735729821e-07,0.07970086222314894,0.05187589484054562,0.05187904140143111,0.18041287310783524,0.6142581764480017,3.1465608854933103e-06,0.0,0.00028691233339139176,0.9153582862964262,0.0005274666457682684,0.004413384834656622,0.06440596752764284,0.0007705838093117569,0.014524310886194328
torsionnet500,fragment_033,UUOOAAOMPSUSQM-UHFFFAOYSA-N,CC(C)C(=O)N1CCN(C)C[C@H]1C,2-3,13,plain,0,5.421378616942093,0.6232010055137378,0.09759189979543254,0.12855899738757154,1.3936736044781473,0.5640064139695647,1.7625833488113214,1.2651146070905757,49.431345353675454,0.4470470107496612,0.7118444715534122,0.0571504313932899,0.13341319725786538,0.01977168686344274,0.07684147221945199,0.0009787407125378177
torsionnet500,fragment_035,ZNQVEEAIQZEUHB-UHFFFAOYSA-N,CCOCCO,2-3,6,plain,0,5.895222962339176,3.722708296415305e-08,0.004791979435251459,0.046444167385620586,0.04644540666896753,0.13028889012529646,1.7591007359263617,1.2392833469432318e-06,123.32871012482661,0.00010002055162948334,0.04958371090862486,0.16330355363578108,0.7823207560203423,0.004342546646638709,7.760540795593348e-05,0.000371827380656816
torsionnet500,fragment_037,KGZOHEABROEANP-UHFFFAOYSA-N,CC(=O)NCCC(=O)N(C)C,2-3,11,anomeric|conjugated,0,11.938711945607793,0.007948322904089939,0.02625245654489753,0.2865243695947371,0.398451141848003,0.5790677005301703,3.118940711326386,0.11192677225326592,5.991678224687945,0.15873320791322199,0.5028478496783817,0.2506820280759527,0.22021766570076812,0.003225670315266602,0.020115344041801635,0.002911442187829293
torsionnet500,fragment_039,DDAHODSRFCRULG-UHFFFAOYSA-N,COCOc1ccccc1,2-3,10,conjugated,1,7.096136112173554,9.805171086491102e-10,0.010516014668870319,0.02812434644066942,0.028124412925006025,0.2022343404137704,1.9531409481232465,6.648433660549902e-08,0.0,3.7116433250816206e-05,0.11267103794380208,0.5794628206892173,0.29735012669811045,0.00898951816391565,0.00011588540697584286,0.001410611097978827
torsionnet500,fragment_040,ABSNGNUGFQIDDO-UHFFFAOYSA-N,NC(N)=NCc1ccccc1,2-3,11,anomeric|conjugated,1,3.603343545284588,0.07121973341959864,0.014787680763898189,0.02156154113964616,0.27308305240847286,0.1259070557206524,1.0203134862164214,0.2515215112688267,4.493758668515966,0.10748313945018652,0.23536637305000907,0.30457710543158995,0.4452688407545026,0.0091854764387872,0.005149316504780345,0.00045288782033064257
torsionnet500,fragment_042,MRIVMQZIMUQUOM-UHFFFAOYSA-N,CN[C@H](CC(C)=O)c1ccccc1,2-3,13,biaryl|stereocentre_adjacent,0,4.956927338556852,0.4809007998629118,0.03475497656590197,0.16490978326949118,1.1652560739902365,0.3512269571628121,1.6715684566141313,1.0003462907207452,167.26768377253813,0.33229996726156025,0.00021405680878594125,0.9641218158713936,0.0009091507539185318,0.030508984149665932,0.00014856591824849693,0.0040974264979875405
torsionnet500,fragment_044,DMORLWUYAVTAPC-UHFFFAOYSA-N,CN(C)CC(=O)N1CCCCC1,2-3,12,plain,0,7.636432494095061,0.17967587938251012,0.03079094700676871,0.24675438421588283,1.0548269642305368,0.49104917570847895,2.431996550869594,0.808072580014654,11.983356449375833,0.3255703592599632,0.2155982262938682,0.019729676854154856,0.7338811498452082,0.003076979987828336,0.013443060235684619,0.014270906783255755
torsionnet500,fragment_046,RTSZFAOSHRDVRO-UHFFFAOYSA-N,C[C@@H]1CCCCN1C(=O)COc1ccccc1,2-3,17,gauche_effect,0,7.439222658169456,0.10482167548229034,0.05598070127279484,0.31827738861280663,0.6895487049859657,0.54875507049741,1.915973031514238,0.371271316373159,126.82385575589456,0.1692990385713134,0.029225704636937567,0.37426859421212694,0.5405249998781407,0.015958438322395862,0.039421428706483415,0.0006008342439155655
torsionnet500,fragment_047,DJPUPJYXAORZND-UHFFFAOYSA-N,COC(=O)/N=C(\N)c1ccccc1,2-3,13,anomeric|conjugated,0,6.413423197052907,7.39047285700215e-08,0.0014622323248937408,0.04434087496566353,0.04434469641972586,0.09312104919305027,2.141893010321836,3.821454062330476e-06,0.0,0.00028008324208897255,0.8232484884569037,0.15913998006091862,0.016149299157283973,0.0004303990583545293,0.0006354998172863528,0.0003963334492528585
torsionnet500,fragment_048,AGKPGIOZNCJFTQ-UHFFFAOYSA-N,CNc1ccccc1C(=O)c1ccccc1,2-3,16,biaryl,0,2.8882834159885533,5.652905532321917e-07,0.9527023173181087,0.20112797966648965,0.20112866383313585,0.7101223047660642,0.726154577365963,6.84166646197637e-07,0.0,0.0002082236855021491,0.014295134413324079,0.02344947151692084,0.009553076751646503,0.8561781762244018,0.0005718163122716437,0.09595232478143523
torsionnet500,fragment_050,WBMKXLWRCOWAHO-UHFFFAOYSA-N,CNC(=O)c1cnccc1OC,2-3,12,anomeric|conjugated,0,9.337659288954455,0.0020667749531594333,0.16074896613000342,0.40799781049826345,0.4253309432501551,1.1357369646694302,2.6749250547670878,0.017333132751891633,31.955617198335688,0.01065332431624886,0.660453247751133,0.0995867806004786,0.07921100551838511,0.15021316803362972,0.008750668522208767,0.0017851295741649195
torsionnet500,fragment_051,VHDKHXDKOZGPPK-UHFFFAOYSA-N,C[C@@H]1CCCCN1C(=O)c1ccccc1,2-3,15,biaryl,0,5.924887359491549,0.8106418775324471,0.19817084215265127,0.33913273398118754,1.2704865060072703,0.693894483338355,1.4015409692993726,0.9313537720260827,87.87794729542304,0.44736691280134006,0.37571659769863375,0.07047274889317957,0.3556398112555353,0.11363380274911135,0.07983160699535846,0.004705432408181474
torsionnet500,fragment_052,TWPJIFJPYGNEGH-UHFFFAOYSA-N,CC(=O)NC1=CCc2ccccc2O1,2-3,14,anomeric|conjugated,0,6.188616750121582,1.1325897408156423e-05,0.005830697551646965,0.03234302452575359,0.032937834699831726,0.14503806807371808,1.8518766645516849,0.000594810174078135,0.9986130374479671,0.002193816713072041,0.955989089558467,0.002306330035785148,0.035873882854100876,0.00541499443131368,0.00011904606381267483,0.00029665705652061054
torsionnet500,fragment_053,YZIHXNQZZHZVFY-UHFFFAOYSA-N,CC(=O)NCC1=CC=CCN1,2-3,11,conjugated,0,5.316282499406952,0.017592521050731003,0.05615797674353092,0.34062326759625056,0.41541310167884116,0.5445370936899112,1.824858317830524,0.0747898340825906,140.80443828016644,0.06526881331668974,0.09139465769445346,0.29715591947764713,0.5552914460843685,0.004957480303349792,0.03551495237306076,0.01568554406712037
torsionnet500,fragment_054,FFYCPMZXMYUTCD-UHFFFAOYSA-M,O=C(c1ccccc1)c1cccs1,2-3,13,conjugated,0,4.90427108714357,5.44268814761671e-07,0.06378847294211488,0.09341563333890675,0.09342317210043416,0.4169016739956075,1.611416489669021,7.538761527411952e-06,33.95284327323168,0.00034938894296617385,0.03385808459470119,0.8965668832880609,0.005786559175123028,0.06063480054423915,9.437300461444423e-05,0.003059299393261285
torsionnet500,fragment_055,NHTQYVUBDLWAOJ-UHFFFAOYSA-N,c1cnc(Nc2ncc3ccccc3n2)nc1,2-3,17,anomeric|conjugated,0,4.539413568680175,3.765148292644823e-06,0.1617865118523651,0.17638369588272487,0.17640102760635157,0.5420723845057726,1.2864871519048562,1.733172362669566e-05,0.4993065187239836,0.0014273344498814651,0.025733811764309503,0.8013721785727579,0.011107497810567536,0.13879651044441396,0.0002975706120826491,0.02269243079586849
torsionnet500,fragment_056,VCFJLSDQULHJEJ-UHFFFAOYSA-N,CCOc1ccc2c(c1)C=CCN2,2-3,13,plain,0,1.8000212495098822,0.0004309962508216332,0.11870494179833498,0.029719201333450417,0.03269920417257198,0.22828330259452423,0.6576152448141998,0.002980002839121563,0.4993065187239836,0.005279456231022616,0.0026737808220882934,0.878547161064405,7.411631517175621e-05,0.11606407641127592,0.0006300270129859655,0.002010838374073088
torsionnet500,fragment_058,XASFFOCTSLXGJZ-UHFFFAOYSA-N,O=C(CN1C(=O)CNC1=O)N1CCC=N1,2-3,15,conjugated,0,15.579532245348673,1.0983310864072262e-06,0.015200926483873726,0.20795329025860504,0.20802021382628016,0.6546213179320335,5.038785970564875,6.692356767512564e-05,0.0,0.0005200487383993715,0.4473250058811244,0.4808478969855696,0.05662617064943225,0.009730228401096188,0.005301082074257601,0.00016961600851993504
torsionnet500,fragment_059,JDYWBOIHWAIUGN-UHFFFAOYSA-N,CNc1ccccc1Oc1ccccc1Cl,2-3,16,biaryl,0,5.450009330408648,3.0770932777938004e-08,0.0029328957242494543,0.014772269318181333,0.01477504466178717,0.08963443034629837,1.6325437653591102,2.7753436058364916e-06,0.0,7.580627153024464e-05,0.5835950888228766,0.23483308317692228,0.1786389322759517,0.0020525891550059673,0.00016291300545370193,0.0007173935637897849
torsionnet500,fragment_060,XOGSJZBPWCWUCI-UHFFFAOYSA-N,CC(=O)N(C(C)C)C1CCCC1,2-3,12,plain,0,7.723030412918888,0.6266650613422634,0.03899350987036916,0.2372099801132691,1.8331938218873167,0.5117389536665471,2.308495337099546,1.5959838417740477,29.958391123439668,0.5780259354737918,0.2401105458281238,0.6259441208328734,0.09495182346863368,0.0016975172379396484,0.0008642426342206523,0.03643174999820886
torsionnet500,fragment_065,NXJMRIAKANWEQC-UHFFFAOYSA-N,CN1CCN(C(=O)CO)CC1,2-3,11,plain,0,7.3048181784688495,3.9130030925175193e-07,0.007002028941368843,0.10156657111323354,0.10157346721177632,0.18810466523075361,1.8948254117021779,6.896098542777396e-06,0.0,0.0003866012660102145,0.634880572481932,0.12269816305199154,0.23541923552470756,0.0042195736521514655,0.0005814542117981858,0.0022010010774191923
torsionnet500,fragment_066,JQTBWKNYWACCRU-UHFFFAOYSA-N,c1ccc(Sc2cccs2)cc1,2-3,12,anomeric|biaryl,0,2.2401573666138574,1.2139672458943954e-05,0.053127868914561345,0.25207394138215966,0.25208493013328487,0.2962883287739801,0.72104267839031,1.0988751125207141e-05,0.0,0.0011895574250059423,0.04575325458364927,0.8825386682594955,0.018580208242293825,0.013568244941027619,0.00017184124743425722,0.03938778272609946
torsionnet500,fragment_068,CDSLFJXMEOKCQF-UHFFFAOYSA-N,CNC(=S)NNC(C)=O,2-3,9,anomeric|conjugated,0,6.781229561427608,3.8467382746941064e-05,0.08347662984877448,0.45337874454864124,0.4535717973876366,0.7651844223325186,2.181097077094449,0.00019305283899534453,56.421636615811366,0.0031996572760274664,0.03798824605995062,0.8152664788011788,0.06326864529009626,0.07565571700795866,0.005017582474112014,0.0028033303667037946
torsionnet500,fragment_069,FCJSHPDYVMKCHI-UHFFFAOYSA-N,O=C(Oc1ccccc1)c1ccccc1,2-3,15,conjugated,1,7.283618518267758,4.1286301986627875e-07,0.00504579454665248,0.0816032577309675,0.08161578067840189,0.1778751852970166,2.226524995335732,1.2522947434395748e-05,0.0,0.0009071060397406232,0.5485432998623263,0.33336118974906515,0.11304971584195618,0.002706035866737669,0.001530386824831024,0.0008093718550837879
torsionnet500,fragment_070,OSAFFDYLMYICLO-UHFFFAOYSA-N,c1ccc(N(c2ccccc2)c2ncncn2)cc1,2-3,19,biaryl,0,2.8154302532202564,4.933162007108645e-05,0.46150516671406966,0.1332501098263245,0.13336813460823133,0.5586945778472007,0.8097121051374715,0.00011802478190683918,0.0,0.002069077535370064,0.004458661538015154,0.5339872526081457,4.891913976965608e-05,0.45361849302063795,0.0006550035833863678,0.007231670110045301
torsionnet500,fragment_072,LQJRWEBUMYCBBV-UHFFFAOYSA-N,COc1cccc2c1OCC2,2-3,11,gauche_effect|biaryl,0,1.6667188377468847,3.1154371657254455e-06,0.006169947493188101,0.10712000136311438,0.10712447998252825,0.11565020060619936,0.5652109438229005,4.478619413869622e-06,0.0,0.0004374219178443343,0.04276052607984037,0.17144837867879914,0.7796211477481724,0.0004928591150632261,0.003798290083182177,0.0018787982949426984
torsionnet500,fragment_073,UBDVFIRXMSXGEN-UHFFFAOYSA-N,C=NNS(=O)(=O)c1ccccc1,2-3,12,conjugated,0,6.956855942145921,3.7327001501507614e-07,0.15501984913320238,0.251278948041565,0.2512815371939397,0.7768749296228911,1.8839067595591328,2.5891523747212375e-06,0.0,0.00024328277638886218,0.14879661325235255,0.45652625206399583,0.23965728555044916,0.04667522864422746,0.10216689347457777,0.006177727014397118
torsionnet500,fragment_077,COIZPIPQMSOIDQ-UHFFFAOYSA-N,C=NOCC(=O)NC,2-3,8,conjugated,1,7.758993319090223,2.2260370157284517e-05,0.0032542003319324503,0.07951512838292726,0.08025458626330037,0.15360256479738588,2.30513462868253,0.0007394578803731067,0.0,0.0015427955683515882,0.4780456338578924,0.40226591544624246,0.11643425036393268,0.0032105337535928025,1.7815923514921044e-06,4.1884985988155665e-05
torsionnet500,fragment_078,BWEKDYGHDCHWEN-UHFFFAOYSA-N,CCCC=C(C)C,2-3,7,plain,0,4.32827806318528,0.00014748847009547652,0.03061857161970976,0.0332427354882337,0.038783469654228304,0.289747458547272,1.6452752133071429,0.0055407341659946055,133.3148404993065,0.005901517492365593,0.6608663478416196,0.30848674503765966,2.8335501010844064e-05,0.01194111012930102,0.015282396200067303,0.003395065290341435
torsionnet500,fragment_080,TUXDRFWDZPJPPD-UHFFFAOYSA-N,COc1ccccc1OC(F)(F)F,2-3,13,anomeric,1,4.868345806375146,1.4281823930833685e-07,0.01784480124500719,0.07959986901843845,0.07960159972497673,0.2018987093597848,1.3912507609753324,1.730706538277671e-06,167.26768377253813,0.0002079081060851388,0.45188868635965934,0.51204620269481,0.01822030970052354,0.00457036730784319,0.00848690403449853,0.004787529902665468
torsionnet500,fragment_081,ZHSJYBHCBFLWPF-UHFFFAOYSA-N,C=C(NC(C)=O)C(=O)NC,2-3,10,anomeric|conjugated,0,8.778606879117433,9.624495028988207e-06,0.05736588931078744,0.18192936202684784,0.18214975568450023,0.715098273087748,2.893135799444559,0.00022039365765239016,0.0,0.006350173530736005,0.404343952296587,0.5327394076247214,0.005550750767904013,0.04118933704421001,0.009398522226455513,0.006778030040121926
torsionnet500,fragment_083,HMNLBQZCXMPNEW-UHFFFAOYSA-N,CNC(=O)c1ccccc1OC(C)=O,2-3,14,biaryl,0,7.656716147321276,0.023944318638384015,0.2616009761013872,0.3314716393832204,0.4263672747183547,0.9463505438929872,1.764461724606056,0.09489563533513434,101.35922330097088,0.11816335896398059,0.009539867097399141,0.5466024970535549,0.18225665974765887,0.21466175319760622,0.026431959613816818,0.020507263289964186
torsionnet500,fragment_084,QHTUMQYGZQYEOZ-UHFFFAOYSA-N,CN1CCN(CCO)CC1,2-3,10,plain,0,5.536354864249006,6.35273157565845e-08,0.024639676650461566,0.06013897115832271,0.060140823076996745,0.3000196507262803,1.8734879631597814,1.8519186740367788e-06,0.0,0.00013161492645656685,0.3965374811721103,0.017577899261280103,0.561244942916148,0.02127823353465136,0.0010517355554974669,0.0023097075603127444
torsionnet500,fragment_085,IKMCCQSLXROONF-UHFFFAOYSA-N,CNC(=O)[C@H](C)OC(=O)c1ccccc1,2-3,15,anomeric|conjugated,0,10.36619686940685,0.026774879251258474,0.0052477198364476625,0.05586983503905993,0.5319372688761621,0.2407646641098283,3.233350128832841,0.47606743383710215,3.994452149791954,0.11840402536916324,0.5882270285919436,0.3346718090211106,0.07185344255049785,0.0039373015073577875,0.0012682345738560508,4.218375523382363e-05
torsionnet500,fragment_086,LHSQJUSBMLATGI-UHFFFAOYSA-N,CC(=O)NC1=NN(C)CC1,2-3,10,anomeric|amide|conjugated,0,7.301599060592707,1.410058159782522e-06,0.010969358261538604,0.17934057910573445,0.1793704539176701,0.3398970888733243,2.7626347440938175,2.9874811935642898e-05,0.4993065187239836,0.0015153284305836348,0.9324486079939466,0.03308722251601936,0.02349481122849531,0.004152006506077331,0.0034147048712146774,0.0034026468842465957
torsionnet500,fragment_089,CQOKWLPFOSCLQK-UHFFFAOYSA-N,CCOC(=O)N1c2ccccc2CC[C@H]1C,2-3,16,plain,0,13.353503759717569,0.11121301822230259,0.022085301417820082,0.46099949671094254,1.4605460377828665,0.7706742042756721,4.181237692012798,0.999546541071924,7.9889042995839645,0.09595677808144845,0.8898471684261473,0.07576314227986009,0.012304387876172607,0.007448725068155389,0.008217133208657117,0.006419443141007575
torsionnet500,fragment_090,YTFBEFPTDUGZNR-UHFFFAOYSA-N,CNc1sccc1C(N)=O,2-3,10,anomeric|conjugated,0,10.569080360466614,2.2240789414401477e-06,0.04298504890200676,0.3872389546886208,0.3872737580364958,0.8191025017159704,3.502836487125305,3.480334787497874e-05,0.4993065187239836,0.0010666489994191378,0.2012330315952993,0.7555657516205952,0.0002161678820987349,0.039189077707464874,0.00313472038802655,0.0006612508065153374
torsionnet500,fragment_092,YBIYFJLLJFMDFQ-UHFFFAOYSA-N,c1cc(N2CCCCC2)ncn1,2-3,12,anomeric|biaryl,0,10.282650740642566,0.13805804515911016,0.1872784697974083,0.5726599561943926,1.2215895026397299,1.3810835203825451,2.960008313997954,0.6489295464453373,59.41747572815535,0.14091833622199965,0.003934392749056292,0.7926626776098872,0.016124459843648114,0.1498742756898078,0.017442243258578093,0.019961950849022435
torsionnet500,fragment_093,DTAJDRLUKOKLPI-UHFFFAOYSA-N,COc1ccccc1C1N(C)CCN1C,2-3,15,biaryl,0,11.640309811395127,0.514003677279838,0.011139149190774009,0.3254728272859398,2.5487728184615097,0.4943876597532106,3.540953821313595,2.22329999117557,46.93481276005548,0.6733255007277804,0.44406164691487193,0.46374959007643746,0.08104961381791671,0.0018586263455791002,0.004889545514634869,0.004390977330560041
torsionnet500,fragment_095,GDLNXGWSSKHZBZ-UHFFFAOYSA-N,O=C(C1CC1)N1CCc2ccccc21,2-3,14,anomeric|conjugated,0,10.852971884654835,0.0035320935883737374,0.024838201064477594,0.5368926057204255,0.579701362838119,0.7901837084256943,3.717701428893657,0.0428087571176935,29.459084604715656,0.07492199721079812,0.01202075612973068,0.9577413609462797,0.005399681859512026,0.009385434807038275,0.013582216069862272,0.0018705501875770523
torsionnet500,fragment_097,ZXEAOCUACDMDFY-UHFFFAOYSA-N,CNC(=S)Nc1ccccn1,2-3,11,anomeric|biaryl,0,10.785426034417469,1.778671751757642e-07,0.06724482291889003,0.4815270067237201,0.48152911752478667,1.000200103229644,3.414781550586041,2.110801066546042e-06,0.4993065187239836,0.00047518686695789014,0.5806768584470479,0.33608767065578304,0.015990647978279073,0.04850217829594945,0.0033598545754888287,0.015382790047451755
torsionnet500,fragment_098,SYGQJSJCCZQTQB-UHFFFAOYSA-N,CN/C(N)=N/c1ncccn1,2-3,11,anomeric|conjugated,0,3.8207801820826717,2.3329234727296603e-05,0.09445515149833353,0.28714564971652035,0.2872051438601919,0.46989552813807706,1.243848976605379,5.949414367156791e-05,50.42995839112342,0.0029709082414812837,0.00012204948772205825,0.9053304837049914,9.231530895305815e-05,0.08451932962141563,0.0001392563016834094,0.009796565575234485
torsionnet500,fragment_100,SHMJPPCMMFSWNG-UHFFFAOYSA-N,CNC(=O)C(=O)Nc1ccccc1C,2-3,14,anomeric|conjugated,0,15.841818728134967,1.9908398328540974e-07,0.008801866066114392,0.1836487310216715,0.18366199983096354,0.49920475330507524,4.951235411474123,1.3268809292033001e-05,0.4993065187239836,0.0006487363774295662,0.8525495670454911,0.1227291791855083,0.0159193877028863,0.0069084609334114115,0.0012493555254434504,0.0006440496072595296
torsionnet500,fragment_103,UZMXDPPOKPYMPR-UHFFFAOYSA-N,Cc1ccccc1OC(F)F,2-3,11,anomeric,0,4.296534162363969,0.556507765764342,0.031878541643929385,0.09893373421935113,1.0874735559517386,0.2774350984931274,1.4550722650449037,0.9885398217323874,167.26768377253813,0.348913986441855,0.13973408374446455,0.5769885825196155,0.25139879209199045,0.017058572835272175,0.0004959521645913813,0.014324016644065829
torsionnet500,fragment_105,XJEZCEDXACUJIZ-UHFFFAOYSA-N,CO[C@H]1CCCO[C@@H]1CO,2-3,10,stereocentre_adjacent,0,5.432172269443981,0.190059670794133,0.027210044057171746,0.1399167835977375,0.7119858462836635,0.2989116046814753,1.6074067158714163,0.5720690626859259,3.4951456310679987,0.16358038731547003,0.048579116986667545,0.11195464943268996,0.8122561895234707,0.005358125049955329,0.019528959524481075,0.0023229594827353407
torsionnet500,fragment_106,XRVHSOXXNQTWAW-UHFFFAOYSA-N,CNC(=O)NC(C)=O,2-3,8,anomeric|amide|conjugated,0,13.104159503622213,2.6394007590478273e-05,0.003344768379913708,0.14291210976290564,0.1451056461518878,0.31699459447270484,4.89457048893827,0.0021935363889821757,0.4993065187239836,0.0018734691341886025,0.9043481807165121,0.08275052907743562,0.009556521826138531,0.0014201700315266152,0.0005373116072728458,0.0013872867411142467
torsionnet500,fragment_109,YMNVJDSZHKBYON-UHFFFAOYSA-N,O=C(CCN1CCOCC1)Nc1ccccc1,2-3,17,plain,0,6.0677446032641456,0.7992744903890797,0.03835486299323222,0.37732427221683384,1.721667336730602,0.5270501967443875,1.9164501825634719,1.344343064513768,24.96532593619972,0.595539054335576,0.40600597578883435,0.41161706011809973,0.14402210109983363,0.010038287884590654,0.00714398257831615,0.02117259253032542
torsionnet500,fragment_110,SBXLHCDMBIMIHR-UHFFFAOYSA-N,CNC(=O)[C@@H]1CSCN1C,2-3,10,stereocentre_adjacent,0,7.696381118439604,0.08635680475616268,0.035724949076542695,0.2598364642737924,0.7696303285850715,0.5335035841637616,2.478872904554213,0.5097938643112792,57.919556171983345,0.2968982214994735,0.850529893299913,0.05255373738071161,0.06119142024283279,0.01763955860244499,0.007988867588885291,0.010096522885212416
torsionnet500,fragment_112,BAPOUMLXPMPDHR-UHFFFAOYSA-N,COC(=O)c1cccnc1C1=NCCN1,2-3,15,anomeric|conjugated,0,8.200730428099632,0.009621423030463544,0.021156450358294814,0.27965532121859193,0.37880917992598656,0.47092576423371707,2.6199298518548324,0.09915385870739463,46.435506241331495,0.13653455651214041,0.9367848131363548,0.013165442838454873,0.028893293666895567,0.0006601187752337709,0.018722910427473146,0.001773421155587898
torsionnet500,fragment_114,COPJTXDDUKMXHR-UHFFFAOYSA-N,CCOc1c(OC)cccc1OC,2-3,13,gauche_effect|biaryl,0,3.9504427383071743,4.573062369452539e-07,0.006597300948411366,0.03372864512923656,0.03374086511266737,0.11415725672424805,1.3431437667572945,1.2219983430809822e-05,177.75312066574202,0.00044591382526055313,0.0018539026230572147,0.990548842476796,0.0009999539517354218,0.0031436963679660917,4.327634666628708e-05,0.0034103282337789877
torsionnet500,fragment_115,OUVJXHJCVKWHLJ-UHFFFAOYSA-N,CC[C@H](C(=O)N(C)C)c1ccccc1,2-3,14,biaryl|stereocentre_adjacent,0,3.6037851443397813,0.036670487982181,0.024075563176332873,0.07469979641245557,0.2715206138032366,0.22431845709955778,1.3652261082893087,0.19682081739078106,5.492371705963905,0.08803175370124273,0.00022065075901542112,0.9756668260607876,3.6960003864145344e-05,0.0019504379694910963,0.000254363988489883,0.021870761218351895
torsionnet500,fragment_121,KKROTWHJYQUJCY-UHFFFAOYSA-N,CN(Cc1cccnc1)c1ccncn1,2-3,15,biaryl,0,1.604791455785744,0.00015920698440582073,0.15263151044090678,0.10557588968271225,0.10571702110252217,0.19933571157640556,0.4454773160824441,0.00014113141980991173,117.83633841886268,0.0020210078712312157,0.39094748757509673,0.2910853385239902,0.1653356634600064,0.127684141351009,0.022388379392315583,0.0025589896975822045
torsionnet500,fragment_122,DPMHQVVAJWFHDT-UHFFFAOYSA-N,CC(=O)NCc1ccccc1C(F)(F)F,2-3,15,anomeric,0,2.3299968946375884,5.691074528081202e-06,0.0026525707361876377,0.03450060353873432,0.03455951629460046,0.055557193827311245,0.84621835963207,5.891275586614175e-05,120.33287101248266,0.0007014925999289661,4.995727668445753e-06,5.5550487571002996e-05,0.9972868830485729,7.987962586832415e-06,1.652214122826288e-05,0.0026280606323725426
torsionnet500,fragment_124,LLNMAIPVGATRHC-UHFFFAOYSA-N,Fc1ccccc1-c1cccc2c1OCC2,2-3,16,biaryl,0,10.616027333715465,0.00015317043937507194,0.37382602051986774,0.46969543565615196,0.4706136605190787,1.5257309825433636,2.4202419033912497,0.0009182248629267531,0.4993065187239836,0.013816050085066086,0.17780893463111067,0.35500089733903906,0.0933641475099826,0.3298330703413049,0.009913866295509695,0.03407908388305314
torsionnet500,fragment_125,HJWLCRVIBGQPNF-UHFFFAOYSA-N,C=CCc1ccccc1,2-3,9,conjugated,0,2.85687127627898,6.56103688684533e-08,0.004699931270368372,0.02760023990529699,0.0276012543427315,0.06908809932721037,0.9242629289735492,1.0144374345127938e-06,0.0,7.874224022660297e-05,1.87902493803433e-05,0.019176217748043334,0.976105060732208,0.0002090890539540548,0.003151525567603168,0.0013393166488111488
torsionnet500,fragment_127,CVEJGUNFKNTPEW-UHFFFAOYSA-N,C1CCC(C2OCCO2)CC1,2-3,11,anomeric,0,5.5795175625244156,0.05163867408775645,0.00959825407327487,0.19823818815130761,0.41015759791176587,0.2515217582746685,1.5925097885462816,0.21191940976045825,2.4965325936199747,0.13804529252919737,0.03684140910383006,0.07621015196207616,0.8773501848608187,0.0018947513193283384,0.0065040646475746314,0.001199438106371899
torsionnet500,fragment_128,GBUBNRJNXFVCGW-UHFFFAOYSA-N,O=C(Cc1ccccn1)N1CCCCC1,2-3,15,biaryl,0,2.9824423979152925,0.07079284032165593,0.019622510377120168,0.05078864802814161,0.24480120435690875,0.13592412314497687,0.9014784661853376,0.19401255632876713,122.33009708737859,0.11686592893273916,0.5113133594177208,0.3741020337811033,0.09496209642405563,0.01848950231217713,0.00010713551139550874,0.001025872553547531
torsionnet500,fragment_129,KTITWASKFSBVBH-UHFFFAOYSA-N,CC1=C(C(=O)c2ccccc2)CNCN1,2-3,15,biaryl,0,2.03990522044478,0.05239453491581337,0.9050890796607196,0.1747997148548922,0.21002597674655613,0.5145167375143109,0.5378509584130848,0.03522626189166392,0.0,0.05988338196970061,0.001069673404705654,0.07909336498659543,0.014747881947979331,0.7305519301982016,0.0009252376941836229,0.1736119117683344
torsionnet500,fragment_130,CHRFULBETIFJQD-UHFFFAOYSA-N,c1cnc(N2CCC[C@H]3CCCC[C@@H]32)nc1,2-3,16,stereocentre_adjacent,0,6.136761668894906,0.13756882897440256,0.2559656418585652,0.8172572871366653,0.9965626613020664,1.1282907748073638,1.7412691253246133,0.17930537416540104,174.25797503467402,0.18840315197138227,0.023448646669103443,0.7038500331669761,0.016735678305355276,0.09885929208515477,0.02184816400754397,0.1352581857658664
torsionnet500,fragment_131,KKACJTWOOFIGAD-UHFFFAOYSA-N,CCC(=O)NC(N)=O,2-3,8,anomeric|amide|conjugated,0,10.125532723468496,2.9909017542153835e-07,0.038332925790621815,0.26316838531338277,0.26317420871433583,0.6797771630694169,3.212063309113991,5.823400953064439e-06,0.4993065187239836,0.0003116478259705022,0.6007960586925299,0.324963600755258,0.035907414761590255,0.022449374276018362,0.015445249338395441,0.00043830217620801184
torsionnet500,fragment_132,AQCFVZICAWLHLZ-UHFFFAOYSA-N,CN1CN[C@@](C)(c2ccccc2Cl)C1=O,2-3,15,biaryl|stereocentre_adjacent,0,9.421736211515963,0.49988417249349787,0.051534150979055116,0.23497984928159227,1.7311212769190911,0.5987219094035642,2.437151902064825,1.496141427637499,5.9916782246879166,0.3368409419676969,0.5128278740977499,0.18801037838570167,0.24762759653749333,0.02049131281328742,0.007871467670020454,0.023171370495747235
torsionnet500,fragment_134,NCMONXLWVRSCBP-UHFFFAOYSA-N,COc1ncncn1,2-3,8,plain,1,8.20259673736291,9.859015791943378e-07,0.0011555853263369971,0.03085733968573438,0.030991055302724526,0.10317771019146062,2.896430749201099,0.000133715616990146,0.0,0.0004692025139967594,0.00012185621114408147,0.9984075981364318,0.0003149603260872425,0.0011023242546400465,3.9564345890848254e-05,1.3696725806102183e-05
torsionnet500,fragment_135,PRBHEGAFLDMLAL-UHFFFAOYSA-N,C=CC/C=C/C,2-3,6,plain,0,2.45661492421641,3.3090927205327874e-07,0.03804306526437967,0.03663485967481711,0.03663729155745663,0.14774195806281062,0.7347284420422836,2.4318826395211546e-06,126.82385575589467,0.00015942877891328465,0.014742512507855207,0.022891547161417964,0.9243228750663472,0.01369467469112679,0.011829833039247362,0.012518557534005523
torsionnet500,fragment_136,GCVCIKBRPSEYQC-UHFFFAOYSA-N,CCNc1ncncc1C,2-3,10,anomeric|biaryl,0,10.15228037815541,0.0003115423426942339,0.12378907945396614,0.6593662024551713,0.6613747922979107,1.22018246315972,2.991639132192452,0.002008589842739439,44.438280166435504,0.04662680121214137,0.08178830202005265,0.515824889497179,0.278597729028802,0.014671868087943563,0.060400301711253816,0.04871690965476876
torsionnet500,fragment_138,XEQPIEHZKKGIDC-UHFFFAOYSA-N,O=C([C@H]1CCCO1)N1CCCCC1,2-3,13,stereocentre_adjacent,0,10.55874075385509,0.6286954970445822,0.008374661171143471,0.09810553576128332,2.3049922620316172,0.2833181967847712,2.906050702795379,2.206886726270334,15.977808599167844,0.4685601988241992,0.6543088908778059,0.12842824341510806,0.20888820453594248,0.006041029794642376,0.00019718244377354803,0.002136448932727548
torsionnet500,fragment_139,OOANTTZQXLUEIE-UHFFFAOYSA-N,COc1ccccc1CNc1ccccc1,2-3,16,conjugated,0,5.427267705556005,0.029268939725867835,0.004442263834681154,0.3177369864133719,0.40613105209448647,0.3326682257316997,1.5123109667927122,0.08839406568111458,1.4979195561719791,0.0766482816909993,0.12813330416846036,0.6092821384610693,0.2581422935357891,0.001188748894798469,0.0010423015333032323,0.002211213406579453
torsionnet500,fragment_140,FJCUCEMQYPPIRN-UHFFFAOYSA-N,CC(=O)C1=C(Nc2ccccc2)CCCC1,2-3,16,conjugated,0,10.115566530788783,0.02296456601935066,0.00910026535710248,0.18665721464478532,0.568113205035223,0.385918252596977,3.5457094859261673,0.38145599039043765,2.4965325936200315,0.045995517443296476,0.93367944221044,0.056709144890861665,0.0005111475415959137,0.006767024815519034,0.0021770023197626672,0.00015623822182077803
torsionnet500,fragment_141,WKWYKWNMFLVPFR-UHFFFAOYSA-N,Fc1cccc(F)c1COc1ccccc1,2-3,16,conjugated,1,3.8126102584647015,8.23107242403321e-06,0.006562962785312283,0.023244375415521264,0.023453693141094505,0.09129121754704533,1.089991284306461,0.0002093177255732409,0.0,0.0014152884757548875,0.1630619101026775,0.10389128317966903,0.7264838439323413,0.0037048165963014875,0.0006335979169825254,0.002224548272028271
torsionnet500,fragment_142,AVMUJOUYYVKEKA-UHFFFAOYSA-N,CNc1c(C(=O)OC)cnc2ccccc12,2-3,16,biaryl,0,9.608188608079217,0.004021700432908138,0.01607481094377436,0.15666673482174345,0.24426894045954928,0.406117155694527,2.9593711421480062,0.08760220563780582,0.0,0.02316629979329018,0.15992690970054974,0.8193321957155689,0.004666083640107047,0.015675880556181306,0.0001992949518316466,0.00019963543576140594
torsionnet500,fragment_143,CIFOBGKTSPXVQX-UHFFFAOYSA-N,c1ccc2c(NC3CCCCC3)ncnc2c1,2-3,17,anomeric|biaryl,0,9.509454575716518,4.646009332692641e-07,0.10675231596670881,0.5541899313713796,0.5541931790535914,1.0650030490583273,2.838135784170749,3.2476822118265858e-06,0.0,0.0013462601327270426,0.11090023958666516,0.4888957628241812,0.2934516816224449,0.01063670542936837,0.0751724537888792,0.020943156748461245
torsionnet500,fragment_145,PZYDAVFRVJXFHS-UHFFFAOYSA-N,O=C1CCCN1C1CCCCC1,2-3,12,plain,0,5.330467303399928,0.5303375643561821,0.022493429177942684,0.0571753108689491,1.2048628207580248,0.2543652672256431,1.6536044359392275,1.1476875098890758,155.78363384188629,0.40268915673055317,0.20462059953248368,0.6812902146778668,0.09159575661170696,0.0034944497470837557,0.016211950443487003,0.002787028987371923
torsionnet500,fragment_147,ORHKJRLRGPACIG-UHFFFAOYSA-N,C1=CN=C(c2cscn2)NC1,2-3,11,anomeric|conjugated,0,9.194226375548169,5.2911834725255706e-08,0.01611744012096737,0.10988739387772868,0.10988991521690639,0.4252874093108399,3.2380300954377446,2.5213391777051397e-06,0.4993065187239836,0.00021453932703151393,0.7820100869919089,0.1987261313022822,0.003146341584841543,0.013515449522411198,0.00117630357447511,0.0014256870240810585
torsionnet500,fragment_148,KPTOLMCLARUABN-UHFFFAOYSA-N,CN(C)C(=O)C(C)(C)c1ccccc1,2-3,14,biaryl,0,6.0383438968565315,0.7273426568937872,0.7701351432362913,0.4102892490862302,1.4646794546613975,1.5038609390595696,1.6989350473651108,1.0543902055751673,71.4008321775312,0.42051569871575606,0.002888754829834424,0.2233355060503688,0.0036405958835055183,0.7568069288230913,0.00013767442491944518,0.013190539988280549
torsionnet500,fragment_149,KKAGIXFQVFDQGN-UHFFFAOYSA-N,CSc1sccc1C,2-3,8,anomeric|biaryl,0,6.484058021684177,6.677378854173943e-08,0.012898449244659256,0.03198837596670275,0.031992038662993535,0.21515115454239453,1.8736319131553887,3.6626962907834737e-06,172.76005547850207,0.00018912676244587165,0.34474351527758407,0.5541088376096971,0.0882491978680596,0.011305712322113635,0.0015447167461372306,4.802017640839057e-05
torsionnet500,fragment_151,NZHLXTSFAMAJJF-UHFFFAOYSA-N,CN1CCN(Cc2ccccc2)C1=O,2-3,14,plain,0,6.124611699895468,3.3879119426106177e-07,0.09973987867530697,0.37081971679927056,0.3708210920738388,0.6616514651826797,1.7742864555899571,1.3752745682271694e-06,98.3633841886269,0.00034304165215736857,0.26959253987231774,0.49793755307994686,0.13273002837242867,0.06398567579447657,0.007744023700902212,0.02801017917992818
torsionnet500,fragment_152,OAVNNZUEVHDCKP-UHFFFAOYSA-N,C/C=C/[C@H](C)C(C)C,2-3,8,conjugated|stereocentre_adjacent,0,2.6105929159675725,0.10236056161290225,0.006408011138624667,0.03829602385291813,0.24620698924915418,0.07189989748415182,0.7611429060466239,0.20791096539623605,130.31900138696255,0.12545720824239712,0.13140282007742943,0.24572596578073408,0.6164632030032118,0.002217322721832909,0.004098675242646686,9.201317414507178e-05
torsionnet500,fragment_153,JZMUUSXQSKCZNO-UHFFFAOYSA-N,C/C=C(\C)CCC,2-3,7,conjugated,0,3.957748153974535,5.9567638741915693e-08,0.020799707490354823,0.05185166922825022,0.051852298829092675,0.15964698826819604,1.0482313095659623,6.296008424541699e-07,0.0,0.00010186611146633856,0.04660596185593845,0.2435033000000336,0.689091030653673,0.0021922057329529453,0.01813069066278343,0.000476811094618447
torsionnet500,fragment_154,PUOOAZHFWYJUNB-UHFFFAOYSA-N,CN[C@H](C)c1c(F)cccc1F,2-3,12,biaryl|stereocentre_adjacent,0,8.954061811149586,0.694165403340045,0.06490117222364915,0.07108799286488303,2.1853905374892886,0.6716457336357583,2.622571235690741,2.1143025446244055,11.983356449375833,0.5925426321054387,0.10784403915803628,0.8116391920804877,0.015615596537826805,0.04986834683585246,0.0005946385689992384,0.014438186818797454
torsionnet500,fragment_155,DWGXVIXKIPFBJB-UHFFFAOYSA-N,CC(C)NS(C)(=O)=O,2-3,8,plain,0,4.351959883584641,0.5045222668878927,0.0029869135343417144,0.12307752863867537,1.1101681708760645,0.14951583763068196,1.5581963149008429,0.9870906422373891,103.85575589459086,0.37164785001977907,0.4805331572996337,0.2097616590336417,0.30671827013238273,0.00031788114630551295,0.0020264856462620423,0.0006425467417741588
torsionnet500,fragment_159,GPNKVYNFZYRYAX-UHFFFAOYSA-N,Cc1ccccc1Nc1ccnc2ccccc12,2-3,18,biaryl,0,5.253722538938746,1.0377599842136625e-08,0.10088256383448758,0.20667553779234,0.20667558154973684,0.46748634867844757,1.3362707857944234,4.375739684481239e-08,0.0,3.7537123384030637e-05,0.5141216402401082,0.009289370917775455,0.37570642500762874,0.0967313402715387,0.0005556024125779113,0.003595621150370988
torsionnet500,fragment_161,KSEMETYAQIUBQB-UHFFFAOYSA-N,CCN(CC)S(C)(=O)=O,2-3,9,plain,0,3.485821472539101,1.6453818257727132e-05,0.07725165488112284,0.09879920957466877,0.09892845668828502,0.3602040478815907,1.2501762265167131,0.0001292471136162543,0.0,0.0025842246326117694,0.032837000011470004,0.8877504477507329,0.0021608973566741734,0.06460032198365254,0.003313542468785603,0.009337790428684704
torsionnet500,fragment_162,LOQWIGQMEJJWNU-UHFFFAOYSA-N,COCCOCCNC(C)=O,2-3,11,plain,0,9.03733406541869,3.8294567054273115e-06,0.10495370587934501,0.6120138539641198,0.6120260287708125,0.8848680935723893,2.065451965088719,1.2174806692688556e-05,156.78224687933425,0.0006334918532139565,0.23650147858907186,0.5608650900132762,0.09767972551830696,5.623475001903853e-05,0.10488554394776538,1.1927181560584952e-05
torsionnet500,fragment_163,FJDKFNQIVBPIMK-UHFFFAOYSA-N,CC(=O)C1=CCN(C)[C@@H]1c1ccccc1F,2-3,16,biaryl|stereocentre_adjacent,0,8.291057832189836,0.9391556384809452,0.03925389641593001,0.24360191477926635,2.235012032011501,0.5154117675774555,2.305441296064679,1.9914101172322345,164.27184466019418,0.6130575994002988,0.13226060916781934,0.7999168416249719,0.02856865279127869,0.02095849428268082,0.017303826075421875,0.0009915760578273123
torsionnet500,fragment_164,DHABKCYCQGCAFC-UHFFFAOYSA-N,COc1cccc(CN(C)C)c1OC,2-3,14,plain,1,6.074794784479309,5.318464372143164e-06,0.023449159802629734,0.19935048899694047,0.19940177027141764,0.36041414199498706,1.9709281976797963,5.128127447717734e-05,134.81276005547846,0.0020147383234513333,0.46342820337711793,0.4860019837685257,0.02712065305172671,0.0059600206474891265,0.013566381457268076,0.003922757697872535
torsionnet500,fragment_165,BFNNGDDJEVNNGP-UHFFFAOYSA-N,Cc1cnccc1C(F)F,2-3,10,anomeric,0,2.479693850502372,0.20670849797415244,0.006749168084725763,0.03425948316197808,0.3909318647105793,0.07826439252944412,0.8572251402889959,0.3566723815486012,112.34396671289875,0.12288144650866507,0.1355704661548874,0.1359296882039359,0.7217506775564508,0.0024110672700783037,0.0021629749652607505,0.0021751258493867085
torsionnet500,fragment_169,IWYKGXMPPNGODQ-UHFFFAOYSA-N,CCC[C@H](NC(C)=O)C(=O)N(C)C,2-3,13,stereocentre_adjacent,0,4.470600595988799,0.009405475567582346,0.053858616122938276,0.13430871688117535,0.1848619986071874,0.3323153332665037,1.3166405815954445,0.05055328172601206,0.998613037448024,0.03502111535848085,0.12203775488907131,0.09337666854176019,0.7307269604462302,0.04438012226762599,0.005118830822207102,0.004359663033105176
torsionnet500,fragment_170,QIOZLISABUUKJY-UHFFFAOYSA-N,NC(=S)c1ccccc1,2-3,9,anomeric|conjugated,0,2.8990440212073736,2.2443168808242182e-08,0.38145335567186184,0.07070462512611646,0.07070477335215171,0.6010435715728961,0.9689882947644417,1.4822603525144196e-07,0.0,3.642538037201306e-05,5.422045323547837e-05,0.6184696844172252,2.273945767751094e-05,0.3622538389669314,0.00018631373854964358,0.019013202966380812
torsionnet500,fragment_171,RTXKFJJVCDFUSG-UHFFFAOYSA-N,Cc1cnc2ccccc2c1Nc1ccccc1Cl,2-3,19,conjugated,0,5.032247627037577,7.05550365448263e-08,0.1876717319471204,0.21985470212886357,0.21985506378229955,0.6865315374577575,1.5173053582395637,3.616534359762724e-07,109.84743411927877,0.000193821079076743,0.019753192685368508,0.7923503483287619,0.00022472703874916016,0.17442872761131276,0.0008971510799039717,0.012345853255903665
torsionnet500,fragment_172,GRDIVJPQARIBNZ-UHFFFAOYSA-N,FC(F)C(F)(F)Oc1ccccc1,2-3,13,gauche_effect,0,4.1497870407183655,1.2915394135365233e-06,0.29016890608300683,0.1906650138972596,0.19066973273878013,0.6638039486427745,1.1956669129527866,4.718841520534589e-06,0.0,0.00045198188073033703,0.22009865600232673,0.13313141661387753,0.3566010213007888,0.2396911445108991,0.04120179543109739,0.009275966141010356
torsionnet500,fragment_173,IBGKVOSPAXQRCR-UHFFFAOYSA-N,CC(C)=C[C@@H]1[C@H](C)C1(C)C,2-3,10,stereocentre_adjacent,0,11.307071974442806,0.45611775759903883,0.003802107336496869,0.08327794988348412,2.830534778873787,0.27140973625073433,4.190132439967002,2.7472568289903028,70.90152565880719,0.4231876704611074,0.8357033688228321,0.1604591689406589,3.5354900012405335e-05,0.003670749040628725,4.8786040737315915e-05,8.257225513082801e-05
torsionnet500,fragment_174,UCIXIFAXVBYNGG-UHFFFAOYSA-N,Cc1cncnc1-c1ccccc1,2-3,13,biaryl,0,2.9311202510725707,4.6105151802980274e-06,0.9606625425614357,0.09582043055009687,0.09583577556120486,0.7886515763217916,0.804402872724486,1.534501110798947e-05,82.38557558945911,0.0006714566380758716,0.005607718873863861,0.03371505793698692,1.4680627713408694e-05,0.9138599425606264,0.0011651457375278743,0.04563745426328144
torsionnet500,fragment_175,WYKHSBAVLOPISI-UHFFFAOYSA-N,c1ccc(-c2nccs2)cc1,2-3,11,biaryl,0,3.963750381837599,2.6563760893294e-07,0.035475572083035284,0.04196729998155014,0.041973561235351675,0.2682371083440341,1.4072323071111483,6.261253801535804e-06,0.0,0.0003773783421950302,4.532862816881417e-07,0.9644734492535991,5.052537708397152e-05,0.03528274130280434,4.662197651350041e-06,0.00018816858257959804
torsionnet500,fragment_176,RWOUBULBQYRRNL-UHFFFAOYSA-N,O=C(Nc1nncs1)c1ccccc1,2-3,14,biaryl,0,3.4625535316299647,1.0640189661184774e-05,0.10408799916574714,0.03889010967414213,0.0391115225894784,0.4128708490154635,1.2746204403786905,0.00022141291533626928,0.0,0.0008663375104103667,1.755636475453498e-05,0.8957385888988255,0.00015585557067287188,0.10162785505944075,2.4252992636869278e-05,0.0024358911136695303
torsionnet500,fragment_177,HBBUHFXBDZPAMN-UHFFFAOYSA-N,COc1ccccc1/C=N/c1ccccc1,2-3,16,conjugated,0,6.536129007581621,2.1468592285879907e-08,0.03366642774807359,0.23319925009943704,0.23319946227279417,0.4577816104461048,2.159579654226411,2.1217335713363816e-07,0.0,0.00012778711906021378,0.600195412091274,0.36190284793034394,0.004235312230308481,0.03364852715685223,1.1591642330398348e-05,6.308948890960086e-06
torsionnet500,fragment_180,JWCDIADCWPKZAE-UHFFFAOYSA-N,CN(c1ccccc1)c1ccncn1,2-3,14,biaryl,0,4.624984708148986,7.361502910171863e-08,0.28059755422828925,0.25103335853973135,0.25103357676214044,0.6932783933416924,1.2455245662247023,2.1822240908742074e-07,0.0,0.00013764401864261024,0.016886628769615726,0.7012144548721291,0.0013013621299659236,0.24128566177293367,0.002207594864823603,0.037104297590532
torsionnet500,fragment_182,HXUVZFLYJPAPGA-UHFFFAOYSA-N,Cc1cnc2ccccc2c1N1CCCCC1,2-3,17,plain,0,7.497077494917903,0.2761904779895897,0.2195660489632217,0.1583947210017513,1.231156698917825,1.1000604070317834,2.3285829591759297,1.0727619779160738,57.919556171983345,0.33156500203344214,0.03987045172144081,0.7383220595499631,0.002241439765374335,0.19248267461162805,0.003902603340156261,0.023180771011437385
torsionnet500,fragment_183,BCJUMGSHTLYECD-UHFFFAOYSA-N,O=C(N1CCCCC1)C(F)(F)F,2-3,12,anomeric,0,4.242547725094482,0.0012367346576776731,0.011357213911780791,0.09586888961101331,0.10786544655981102,0.17786417230572407,1.4090606519223863,0.011996556948797713,1.4979195561720644,0.021674453772644778,9.59209433185831e-05,0.0005514413100442333,0.9879954238348564,7.093216088541963e-05,0.0002049658825387575,0.011081315868356614
torsionnet500,fragment_184,XXKOQQBKBHUATC-UHFFFAOYSA-N,C1CCC(CC2CCCCC2)CC1,2-3,13,plain,0,6.298239547817502,0.48565565598108407,0.03807011529419242,0.12028649348023264,1.272872998215633,0.37462130692989853,1.822305327705137,1.1525865047354005,1.4979195561719791,0.4123982799126514,0.4314150244211443,0.12366850918615836,0.40684635109850503,0.00542304033621872,0.01990031651707663,0.012746758440897074
torsionnet500,fragment_185,IITSSFOSQJGQIY-UHFFFAOYSA-N,c1csc(C2=NCCO2)c1,2-3,10,biaryl,0,6.041431847726926,1.8203681564456017e-06,0.01122995900914092,0.023617771624597557,0.023778146809955554,0.21782932663867768,2.043564963669459,0.0001603751853579971,0.0,0.00038607257808316434,0.0029266043590183894,0.9831945540332268,0.002648882598613706,0.011187447048656112,3.054480030843256e-05,1.1967160176375562e-05
torsionnet500,fragment_187,GKHWPHNZHYZXGA-UHFFFAOYSA-N,CNC(=O)NCCC(=O)OC,2-3,11,anomeric|amide|conjugated,0,7.863779202860314,0.1781532335268361,0.0726902561916931,0.392593336928617,0.9394475849180227,0.6718222683200347,2.0598362976146904,0.5468542479894057,1.9972260748959911,0.42608247057474724,0.41191004915229923,0.47646688775102664,0.038932806904981014,0.06463041044348038,0.00803098032890074,2.8865419311981423e-05
torsionnet500,fragment_189,HSIFDKCEVCCAAC-UHFFFAOYSA-N,FC(F)Oc1ccccc1Cl,2-3,11,anomeric,0,4.825173647841439,5.7992491088211975e-09,0.010135443803260565,0.08384926168164965,0.0838493440309667,0.17654016479056514,1.545428843447999,8.234931704598214e-08,0.0,4.4437779686497604e-05,0.582858608085989,0.35487177959551314,0.052134168515237354,1.911705644173007e-05,0.00802549322188567,0.0020908335249331654
torsionnet500,fragment_191,YIQUTYFGUKCQCY-UHFFFAOYSA-N,COc1ccccc1C(C)(C)C,2-3,12,biaryl,0,4.014127265370917,2.7664250533908063e-07,0.09085719023339361,0.02837144794207057,0.02838211735696325,0.44685251498107537,1.4797462986660852,1.0669414892680584e-05,0.0,0.00043103660201814826,4.51018271742204e-05,0.00034017127814331654,0.9087575366612888,0.0007975877212545904,0.00033188767920959395,0.08972771483292943
torsionnet500,fragment_192,STBNWEYNSYFYJF-UHFFFAOYSA-N,CNC(=O)N(C)C(C)=O,2-3,9,anomeric|conjugated,0,12.883216640038881,5.7815521187671764e-05,0.03429998654239298,0.18384948695177422,0.18636214091332567,0.7652874360890672,4.015363368489423,0.002512653961551453,0.4993065187239836,0.00252666482953061,0.15185641977265307,0.8107931057831733,0.003050487901780419,0.030852354089287957,0.001974116739631075,0.0014735157134739474
torsionnet500,fragment_195,CRUILBNAQILVHZ-UHFFFAOYSA-N,COc1cccc(OC)c1OC,2-3,12,plain,1,3.748019089922309,1.0569254978834464e-05,0.008795116815676714,0.02363411056848562,0.024001398423170273,0.12295395092063048,1.2868258044679326,0.0003672878546846538,177.75312066574202,0.0019740887696234454,0.001348977736175153,0.9890779322299592,0.0007779732181889983,0.006896343439251136,4.0415560260072465e-05,0.0018583578161655064
torsionnet500,fragment_197,ZWXJWAPTSTYSAH-UHFFFAOYSA-N,CNC(=O)CC(=O)NC,2-3,9,plain,0,1.090656766493339,1.8207826580797522e-06,0.8518538750813278,0.07727427995697593,0.07727583344428386,0.3439451720221713,0.37125879500857667,1.5534873079314782e-06,0.0,0.00022407236247854584,0.017456353357200093,0.029200316498802118,0.10148945506266982,0.7481922477236228,0.10299398029468584,0.0006676470630191592
torsionnet500,fragment_199,FSEXLNMNADBYJU-UHFFFAOYSA-N,c1ccc(-c2ccc3ccccc3n2)cc1,2-3,16,biaryl,0,3.5726296936627477,2.083330314438932e-08,0.14921499600360608,0.042051691326083065,0.0420521045218241,0.5006683997122253,1.292220807050864,4.131957410322129e-07,54.92371705963939,6.162649069023254e-05,1.169890846470192e-05,0.8507360828395003,3.7222248428899045e-05,0.1474502135925528,0.00012902153152610332,0.0016357608795271826
torsionnet500,fragment_202,HKOAFLAGUQUJQG-UHFFFAOYSA-N,c1cnc(-c2ncccn2)nc1,2-3,12,anomeric|biaryl,0,2.727468347060494,6.463873321150155e-05,0.37272688585732633,0.2261798961900643,0.2262870055475169,0.5749891243945876,0.8949390130470838,0.00010710935745261718,113.34257975034672,0.0029374526862741323,0.03462754142226349,0.5734401400671845,0.019205432653225874,0.2692662820178166,0.008624553551695887,0.0948360502878138
torsionnet500,fragment_203,XEBTZNCTUHPUHB-UHFFFAOYSA-N,CN1CC[C@H](C(=O)N2CCCCC2)C1=O,2-3,15,anomeric|conjugated|stereocentre_adjacent,0,13.723037134215701,0.11038326858166768,0.00973633650193643,0.25186637379976473,1.2411088238682617,0.4401223068852259,3.6665123260464347,0.989242450068497,1.9972260748959911,0.23017230110109646,0.6014687022978108,0.13319245533698904,0.25560250586326383,0.0012533273340224144,0.006455776701305536,0.00202723246660848
torsionnet500,fragment_205,VDDOVCZOLHAUIY-UHFFFAOYSA-M,CNC(=O)c1cncs1,2-3,9,conjugated,0,3.9340229055960663,4.141063014037447e-05,0.03732962731766214,0.052578534577022766,0.053335564048668,0.27393954945868804,1.3924742707981719,0.0007570294716452361,0.4993065187239836,0.0029354605611032546,0.021218292380871633,0.9410461791292846,0.00040590117218165746,0.032766671638361396,0.00011447584762620802,0.004448479831674536
torsionnet500,fragment_209,QMMOXUPEWRXHJS-UHFFFAOYSA-N,C/C=C/CC,2-3,5,conjugated,0,2.181104020681232,9.588497427631132e-15,0.010872306696427678,0.010726669557664973,0.010726669557918726,0.0792911754302533,0.7535240913067592,2.5375361534241136e-13,0.0,4.042438106285259e-08,0.019694546426954434,0.017023441731778135,0.9524097051448399,0.006936503528466099,0.0029968811017351453,0.000938922066226434
torsionnet500,fragment_210,NJZYEXUZNJGGPH-UHFFFAOYSA-N,O=C(c1ccccc1)N1CCc2ccccc21,2-3,17,conjugated,0,9.666829781373963,5.336771381456956e-06,0.03503262956075488,0.3180593483237696,0.3181414607287518,0.6663971444800509,3.1448128075677726,8.211240498223749e-05,0.0,0.0023674932959086435,0.16910828571724815,0.5375754969419766,0.25828358778002036,0.02130083805888124,0.01372458707233088,7.204429542762781e-06
torsionnet500,fragment_215,KFHCTXQFMQPYRP-UHFFFAOYSA-N,c1ccc(Nc2ccncn2)nc1,2-3,13,anomeric|biaryl,0,7.278428499179427,3.7215235083261914e-08,0.06964997211173923,0.09127888388817705,0.09128007736977964,0.6450623200529603,2.4213516532423363,1.1934816025876982e-06,0.0,8.549081803048459e-05,8.685844924779543e-06,0.9301728350149029,0.00016850702843313622,0.06439938146587752,0.00019929151141649716,0.005051299134445206
torsionnet500,fragment_216,OGINRMMVESEAEM-UHFFFAOYSA-N,c1cnc(-c2nccs2)cn1,2-3,11,biaryl,0,6.6035164222703315,9.32134518321384e-08,0.0065555728721967185,0.02270237658829182,0.022712114101411184,0.1778100471909333,2.1782390800663687,9.737513119362218e-06,0.0,0.0001385465614632173,0.5830552420950107,0.4010763866474421,0.009312798385350676,0.006408221829181178,0.0001436565247479732,3.6945182675674115e-06
torsionnet500,fragment_223,MKLQPIYLZMLAER-UHFFFAOYSA-N,c1ccc(-c2ccncn2)cc1,2-3,12,biaryl,0,3.5240397130255587,1.8306131462070373e-07,0.09121642404838341,0.0644208160331271,0.06442348081454675,0.41860676457364393,1.3710240016772801,2.6647814196506525e-06,0.0,0.00013735928674779994,0.0001875804207059849,0.9085654746264562,3.052090445458294e-05,0.08525281398352226,0.0001611306699687778,0.005802479394892373
torsionnet500,fragment_225,KMWLKLMJGNZKGO-UHFFFAOYSA-N,CN1CCc2nc(-c3ccccc3)ncc2C1,2-3,17,biaryl,0,6.187276894459501,0.00048679640974100984,0.027108190244775968,0.10286150085714933,0.11287559322844581,0.3617832532706656,2.1091700748864275,0.010014092371296482,6.4909847434119285,0.02516206903236357,0.00011483860913470798,0.9727399007767006,3.707036938857571e-05,0.02683093872730832,3.497952335970273e-05,0.00024227199410794626
torsionnet500,fragment_226,SVHVVWDAGBNCIW-UHFFFAOYSA-N,COc1ccccc1CN(C(C)=O)C1CC1,2-3,16,plain,0,3.8642107031773776,0.0005230307201447903,0.029007279936642826,0.13794689361513243,0.1405002827257834,0.24178608781583416,1.1740457872952756,0.0025533891106509776,0.0,0.005526050342217438,0.4084015110162387,0.478015289940563,0.08457591910655533,0.02514729587342948,0.0036018312168875403,0.000258152846325802
torsionnet500,fragment_228,ZEGFTEOLGHYWAY-UHFFFAOYSA-N,O=C(CO)N1CCCCC1,2-3,10,plain,0,7.670211192278657,0.0035468904942129622,0.004318808308392352,0.10331618181765923,0.1551725688266109,0.16430378176920934,1.9467515421397312,0.051856387008951677,0.9986130374479671,0.01529103865211902,0.6677011926220668,0.08979783469125256,0.23818216437828815,0.0014872268891468342,0.0003515854263824762,0.002479995992863042
torsionnet500,fragment_231,MBUGVOPCRLBUQR-UHFFFAOYSA-N,CN1CCC(OCCO)CC1,2-3,11,plain,0,6.0197298197308555,5.547435010817541e-08,0.009297907212095943,0.03130662929806836,0.0313094760491416,0.1756602493252633,1.7928249398522442,2.8467510732460566e-06,0.0,0.00010213680292280897,0.07612003583923527,0.15533790756305726,0.7592441493856116,0.008321838329302382,0.0007974651611246247,0.0001786037216689349
torsionnet500,fragment_233,UKRYEFFTFFRSPY-UHFFFAOYSA-N,Fc1ccccc1OC(F)(F)F,2-3,12,anomeric,1,3.442703592882026,1.3062645635510092e-08,0.04800972047659055,0.09104666614400823,0.09104674653903455,0.249187376188579,1.0625426952687713,8.039502631673745e-08,168.2662968099861,5.503874056906743e-05,0.5314494824729089,0.4203061142205222,0.000234682829978179,0.03039049896039955,0.004056974710677263,0.013562246805513744
torsionnet500,fragment_236,LMZLTBMBIZUPOS-UHFFFAOYSA-N,c1ccc(Nc2ncccn2)nc1,2-3,13,anomeric|biaryl,0,8.257497020356823,6.750029627670297e-08,0.09618012061947008,0.24150391409047883,0.24150487610884383,0.8487730414690574,2.6348045582942587,9.62018364997208e-07,0.0,0.00018484800838930224,0.0012650631959180859,0.9003251576060994,0.002229658578512323,0.08440145787365348,1.7665256206308072e-05,0.011760997489610292
torsionnet500,fragment_237,JKPBCTBNBAOXCB-UHFFFAOYSA-N,CN1CC=CN=C1COc1ccccc1,2-3,15,conjugated,1,4.802052977785934,0.000506390097930412,0.037991786917442226,0.2513675868607244,0.25315992333101184,0.36197965079729866,1.3597535143431745,0.0017923364702874256,145.29819694868237,0.008606237429186061,0.0007162771402090954,0.19012520086638834,0.7711667350759602,0.003216615615027833,0.01348156059074056,0.02129361071167384
torsionnet500,fragment_238,YYJKJUUOIFAFAP-UHFFFAOYSA-N,O=C(Nc1ccncn1)c1ccccc1,2-3,15,anomeric|conjugated,0,10.442019593494479,6.654195015632798e-07,0.07261017608896464,0.24810256494218344,0.24811428367734786,0.8343188118110976,2.9665558999425277,1.1718735164423233e-05,0.0,0.0008565826994545254,0.26991034851356266,0.6104060313988119,0.04707344399866068,0.06655791790950467,0.0014655223770288328,0.004586735802431129
torsionnet500,fragment_239,QFZDEYOZVDAMCJ-UHFFFAOYSA-N,COc1ccccc1C1=NC=CCN1,2-3,14,anomeric|conjugated,0,9.312202593078837,0.0034737271280997728,0.04790420709112271,0.3082332084482573,0.33603819410131525,0.5848495244772165,2.291722551557466,0.027804985653057945,5.492371705963933,0.03152936549160978,0.8484996694934425,0.00035702678423515786,0.10323909663119978,0.036735429450797344,0.00785393168187217,0.0033148459584532
torsionnet500,fragment_240,IYKVEGJCEUSHDD-UHFFFAOYSA-N,O=C1NCC=CN1[C@H]1CCCO1,2-3,12,anomeric|stereocentre_adjacent,0,8.760833495296538,0.15385818084422337,0.023657135148774686,0.17094716779034594,0.9670821191715963,0.41052739249060577,2.432678436182694,0.7961349513812503,0.4993065187239836,0.1803340789119461,0.7089615168621709,0.20489143781932392,0.062489910169730274,0.00324145836712813,0.01938094503083351,0.0010347317508130436
torsionnet500,fragment_241,AQCFVZICAWLHLZ-UHFFFAOYSA-N,CN1CN[C@](C)(c2ccccc2Cl)C1=O,2-3,15,biaryl|stereocentre_adjacent,0,5.944202894344926,0.18193325327479987,0.1204299614129375,0.31410404072563475,0.7531074355520834,0.6393662802996067,1.635186098232987,0.4390033948264486,104.35506241331484,0.3217182716947888,0.151153541179146,0.11734448269268348,0.6110720147152331,0.047327485804550894,0.05246938785105177,0.020633087757334835
torsionnet500,fragment_243,IJSSQNSMWDMZQL-UHFFFAOYSA-N,c1cnc2c(-c3cnccn3)cccc2c1,2-3,16,biaryl,0,10.449699845048599,3.619371720438725e-08,0.1303144039420269,0.21588949134565172,0.21589006240394285,0.966633795341891,2.6189983501176126,5.710582911266915e-07,0.0,8.979610524224835e-05,0.6778245279681961,0.13512682349365415,0.0567342445961228,0.12103064775369042,0.002775975729369461,0.006507780458967023
torsionnet500,fragment_244,PAPIULIUHITHDW-UHFFFAOYSA-N,c1ccc(-c2ncsn2)cc1,2-3,11,anomeric|biaryl,0,5.412681911722757,3.9423334187028424e-08,0.009824936321397566,0.02305553862518924,0.023058739235824192,0.1931692166477783,1.9350325784108962,3.200610634950668e-06,0.0,0.00012223974953241786,0.0003357639783283658,0.9896738513015704,0.0001654483987035803,0.009691915632534746,0.00011802381458843729,1.4996874274382745e-05
torsionnet500,fragment_247,IJJJNANXLBDKDV-UHFFFAOYSA-N,O=C(Nc1ccccn1)c1ccccc1F,2-3,16,anomeric|conjugated,0,14.936584252398461,3.5533072344119398e-06,0.05835510004379306,0.31467724559522725,0.31478167220453546,1.0855996902377214,4.312530304571447,0.0001044266093082058,0.4993065187239836,0.0011672281992557599,0.2091652203692327,0.7296262169145845,0.002853462672389535,0.051909751277529996,0.000125942102290559,0.00631940666397251
torsionnet500,fragment_250,ZAEVRNHDWFGONK-UHFFFAOYSA-N,C=CCN(CC)S(C)(=O)=O,2-3,10,plain,0,3.7423247603001073,0.034497743911304134,0.1261379691791482,0.2287443531132788,0.31316970062870925,0.4686251407376992,1.1741102291075136,0.08442534751543046,141.80305131761443,0.08092568121140165,0.01414721964089905,0.7371046366831073,0.12261017449684548,0.07220632871922199,0.039873218493603556,0.01405842196632266
torsionnet500,fragment_252,KTOLPSOHEGMRGT-UHFFFAOYSA-N,CNc1cccc(Cl)c1OC,2-3,11,biaryl,0,9.91595236910507,4.683670781684721e-06,0.0019736534760429517,0.1023283191785208,0.10252154324577799,0.1647741603048487,2.908868928794364,0.00019322406725719166,179.25104022191397,0.0012703461802931774,0.2106135793355219,0.7759946792534497,0.011418087934985425,3.6444129261163485e-05,0.00045596939986114053,0.0014812399469206477
torsionnet500,fragment_255,PRQXYGWRFIWWFJ-UHFFFAOYSA-N,CC(=O)NCC(=O)OCc1ccccc1,2-3,15,anomeric|conjugated,0,8.697672919079196,9.162515537783795e-06,0.0298153845853015,0.2455824228292232,0.24569823916166836,0.49544055721186936,2.504039301948731,0.00011581633244514555,55.92233009708741,0.0030478664652308957,0.6731953616217019,0.16639735931104008,0.13059189448195666,0.02217861988530908,0.0022946944284380198,0.0053420702715543935
torsionnet500,fragment_257,XMAFBPBDCBEPBR-UHFFFAOYSA-N,Cn1c(=O)n(Cc2ccccc2)c2cccnc21,2-3,18,biaryl,0,0.7724456153227948,2.2538933703149815e-06,0.9087910327023533,0.08070570900572592,0.08070647297387437,0.23713853152192782,0.24743657295755964,7.63968148451144e-07,97.86407766990294,0.0001633373172677976,0.0039902328789628684,0.0869025699779472,0.00031616444073668415,0.8946929527030136,0.0012308412495539319,0.01286723874978566
torsionnet500,fragment_260,ALLIZEAXNXSFGD-UHFFFAOYSA-N,Cc1ccccc1-c1ccccc1,2-3,13,biaryl,0,7.3183096152497455,2.7954150610871343e-07,0.300386129101542,0.27589468129134864,0.27589734384623243,1.2864084830088216,2.3090654006037683,2.6625548837921897e-06,0.0,0.0003213159810901175,0.002563701995450453,0.6968363483094085,0.0002138205935990084,0.2682415413220089,0.0003310417706547496,0.03181354600887828
torsionnet500,fragment_264,CBFXMNKGIBKKFD-UHFFFAOYSA-N,O=C(NC1=CCc2ccccc2O1)c1ccccc1,2-3,19,anomeric|amide|conjugated,0,6.275072394986637,1.5340668670051091e-06,0.009132364192816298,0.0819097663491699,0.08194050112344574,0.19154148094799262,1.8136763877349884,3.073477427584237e-05,0.0,0.0008565875148344908,0.9446716545544129,0.0031427826302979113,0.04305319862247283,0.007100991494180835,0.001768722663408737,0.0002626500352267247
torsionnet500,fragment_267,PMOCKTJDTMESSF-UHFFFAOYSA-N,CC(=O)NNc1ncncn1,2-3,11,anomeric|biaryl,0,11.367498565290589,3.559898392777861e-05,0.15479265998495048,0.27508823002668026,0.27606174777566106,1.5520104169110132,3.892024320863448,0.0009735177489808011,0.0,0.00470954501828522,0.0008560926641682868,0.8407288608010658,0.0036223865498153695,0.1538523395977791,0.00014132073885345645,0.0007989996483179207
torsionnet500,fragment_268,GGSLMAKDVXRYMB-UHFFFAOYSA-N,CN1C=C(c2ccccc2)NC1,2-3,12,biaryl,0,4.696845476690214,0.07147436375182556,0.010510348367561232,0.026124109832974585,0.4546587939152015,0.17601028720730744,1.6980237192818006,0.4285346840822269,12.9819694868238,0.15696051478352718,2.0370834169226542e-05,0.9894684409614914,8.398367781335538e-07,0.010301117126459107,6.53494515344141e-06,0.0002026962959486848
torsionnet500,fragment_270,GOYIJZBEFGZUSR-UHFFFAOYSA-N,c1ccc(Nc2cnccn2)nc1,2-3,13,anomeric|conjugated,0,4.608714877802413,4.115281036038678e-08,0.07758654735025008,0.028081082625890423,0.02808275077477016,0.42121757406216553,1.509111141054292,1.6681488797382071e-06,0.0,0.00013258228567626282,0.000678393935360332,0.8956002647408153,0.026134793973574183,0.0677209177939735,0.002550270267289707,0.007315359288986874
torsionnet500,fragment_271,FBSAITBEAPNWJG-UHFFFAOYSA-N,CC(=O)Oc1ccccc1OC(C)=O,2-3,14,gauche_effect|biaryl,0,8.10380252986215,2.8311523812413194e-08,0.09994695937759397,0.45301232166549277,0.4530124186878291,0.7180154158321649,1.8193753772339383,9.702233633168689e-08,0.0,0.00010115962647684899,0.29457182764401785,0.5069325285137743,0.09854868446461382,0.06075550717423324,0.018271483657225068,0.020919968546135658
torsionnet500,fragment_272,KOJMFUCCWRMSHV-UHFFFAOYSA-N,CC(C)[C@@H](N)C(=O)N1CCN(C)CC1,2-3,14,stereocentre_adjacent,0,10.75589834206039,0.3263477122565704,0.019701148581910653,0.1743955687850514,1.7135602614683323,0.45369302895422386,2.989087386120018,1.539164692683281,148.29403606102636,0.463090492801129,0.2686570233294584,0.5062266495821381,0.2054151785064926,0.008220687600081334,0.011102449747446487,0.0003780112343828322
torsionnet500,fragment_276,ABJCBMWSMZOAOH-UHFFFAOYSA-N,c1cnc(-c2cscn2)nc1,2-3,11,anomeric|biaryl,0,4.227233660058118,1.1675588063231091e-07,0.03240682971665601,0.18917574688870914,0.18917660708763517,0.3551363877532034,1.6802673452954215,8.601989260337284e-07,0.0,0.00029536581559726053,0.0005852016419438271,0.9662544813061628,0.0007534873352372628,0.008047876385038287,1.4566799722557136e-05,0.024344386531895166
torsionnet500,fragment_278,RQPSXXZUVYCRIR-UHFFFAOYSA-N,CC(=O)N1CCOc2ccccc21,2-3,13,anomeric|conjugated,0,13.274631773820147,0.05711476406054719,0.024395904868486216,0.22128878353275316,0.980201175989981,0.6621513399794954,4.0017203583781455,0.7589123924572279,8.488210818307834,0.2623643535267898,0.030767359173398474,0.9418134706134952,0.0030232653446201014,0.016350771201098947,0.003320452418424847,0.004724681248962424
torsionnet500,fragment_279,MEAAWTRWNWSLPF-UHFFFAOYSA-N,c1ccc(Oc2ccccn2)cc1,2-3,13,anomeric|conjugated,0,2.367452953418251,1.2635322646025297e-06,0.12352003028435421,0.04679199027259149,0.04680059384815433,0.28444159733801216,0.7996718405396569,8.603575562843302e-06,0.0,0.00028739965550213866,0.010949105496191052,0.8655294594609663,1.404758488370694e-06,0.1103150994239419,0.0018154478918026786,0.011389482968609633
torsionnet500,fragment_282,HJKGBRPNSJADMB-UHFFFAOYSA-N,c1ccc(-c2cccnc2)cc1,2-3,12,biaryl,0,2.269050181261264,3.1759589240867915e-11,0.9878725180378288,0.08767578421716221,0.08767578431513944,0.7362609157451311,0.7407027337787617,9.797722355653349e-11,79.3897364771151,1.4363895235161255e-06,0.0005933039518153105,0.011291079129730182,0.00024309888062571538,0.942649227560201,8.666961699518215e-05,0.04513662086063257
torsionnet500,fragment_284,KOOCSUZAHBSMLS-UHFFFAOYSA-N,Cc1cnc2ccccc2c1Nc1ccccc1,2-3,18,biaryl,0,4.451958023186307,0.005876261173631812,0.0316065069629124,0.07149811943247235,0.13799321612263887,0.282909404463709,1.5413279596055827,0.06649509669016652,1.4979195561720644,0.020880654139124495,0.002743091029485486,0.9655358586864241,0.00011454332117790559,0.02815677756410222,0.0009197538000368857,0.0025299755987732964
torsionnet500,fragment_285,WXGOLMICHIGDMF-UHFFFAOYSA-N,C/C=N/OCc1ccccc1,2-3,11,conjugated,1,5.1936049713985994,4.195024730400216e-06,0.0014204404167834919,0.035760717319960875,0.035888865820387944,0.06624041739000827,1.479868659787476,0.00012814850042706938,144.29958391123444,0.0015295303595788757,0.3423357185323491,0.31511480664514313,0.3411290344057242,0.0007674659749058603,0.0005886114614196118,6.436298045801987e-05
torsionnet500,fragment_290,WOJCTQPFHWKYKQ-UHFFFAOYSA-N,FC(F)(F)Oc1ccccc1-c1cccnc1,2-3,17,anomeric,1,7.583260587998666,3.459442820396787e-08,0.007198369771736635,0.09659133714240908,0.0965924670503975,0.23398574268487304,2.5137649600862604,1.1299079884230512e-06,159.77808599167827,0.0001349253168708863,0.6609225379089662,0.3298154927140998,0.0020635996051973048,0.004390039326986663,0.0009135596437903043,0.0018947708009596682
torsionnet500,fragment_291,UJQOJJIGSGICIS-UHFFFAOYSA-N,CNC(=O)COCC(=O)NC,2-3,11,plain,0,7.967198700411245,1.4863255387639635e-06,0.002353046490076005,0.041804562431511635,0.04192233041906928,0.13174913000387775,2.576002856201644,0.00011776798755764456,164.27184466019418,0.00048253146360914507,0.5723701336950054,0.3107672662187571,0.11450955359616126,0.00034455953662418934,0.0019964494300332937,1.203752341852199e-05
torsionnet500,fragment_292,QFRIIGBAHKSVIU-UHFFFAOYSA-N,Cc1ccccc1NCc1ccccc1,2-3,15,plain,0,6.36780135508161,0.014140506072704477,0.0641837070521996,0.21438188078037027,0.28737491671097226,0.4606508551647644,1.6235821755785342,0.072993035930602,0.49930651872409726,0.0957256557018024,0.31211978031611587,0.1799192356308117,0.4437772770008727,0.021441392129457046,0.028071461406283867,0.014670853516458686
torsionnet500,fragment_294,IJQJNFPRTHEPNY-UHFFFAOYSA-N,CC(=O)O[C@H](C)C(=O)c1ccccc1,2-3,14,biaryl,0,3.99559941876214,0.2650631873082985,0.024932581622624062,0.04717841516596198,0.740086673310888,0.23138125573956858,1.4353518782955277,0.692908258144926,14.97919556171982,0.21841958980255433,8.478436019097058e-06,0.9750229639548018,3.597598655468939e-05,0.024442688976589702,4.515224838859135e-05,0.00044474039764576793
torsionnet500,fragment_295,QMATYTFXDIWACW-UHFFFAOYSA-N,CC(=O)c1ccccc1F,2-3,10,biaryl,0,4.022187896887772,1.2700887709535373e-07,0.016106913439420542,0.02978712852340643,0.02979113846572919,0.176591604803722,1.3718238909711908,4.009942322760751e-06,0.0,0.0002621182165034167,0.6337078249038197,0.35018495582147385,3.0583528585409915e-07,0.015383778851457006,0.0006882821502714673,3.485243769207056e-05
torsionnet500,fragment_296,LFYRRNCQLJGEGP-UHFFFAOYSA-N,O=C(Nc1ccccc1)c1ccccc1F,2-3,16,anomeric|amide|conjugated,0,3.1031872224411927,5.593356164329048e-07,0.055990242145814655,0.03930773646772897,0.039315794798454144,0.2548857458553505,1.0650219965259975,8.0583307251747e-06,0.0,0.00040571467781808985,0.0006188273770321213,0.9428959299476227,0.0004950005295306144,0.05327369165179164,4.942329496366995e-05,0.0026671271990593537
torsionnet500,fragment_297,GXWWNLDAGLHLEG-UHFFFAOYSA-N,COC(=O)[C@]1(C)CCCN1C,2-3,11,plain,1,15.235315660189372,0.005083968223315432,0.002747847310157381,0.12033925414709776,0.3757766527388038,0.28805607934360616,4.994114806951743,0.255437398591706,2.995839112344015,0.0896403400374475,0.7165950245414832,0.2787979438603513,0.0018591842880080283,0.002516849010119919,0.0001572691974205481,7.372910261691385e-05
torsionnet500,fragment_298,CBGWXFVYCHLKTK-UHFFFAOYSA-N,c1ccc(Cc2nncs2)cc1,2-3,12,anomeric|biaryl,0,2.2898873110534623,7.4988047777797395e-06,0.008518648928969742,0.0326236157967124,0.03271585224502153,0.08894163650120575,0.8970784656592768,9.223644830912842e-05,132.81553398058253,0.0011465609313067123,0.7834910365873908,0.17434147533536268,0.033648839148276606,0.006114171064215657,0.0009214162900976882,0.0014830615746563964
torsionnet500,fragment_299,VPVBWJINLSISOL-UHFFFAOYSA-N,COCC(=O)Nc1ccccn1,2-3,12,anomeric|conjugated,0,17.835112027125433,0.0002931104304420601,0.04888761547893246,0.7033194595607776,0.7087234561104829,1.32942522923416,5.150544233815665,0.005403996549705359,0.0,0.0043866981816079965,0.3975622947587577,0.5459678115792447,0.007582278183065238,0.03637127364140467,0.010239468206141227,0.0022768736313865637
torsionnet500,fragment_300,CICBJOJFBMHBSM-UHFFFAOYSA-N,O=c1oc2ccccc2n1Cc1ccccc1,2-3,17,anomeric|amide|conjugated,0,5.70225917751668,6.130068835290515e-07,0.010292123555112146,0.05106009427950095,0.05108166354140478,0.19898898308762517,1.8964617863734892,2.1569261903831016e-05,0.0,0.00046040122198436143,0.4636944169877295,0.5205557785701445,0.005457680887013925,0.00500613495350629,0.004471294044948902,0.0008146945566569532
torsionnet500,fragment_302,PJRGDKFLFAYRBV-UHFFFAOYSA-N,c1ccc(-c2cccs2)cc1,2-3,11,biaryl,0,2.1898865459370427,6.6800638111682e-08,0.24101712715236184,0.0376606690857715,0.03766116574562515,0.3693121062715741,0.7492882679699958,4.966598536465527e-07,62.41331484049931,6.944625710108666e-05,0.0001700072322639872,0.7578168312465536,0.0009960343688204237,0.23623035256067573,0.0018690805401264457,0.0029176940515596803
torsionnet500,fragment_303,KLIIHYFTCJPUSE-UHFFFAOYSA-N,Cc1ccccc1Oc1ccccc1Cl,2-3,15,biaryl,0,5.086711083189584,3.761518777651395e-05,0.005573377395906528,0.07189845763330965,0.07251861278729788,0.13579206703770758,1.5447164388750736,0.0006201551539882222,0.0,0.0036721400798126903,0.4694960132834466,0.3654350423659312,0.1594955669547156,0.0011454775820410371,0.000354054228848163,0.004073845585017328
torsionnet500,fragment_305,CIJRZQRLCZQSJZ-UHFFFAOYSA-N,COC(=O)c1c(-c2ccccc2)ccnc1C,2-3,17,anomeric|conjugated,0,5.118705438100733,6.26527958262093e-07,0.12177710472041538,0.22479179419317,0.22479459628933082,0.5435010061176306,1.4357125436371947,2.8020961608254957e-06,117.83633841886268,0.0003295326919256214,0.2277978671925148,0.644972718081221,0.005452310005848749,0.12102553738002868,0.0007363762044900951,1.5191135896620077e-05
torsionnet500,fragment_310,BCGJBDXCTCRWQO-UHFFFAOYSA-N,c1cnc(-c2cnccn2)nc1,2-3,12,anomeric|biaryl,0,3.4158382180030458,1.7158911734315376e-05,0.012813186061741321,0.2016279246724318,0.20167089925437975,0.23150800737420382,1.0250452581854521,4.297458194796322e-05,0.0,0.0012797982494010675,6.270358750553994e-05,0.9858639592593045,0.0012601510914486847,0.005509976353152108,0.006387777053162026,0.0009154326554271869
torsionnet500,fragment_321,WONYVCKUEUULQN-UHFFFAOYSA-N,Cc1ccccc1Nc1ccccc1C,2-3,15,biaryl,0,6.133899700420443,0.0005870086920810737,0.03599133721603812,0.18049990387073914,0.1846005612142819,0.3526687919823424,1.6071890879471349,0.004100657343542757,144.29958391123444,0.018979867507424707,0.4713733520822613,0.31131193243857425,0.18132337826312647,0.03528289087796845,0.00035866514963299635,0.00034978118843667167
torsionnet500,fragment_323,VXSDIASFKMKUEH-UHFFFAOYSA-N,CC(=O)N(Cc1ccccc1)c1ccccn1,2-3,17,plain,0,0.7434792175190523,6.060152133633214e-05,0.8136467564920576,0.1677289450087179,0.16773068845283537,0.1896980955628928,0.19438063529437163,1.7434441174635218e-06,67.40638002773923,0.0003383896264892987,0.06084221918229649,0.09221767238446565,0.03329335194118023,0.34849172005537266,0.0063663133004638675,0.458788723136221
torsionnet500,fragment_325,QLPKTAFPRRIFQX-UHFFFAOYSA-N,c1ccc(-c2cccs2)nc1,2-3,11,biaryl,0,4.759245701483451,4.756495174396394e-10,0.015288396527704874,0.014708534864174061,0.014708577885146849,0.20222246392705764,1.631226474361654,4.3020972787660705e-08,0.4993065187239836,7.4770995430456e-06,0.005778324514212458,0.9787354265006247,0.0001978524574577474,0.014990395843295538,0.00025139490974741195,4.6605774661925114e-05
torsionnet500,fragment_327,KFBRWJHMSNYULV-UHFFFAOYSA-N,C/C=C\C[C@H]1C(=O)CC[C@@H]1C,2-3,11,conjugated,0,6.949129268701654,0.02590624498707974,0.0320545481986987,0.24460602687558256,0.418568733240123,0.4500887463784685,2.124407862213021,0.17396270636454045,0.9986130374479956,0.1624028689829788,0.5803007826470207,0.3785059118499893,0.009138757304291268,0.013972490268877653,0.014539174825142985,0.0035428831046780567
torsionnet500,fragment_329,DCWZWOLBUKFMHS-UHFFFAOYSA-N,COc1ccccc1-c1ccncn1,2-3,14,biaryl,0,8.42311828158563,8.363721344488247e-07,0.24239822546922568,0.15785942622752017,0.15787055663582011,1.0214742670064474,2.055879886045699,1.1130408299947492e-05,59.417475728155324,0.0010165610155037157,0.6018846571047421,0.019554113366614778,0.13616300405941734,0.20020181510842688,0.0018559289840315225,0.04034048137676726
torsionnet500,fragment_330,YWOZRSGSUVDXMO-UHFFFAOYSA-N,CN1CCc2nc(-c3cnccn3)ncc2C1,2-3,17,biaryl,0,3.109825852967333,0.0019637816308427473,0.07865917330156752,0.033847074887288324,0.05925191604356174,0.30964849631276614,1.0979702818905834,0.025404841156273415,0.9986130374479671,0.016388057765741443,0.04052560548663392,0.8787479900943475,0.002067231117451081,0.07677332219627643,0.0003355580761618058,0.0015502930291292844
torsionnet500,fragment_332,GPIIIOMWTNQGFI-UHFFFAOYSA-N,c1csc(-c2cscn2)n1,2-3,10,biaryl,0,6.234466769150458,1.7947517099707908e-07,0.007109667234853272,0.023556440315482936,0.023571513699345494,0.16939764928703874,1.9896327713781248,1.5073383862557188e-05,0.4993065187239836,0.00010438941975057054,0.5217672495288436,0.4554431388773207,0.015679944358982466,0.007064766775363432,2.7189702749907386e-05,1.7710756739933366e-05
torsionnet500,fragment_337,CMJDBBWLMFVKSK-UHFFFAOYSA-N,O=C(NC1CCCC1)N1CCCCC1,2-3,14,plain,0,7.227825368347112,2.2339872419479717e-05,0.07286338490214024,0.26364342786787553,0.2638029796918486,0.5865037354307949,1.9587089743131807,0.00015955182397309198,0.4993065187239836,0.0073086745801272225,0.08673841993462411,0.33773631272675325,0.5026618824364824,0.032381515348743464,0.03527863981611493,0.005203229737281834
torsionnet500,fragment_338,DBOLXXRVIFGDTI-UHFFFAOYSA-N,c1ccc(Cc2ccncc2)cc1,2-3,13,plain,0,0.5561549971462227,0.0013349528804906595,0.38824987424177426,0.07126617038484034,0.07153478174255475,0.12741534718933736,0.1838815753195663,0.0002686113577144017,117.33703190013875,0.0025932542870371602,0.005313062582921477,0.6064357594544797,1.3037208245050631e-06,0.2876513754136994,0.0017242936563444705,0.09887420517173041
torsionnet500,fragment_339,NGZBCWWJDDVXAQ-UHFFFAOYSA-N,COc1ccccc1OCCO,2-3,12,plain,0,6.546627348288894,0.019562601626269573,0.0035203590014652826,0.1921066941334541,0.3219489120360028,0.22117002758779153,1.8571024460467398,0.12984221790254868,128.32177531206662,0.0913820210317136,0.06359152469352762,0.2359567114253439,0.6969314048796632,0.0013494266395559533,0.000882278299104602,0.0012886540628047269
torsionnet500,fragment_340,ZIYDAXFMBQBHRN-UHFFFAOYSA-N,O=c1c2ccccc2n2cnnc2n1-c1ccccc1,2-3,20,biaryl,0,7.68088373541832,4.8000614438224055e-06,0.24037331244041155,0.24033765744206598,0.2403986518167256,1.2353681273069448,2.4832393883182746,6.0994374659617545e-05,0.0,0.0018497367515213773,0.0006045682938329509,0.7587469230844797,0.0002751961812760744,0.21194475935201965,2.9720367326693422e-05,0.028398832721065175
torsionnet500,fragment_341,HKHXJOJUZSYKAJ-UHFFFAOYSA-N,c1ccc(Oc2nccs2)cc1,2-3,12,anomeric|conjugated,0,0.8463598795933649,4.262411369269449e-06,0.07499032244192592,0.014425783385118454,0.014439660062136187,0.08517777974235208,0.30689125365432296,1.3876677017733013e-05,0.0,0.0002539079925206942,0.006838826798856335,0.9170298417036086,0.001141009055609392,0.07129148863957967,0.003681676645473347,1.715715687291256e-05
torsionnet500,fragment_342,PGOHIRZWBFOSRW-UHFFFAOYSA-N,c1csc(-c2ncc3ccccc3n2)c1,2-3,15,biaryl,0,7.65611847024411,4.4080969316812844e-08,0.0020616143316494074,0.021599143317516882,0.02160636110592511,0.12268370165743708,2.6598697140048007,7.2177884082279264e-06,0.0,0.00022369116406816252,0.0007670387465403803,0.9969394747925114,0.00023187212929870498,0.002057431828866252,1.4602902412744754e-06,2.722212541880956e-06
torsionnet500,fragment_343,NLWCWEGVNJVLAX-UHFFFAOYSA-N,COc1ccccc1-c1ccccc1,2-3,14,biaryl,0,5.960972968954593,0.03793616571560068,0.38362927401177355,0.3403884830102887,0.45158857769250793,1.0032201820886468,1.5611985786482867,0.11120009468221925,0.9986130374479671,0.14653325172982604,0.016948001322383683,0.5812007912079478,0.01822193345789495,0.2782328435796975,0.00012187365420653336,0.10527455677786954
torsionnet500,fragment_344,DTOPYCSKXOWGEY-UHFFFAOYSA-N,CN(C)C(=O)c1ccccc1Oc1ccccc1,2-3,18,conjugated,1,4.05741235561436,0.0002968058785844585,0.1448955567400144,0.12542248159287228,0.12646509766203354,0.379392130685332,0.9489775625289857,0.0010426160691612563,111.34535367545072,0.005689919841129628,0.0010616563298271229,0.4914330655935152,0.3626097213366434,0.12422366785350158,0.020485739332581007,0.00018614955393181641
torsionnet500,fragment_345,IBGKVOSPAXQRCR-UHFFFAOYSA-N,CC(C)=C[C@@H]1[C@@H](C)C1(C)C,2-3,10,stereocentre_adjacent,0,10.98674112765002,0.1762843096194799,0.013021057818799923,0.11630938907589086,1.412374674020131,0.3998407808546639,3.354491452836484,1.2960652849442402,98.36338418862692,0.26534161759740305,0.7253029428142368,0.23141898051466567,0.030257018852297517,0.009356153861621076,0.0023316015663892393,0.0013333023907896083
torsionnet500,fragment_346,VGKONPUVOVVNSU-UHFFFAOYSA-N,CC(=O)Oc1cccc2ccccc12,2-3,14,biaryl,0,12.040845017996617,4.965262973279196e-07,0.018779958212209413,0.10519800444615417,0.10522793372131438,0.49926942157824206,3.563001333986564,2.9929275160212043e-05,0.0,0.0006247578562276224,0.5012221894755041,0.4028281133032736,0.07716973900901293,0.017182750292304014,0.00100483599911965,0.0005923719207857449
torsionnet500,fragment_348,YXGBCQGWEUFUID-UHFFFAOYSA-N,c1csc(-c2cscn2)c1,2-3,10,biaryl,0,3.7212025929475203,1.4298120629717217e-07,0.014461842715879544,0.020820062549928905,0.020825479729405825,0.15248586771426975,1.2562932970976683,5.417179476920053e-06,0.0,0.0001774639939205875,0.001393560977098783,0.9799892387785503,0.004155357528471549,0.014282027500724454,0.00015999812696289642,1.981708819219297e-05
torsionnet500,fragment_349,PXGNKVXABBVFHH-UHFFFAOYSA-N,c1ccc(-c2cscn2)nc1,2-3,11,biaryl,0,6.982512339774985,4.264082490661096e-07,0.008649104019254904,0.02735189340761223,0.027391875562652563,0.21247209013438165,2.265788112462257,3.9982155040332173e-05,0.0,0.0004440705777005491,0.5697911392255618,0.38854906959993263,0.03301068715525063,0.008446196762686427,9.256057223389186e-05,0.00011034668433458468
torsionnet500,fragment_352,AVSXJUAELWJJMS-UHFFFAOYSA-N,C=C(Nc1ccccc1)c1ccccc1,2-3,15,biaryl,0,1.9020245165447704,4.475065980916845e-05,0.369317862902307,0.40546878672741904,0.4054744797261136,0.4500062118655656,0.5172715660630955,5.69299869457307e-06,100.36061026352286,0.0008127569805926861,0.16668083981240583,0.11169847850550654,0.3523028187797804,0.15525212347313655,0.1620917246140386,0.05197401481513191
torsionnet500,fragment_355,JTMODJXOTWYBOZ-UHFFFAOYSA-N,Cc1ccccc1Nc1ccccc1,2-3,14,biaryl,0,0.9397301148856059,4.3432747620554605e-06,0.872972731356596,0.08724380929287313,0.08724545134509408,0.255343722074825,0.27125679458401575,1.6420522209459332e-06,95.86685159500695,0.0002433837383631834,1.3407536767071882e-05,0.12623744892120284,0.0007764121854340002,0.8131285961355466,6.859515890004461e-05,0.059775540062149427
torsionnet500,fragment_356,GWBRCFVJUQRLPD-UHFFFAOYSA-N,CNC(=O)CN1C(=O)CCOc2ccccc21,2-3,17,anomeric|conjugated,0,4.656170919304714,0.4523905236119055,0.06147025638833625,0.0829032184535409,0.8951332580886641,0.33884176522211173,1.3277263013448002,0.8122300396351232,159.27877947295423,0.29978713030104454,0.7481677223755354,0.186288833840829,0.004073187395299424,0.05595842217420607,0.005291640642635843,0.00022019357149434624
torsionnet500,fragment_358,WVUVUDNACHETGH-UHFFFAOYSA-N,Cc1cc2ccccc2nc1C1=NCCN1,2-3,16,biaryl,0,11.163486266334075,8.754359499573627e-07,0.018600156145698998,0.25263491077635986,0.25265508859992053,0.5295741023701763,3.4220163759153603,2.0177823560674213e-05,0.0,0.0006756892437501819,0.9728752825702922,0.002895141419796357,0.0056294198642125315,0.014809303462165095,0.0006960155521341254,0.0030948371313997782
torsionnet500,fragment_359,AASBXERNXVFUEJ-UHFFFAOYSA-N,CCC(=O)ON1C(=O)CCC1=O,2-3,12,conjugated,1,14.24847081687767,3.873333390478199e-07,0.008466252849736955,0.04731535265683574,0.04739744186799937,0.41494684561765716,4.480527465772497,8.208921116363566e-05,0.0,0.0016359027387160582,0.17510810868160614,0.8161235442715808,0.00030209419707631657,0.008020436524678464,0.00038341742084520183,6.239890421328824e-05
torsionnet500,fragment_360,PWGKSBZHKRWSHW-UHFFFAOYSA-N,c1cnc(-c2ncc3c(n2)CCCC3)cn1,2-3,16,biaryl,0,3.398303867026698,0.0033535483942195503,0.10050323095701033,0.04445260623624219,0.07814060017947883,0.3546075193891714,1.110622930832538,0.033687993943236634,49.93065187239944,0.02081337166875609,0.01591544496229576,0.880202284615786,0.003379039464907862,0.09941257665987323,0.0008908635415730686,0.0001997907555640325
torsionnet500,fragment_361,KWLMNTMQLZGMDL-UHFFFAOYSA-N,CNc1ccccc1Oc1ccccc1,2-3,15,conjugated,1,7.982231767266057,6.331706403332396e-08,0.017303094719341966,0.0639419792847809,0.06394462736091021,0.3108613312639725,2.313573553036643,2.648076129305177e-06,0.0,0.00023620572464867195,0.4332358752262176,0.4578922899395816,0.0915687401148589,0.015639986452746855,0.0008483683572858477,0.0008147399093092631
torsionnet500,fragment_363,ODFSFLZUSACZML-UHFFFAOYSA-N,CNc1ccccc1OC(F)F,2-3,12,anomeric,0,3.9829904115758836,0.5287659730997329,0.03881382438270371,0.23844983061196376,1.0287442860224014,0.3610675516498665,1.3967135147825036,0.7902944554104376,93.37031900138697,0.33418536487359635,0.301601093056734,0.3768526640209745,0.2827324185395878,0.02733053190365442,0.005554228648735797,0.005929063830313495
torsionnet500,fragment_364,QWEJWXUAXUMVFU-UHFFFAOYSA-N,CCOCCNC,2-3,7,gauche_effect,0,8.3587286308466,0.029621239925200642,0.00571435411248437,0.09693944546706694,0.4148421041877852,0.20194985143484798,2.3456271300027813,0.31790265872071827,0.49930651872409726,0.11955446002579795,0.6984887033778592,0.11782526524437449,0.17797167726528199,0.00417206235473061,0.001211934483776571,0.00033035727397718825
torsionnet500,fragment_366,RHISQWTXRCBOBJ-UHFFFAOYSA-N,COc1cc2cncnc2c(OC)c1OC,2-3,16,plain,1,3.779921138251666,2.123234760865288e-06,0.003590543956924848,0.0335818273835481,0.033625090649993195,0.07774757895829242,1.170702070603935,4.326326644509687e-05,168.76560332871014,0.0008133761720441792,0.5028815961409822,0.48095169043222386,0.01257616946986939,0.00039133077337328307,0.00010731330877327822,0.0030918998747782866
torsionnet500,fragment_367,IBGKVOSPAXQRCR-UHFFFAOYSA-N,CC(C)=C[C@H]1[C@@H](C)C1(C)C,2-3,10,stereocentre_adjacent,0,11.629763747856487,0.4520545175813881,0.004043924210344825,0.06862426561210504,2.814798560139966,0.27485343029887727,4.185826085960112,2.746174294527861,70.40221914008322,0.4233599168931375,0.8349092464027319,0.16097466917285688,7.21602140662844e-05,0.0033813597826969884,0.0002961016699920941,0.00036646275765574214
torsionnet500,fragment_369,WESZEIYOWWULAD-UHFFFAOYSA-N,O=C(CN1CCCCC1)N1CCCCC1,2-3,15,plain,0,7.715933127037715,0.26302038972287933,0.017366222008624626,0.2811732929542788,1.2677931331684817,0.4242196139200517,2.4268107198549553,0.986619840214203,111.34535367545078,0.4122893756840028,0.28533647753354097,0.023497727069495634,0.6737995733883388,0.001657088099036613,0.010532380317996077,0.005176753591591937
torsionnet500,fragment_373,IDPWXVBDDIYDKT-UHFFFAOYSA-N,c1ccc(Oc2ccc3ccccc3n2)cc1,2-3,17,anomeric|conjugated,0,2.336393979669083,1.0016451175238988e-05,0.0811779551195701,0.025728612728326127,0.025859052110465085,0.234941275129472,0.8200384640201697,0.00013043938213895892,173.75866851595003,0.0011160694791250932,0.005539925430025371,0.9131345801326175,0.0001475393177871985,0.07697482208910646,0.001365539833955978,0.0028375931965076676
torsionnet500,fragment_374,FMBDGKGJYMSJKF-UHFFFAOYSA-N,c1ccc(COc2ccccn2)cc1,2-3,14,plain,0,8.638808789197356,7.089670353870474e-06,0.003540394155914271,0.10683163368225673,0.10701656192895528,0.1765262349688595,2.3642055955134906,0.00018492824669855135,0.0,0.002244406013188159,0.38783413374937814,0.3452166338212144,0.26340883827349315,0.0013194000948069634,0.0015291089473766322,0.000691885113730676
torsionnet500,fragment_375,FJKTYHBAFCZUAL-UHFFFAOYSA-N,C/C=C/CC(=O)NC,2-3,8,plain,0,3.7729529661592096,0.03632716633374053,0.08076386914556938,0.34091748930405036,0.39611235008421475,0.45460593643461333,1.111780092470265,0.05519486078016439,126.32454923717057,0.06935187756055129,0.09161747743496365,0.18191958462234684,0.64569906879712,0.04565730986647203,0.03239607711761264,0.002710482161484707
torsionnet500,fragment_378,FBFXMVYPPAXMLL-UHFFFAOYSA-N,CC1=CCC=C(CO)O1,2-3,9,plain,0,3.726565502991434,5.366025403719823e-08,0.029119690687826858,0.03944396231174336,0.039444721417133344,0.18453560887178386,1.057144967241532,7.591053899844158e-07,116.83772538141477,8.906610962752359e-05,0.0007340521920462203,0.03695975855208275,0.933186498568044,0.013982386407783449,0.0003956100071383489,0.014741694272905056
torsionnet500,fragment_380,RIXFVGNLBGNYAV-UHFFFAOYSA-N,CC(=O)NCC1=CCN=CN1,2-3,11,conjugated,0,6.653374070476275,1.7830509666728147e-05,0.023001298763705384,0.40092031965523695,0.4010363227286278,0.5298535343651215,2.3190875484578295,0.00011600307339088012,0.0,0.004598980619034594,0.09681827895158254,0.39319768237864616,0.4869827399060659,0.015641365640577897,0.0032091066935802316,0.004150826429547256
torsionnet500,fragment_381,UEEUTJLOMODYLL-UHFFFAOYSA-N,CNC(=S)N1CCCCC1,2-3,10,anomeric|conjugated,0,11.277864625677466,0.08070268655922051,0.026132492351111317,0.3167742834597037,0.9212550505499424,0.5853848589485787,3.0616100894784837,0.6044807670902387,10.984743411927866,0.06919483570254542,0.24054225694969827,0.5771150537494881,0.15621019694970206,0.0023930298273259435,0.016798570117917293,0.0069408924058680845
torsionnet500,fragment_382,DLQNTMJEYRCKPO-UHFFFAOYSA-N,Clc1ccccc1Oc1ccccn1,2-3,14,anomeric|biaryl,0,3.757002902100794,2.7038463604911464e-06,0.020516393229050738,0.1491878854591834,0.14919669000634977,0.20540542784519344,0.9969393519760675,8.804547166368915e-06,0.0,0.0006183646677080344,0.4450524735146391,0.5344198363405243,1.1296915785909426e-05,0.012099776809377181,0.0005869291852166275,0.007829687234456926
torsionnet500,fragment_387,BCINBJDCXBFCDT-UHFFFAOYSA-N,C=CCc1ccccc1OC,2-3,11,conjugated,0,2.7784305005334318,1.411891142640455e-07,0.019552583358043763,0.07910705792499191,0.07910773933859208,0.14556085226448434,0.8774062261000775,6.814136001703774e-07,120.83217753120664,0.00010313702340761723,0.033642495924752776,0.000948290343741205,0.9458566303734622,0.012399048445205908,0.00322365638589497,0.003929878526942884
torsionnet500,fragment_392,XWSSUYOEOWLFEI-UHFFFAOYSA-N,c1ccc(-c2cccnn2)cc1,2-3,12,biaryl,0,3.32535685953917,2.221940148050333e-09,0.17897619727451622,0.04120507448316771,0.04120511122753358,0.4955912081423826,1.1681268559281435,3.674436586942331e-08,57.42024965325936,3.044040122469748e-05,7.16076433685725e-05,0.8208315910247838,0.00012060405733142613,0.17832597563256283,8.935368790228931e-05,0.0005608679540510705
torsionnet500,fragment_394,DYNQWIYKCWSUHA-UHFFFAOYSA-N,CNC(=O)NC(=O)c1ccccc1Cl,2-3,14,anomeric|amide|conjugated,0,13.560617393115535,4.910175843452636e-06,0.06025611654111224,0.2197722546011768,0.21995937588980952,1.028616783410207,4.0995095542796784,0.00018712128863271338,0.0,0.002796462170038536,0.3213007906183263,0.6184329332341384,1.015960642294539e-05,0.05447433660157379,0.002170733311603072,0.003611046627935372
torsionnet500,fragment_397,VNZFCHDSOXTMKC-UHFFFAOYSA-N,Clc1cncnc1N1CCCCC1,2-3,13,anomeric|biaryl,0,8.52984017576091,0.2938981748430369,0.20478163834698676,0.5081381225134642,1.34734378630808,1.1589556337385862,2.357202377474753,0.8392056637946157,137.80859916782248,0.2387151870694802,0.13850965563189727,0.38269382694897913,0.27401487907213673,0.13166375950055273,0.051319832095529774,0.02179804675090428
torsionnet500,fragment_401,NEADPOLVRJWNSH-UHFFFAOYSA-N,COc1cc2c(cc1OC)NCC=C2,2-3,14,gauche_effect|biaryl,0,5.284986599581316,2.0260008946216824e-05,0.06700666235043064,0.3726486012129784,0.37268284551316544,0.47252650048137185,1.182648231021963,3.4244300187058485e-05,0.0,0.002394257957862509,0.27760714982950946,0.3134520639699031,0.34193412385015676,0.015958607240682886,0.00024572359917619536,0.05080233151057155
torsionnet500,fragment_403,CKZBRKLFMRHHMA-UHFFFAOYSA-N,COc1cccc(OC)c1-c1ccccc1,2-3,16,biaryl,0,10.482923427014612,0.0012507142106709284,0.3138481000956411,0.7275927367094609,0.7328748663018645,1.5700954495788984,2.5879278036673523,0.005282129592403595,0.0,0.024816237952919058,0.00038507644204293864,0.6850566483129591,0.0007101751493568249,0.2045090528887662,0.0002240198980650858,0.10911502730880987
torsionnet500,fragment_405,BAKKMCQCMLRMRI-UHFFFAOYSA-N,Cn1ccc(=O)n1-c1ccccc1,2-3,13,biaryl,0,5.198989040392917,0.05170848709394694,0.2042181232850419,0.4282236754243612,0.573701511392394,0.8712253198396841,1.7326900096456157,0.14547783596803282,130.31900138696255,0.07243245869920047,0.018845633244335407,0.7669216311572895,0.010014612313333227,0.0176111850758761,0.010976070672649342,0.17563086753651647
torsionnet500,fragment_411,UUTYBKYADBUNKX-UHFFFAOYSA-N,CN(CCO)c1ncccn1,2-3,11,plain,0,4.004559822322335,0.0003829614070566974,0.04846761034824359,0.14908913851418445,0.15096558206140503,0.3057538169562328,1.2216558167524008,0.0018764435472205798,0.4993065187239836,0.008888168575440756,0.0005653640890912284,0.712077178687359,0.23888984687530612,0.03610276383885644,0.011171786445042317,0.0011930600643448384
torsionnet500,fragment_412,PNVITRDQPMVZAX-UHFFFAOYSA-N,CNC(=O)[C@H]1CC=NO1,2-3,9,stereocentre_adjacent,0,10.239576738909818,0.13971083129337367,0.0014317732289591686,0.056857965682670805,1.2506687996105146,0.13867055659732588,3.3430343290404547,1.1938108339278437,11.983356449375862,0.18085500967673954,0.9462895987109462,0.05036031467389278,0.001918313386201954,0.0008256708337747237,0.0003357626833367077,0.0002703397118477373
torsionnet500,fragment_415,JJQPALVTXOQWGU-UHFFFAOYSA-N,Cc1scnc1-c1ccccc1,2-3,12,biaryl,0,2.7469865430612117,4.513632777317215e-08,0.5884233946927668,0.16127801975601064,0.16127809820460048,0.5965644916775112,0.7659144467149318,7.844858984640268e-08,75.89459084604721,5.720175789815247e-05,0.0004346049637001866,0.41113848695683197,3.5133867011275285e-06,0.5866617960547209,0.0009797960981271614,0.0007818025399188225
torsionnet500,fragment_417,HUDSSSKDWYXKGP-UHFFFAOYSA-N,c1ccc(Nc2ccccn2)cc1,2-3,13,anomeric|biaryl,0,5.060240789607633,1.8872087006684995e-07,0.08520666603890137,0.24679557387254994,0.2467964238670578,0.5003331956777987,1.5113024816325056,8.499945078621618e-07,0.0,0.00016107482516624632,0.11741169167759613,0.7353737168236453,0.06200792545985729,0.06071489049329781,0.022983631077793183,0.0015081444678103771
torsionnet500,fragment_419,SLWKMKKDRIQHNC-UHFFFAOYSA-N,Cc1cccnc1Oc1c(C)cccc1C,2-3,16,anomeric|biaryl,0,7.89035370759666,1.1382583777816935e-06,0.06736384711573877,0.049709482430843235,0.049782972293545114,0.6596875658909717,2.5349644888109926,7.348986270187818e-05,0.0,0.001077545968694845,0.493237991523302,0.3771847464579602,0.06221341490299908,0.06684002489263431,0.00034879144448487354,0.00017503077861958426
torsionnet500,fragment_429,ROYIWLBHKRZKKJ-UHFFFAOYSA-N,O=C(N1CCCC1)C1(c2ccccc2)CC1,2-3,16,biaryl,0,3.1959454878233373,0.1597647618230245,0.5020217954364228,0.19355713010731762,0.3956765736120261,0.6416332285163618,0.8848207553525085,0.20211944350470845,175.75589459084608,0.15356076239447602,0.0010987683031172726,0.49552246090233515,0.0013569753581247404,0.48495463054404014,0.0007413887794980903,0.016325776112884584
torsionnet500,fragment_430,JWSWULLEVAMIJK-UHFFFAOYSA-N,c1ccc(COc2cccc3ccccc23)cc1,2-3,18,conjugated,0,5.635223432211205,3.956148785322612e-06,0.0205831918232432,0.5476083709610572,0.5476167688255129,0.5896848993638198,1.620108066340577,8.397864455722548e-06,0.0,0.0016460956973977459,0.10019474112272615,0.48281590791472356,0.39640615913930705,0.0018863645297482398,0.01573722822812347,0.0029595990653714897
torsionnet500,fragment_431,JLTDJTHDQAWBAV-UHFFFAOYSA-N,CN(C)c1ccccc1,2-3,9,biaryl,0,2.816964500641916,0.3374135847562859,0.2978983067905873,0.2175927198120009,0.5956530971542698,0.5646199900622438,0.9790611344402198,0.37806037734226894,54.92371705963944,0.14792593876555726,0.001202481271828443,0.6975415864669446,0.0033576254706397532,0.21358345510981216,0.001901283901039985,0.08241356777973513
torsionnet500,fragment_432,UMHSMNVGQHTWCS-UHFFFAOYSA-N,CN1CC[C@H](Oc2c(F)cccc2F)C1,2-3,15,gauche_effect|biaryl,0,1.742629710584879,0.2559446990128811,0.484176775717548,0.22162253924426056,0.3094062668958061,0.37054092109726544,0.4808829645026564,0.08778372765154552,2.9958391123439867,0.09546561437790788,0.024250498177186712,0.46452563632090266,0.027047089784362585,0.1507579683579149,0.022321108393688536,0.3110976989659446
torsionnet500,fragment_437,UFRQQHUEVYRZNH-UHFFFAOYSA-N,Cc1cnc2ccccc2c1N1CCOCC1,2-3,17,plain,0,7.2742507412913255,0.2967631253291456,0.18256808231515198,0.1546652796519567,1.2077056166881701,0.9521049252063195,2.2041293228114602,1.0530403370362134,134.31345353675454,0.33817103219828787,0.05746457276561848,0.7549258101082292,0.0050415348110003574,0.15486768852459404,0.005399455536549731,0.022300938254008206
torsionnet500,fragment_438,BUYZUIAWASPMRB-UHFFFAOYSA-N,Cc1cc2c(ncn3ncnc23)n1-c1ccccn1,2-3,19,anomeric|conjugated,0,10.538820985762868,8.00047738292683e-08,0.13968669888493415,0.33905128271249213,0.33905201712768634,0.9922045862090362,2.5178763677462324,7.344151942145771e-07,0.0,0.00029166513980229656,0.6084245826769512,0.2390781320983945,0.012810586339720183,0.11973235679951669,0.0073591704210562315,0.01259517166436123
torsionnet500,fragment_442,RYPKRALMXUUNKS-UHFFFAOYSA-N,C/C=C/CCC,2-3,6,conjugated,0,2.118426915461896,3.034766424124059e-09,0.01294846830479039,0.008998272049222043,0.00899836195339923,0.08357265511517925,0.7302236895894767,8.990417718623966e-08,0.0,2.231091384916325e-05,0.03940002433952403,0.054581991206448424,0.893069516149237,0.007821544494462445,0.004646671226262117,0.0004802525840658289
torsionnet500,fragment_443,OBXUKZGSGNXPSH-UHFFFAOYSA-N,c1ccc(Oc2ncncn2)cc1,2-3,13,anomeric|biaryl,0,4.876905817480292,7.706324007301173e-06,0.0023407024876672734,0.027978515386969317,0.02840078815413622,0.08952105875074312,1.7578741240241385,0.00042227276716690423,0.0,0.001056719323589153,0.0005414215551167665,0.9963446594354152,0.0007732165218009663,0.00211861458773815,1.0205232659782707e-05,0.00021188266726934065
torsionnet500,fragment_445,ZXDIEJQSXNIJPA-UHFFFAOYSA-N,FC(F)(F)COc1ccncn1,2-3,12,plain,0,8.82607082038885,1.5422490277423175e-05,0.003182065190833608,0.12813308183415223,0.1285894796172404,0.20147665976126405,2.7592769558177577,0.0004563977830881749,0.0,0.0012794696781388013,0.41631734973744444,0.5796255616900212,0.0008750233817007742,0.00223699973070744,0.00025090688933525953,0.0006941585707909085
torsionnet500,fragment_446,FZDRCQRAUODFQZ-UHFFFAOYSA-N,O=C(N1CCCCC1)C1(c2ccccc2)CC1,2-3,17,biaryl,0,3.483195189095568,0.08471900831089868,0.4403458835850925,0.2321301946130222,0.35333233863735086,0.6501624731717185,0.9441762349787426,0.12120214402432866,84.88210818307904,0.11990354804854123,0.00015628862390380634,0.5577012626293544,0.0017965651616493419,0.4218925018646945,0.000588075659693496,0.01786530606070449
torsionnet500,fragment_450,KLECYOQFQXJYBC-UHFFFAOYSA-N,Fc1ccccc1-c1ccccc1,2-3,13,biaryl,0,3.4541880465694703,3.076482805157932e-07,0.7952835979329839,0.08235355892174095,0.0823553718315092,0.8824294904036187,0.9886247445601746,1.812909768250659e-06,87.37864077669904,0.00018641301803244952,9.32474287632553e-05,0.20461600049061848,7.154147634478624e-06,0.7559980521433277,5.062511295559233e-05,0.039234920676700556
torsionnet500,fragment_451,BEARMXYKACECDH-UHFFFAOYSA-N,CS(=O)(=O)Cc1ccccc1,2-3,11,plain,0,4.536542732268572,3.031073343525349e-07,0.17366463108183108,0.23699195437132708,0.23699377978085734,0.7428928853390991,1.7060654197504408,1.8254095302538964e-06,119.83356449375867,0.0003555310460008702,0.0006189411984986801,0.8256875168841957,2.891083547455965e-05,0.1726276991436524,0.000648045866069682,0.00038888607210900655
torsionnet500,fragment_453,BOTNYLSAWDQNEX-UHFFFAOYSA-N,c1ccc(COc2ccccc2)cc1,2-3,14,conjugated,1,5.8595305233611725,1.4163512279706772e-07,0.005046373154829383,0.05034511263119924,0.0503488092022043,0.1256848509735495,1.6219034632179772,3.6965710050601563e-06,150.29126213592235,0.00033201150815326556,0.20207600963687325,0.32058538269454023,0.472292234513757,0.002934589703816693,8.129027704937411e-05,0.002030493173963316
torsionnet500,fragment_454,FMPQINQOBNERLC-UHFFFAOYSA-N,c1cnc(N2CCCCC2)cn1,2-3,12,plain,0,6.7857705236529,0.24363260117522664,0.2532033632179628,0.4450189526046415,0.9915198519633466,1.0069518216812008,1.8494304090527116,0.546500899358705,69.9029126213592,0.16764583177096143,0.0348016608322657,0.6519095254798499,0.06008545046992139,0.19360539153433795,0.035931743194819295,0.023666228488805563
torsionnet500,fragment_457,CWIYMXAWXKJCBB-UHFFFAOYSA-N,CC(=O)NOCCO,2-3,8,plain,0,6.544598609558307,4.7353361265385395e-06,0.03288529874703257,0.29108190919970284,0.2911232682483034,0.5019484867413074,2.2737161826269663,4.135904860058659e-05,142.30235783633844,0.0015482347261040143,0.018818590840976195,0.6267250089006877,0.32157110151130364,0.023925149490204446,0.0016250720865378708,0.007335077170290254
torsionnet500,fragment_458,XRXZTEYDLMJRLP-UHFFFAOYSA-N,c1ccc(-c2csc3ncncc23)cc1,2-3,15,biaryl,0,4.13572520238813,5.723608640569623e-09,0.7562661667399153,0.26092059528204586,0.26092060753137936,0.9553472044771079,1.0885282102768503,1.2249333491975989e-08,0.0,3.653278613556078e-05,0.0032851094239652007,0.2402413952048699,0.00020732863124953973,0.6835519555497493,2.530107149836478e-05,0.07268891011866756
torsionnet500,fragment_466,AMNSYLBRSSWYMT-UHFFFAOYSA-N,CNc1ccccc1OCc1ccccc1,2-3,16,plain,0,3.534457376168575,0.012998978989249538,0.0214769279381172,0.19005649190790094,0.21700773240732027,0.23291109931379497,0.9381375425230493,0.026951240499419327,1.4979195561719791,0.05564519546846223,0.055946497218960785,0.26442430145501067,0.6581522733879114,0.004679529843098241,0.012911363856090072,0.0038860342389288806
torsionnet500,fragment_469,ZMJRUUBDMPKHJS-UHFFFAOYSA-N,c1ccc(-c2nncs2)cc1,2-3,11,anomeric|biaryl,0,3.5314110568724573,1.8236742033336683e-08,0.04289697903219199,0.015595236335981522,0.015596197958665655,0.2660767998881196,1.2825623979308893,9.616226841323988e-07,0.0,5.917713346960582e-05,8.079673119886247e-08,0.9570998281859529,3.111985123988067e-06,0.042891014950069035,5.555217466186349e-06,4.0886465676239755e-07
torsionnet500,fragment_472,PWQPKLJBNZZRCC-UHFFFAOYSA-N,CN1CCc2nc(-c3ccccn3)ncc2C1,2-3,17,biaryl,0,3.3853841353557073,0.004508251296571277,0.06297044595102246,0.08182447040721412,0.11359174535574845,0.30562272396254136,1.1763037454581282,0.03176727494853433,43.43966712898748,0.029648520150768104,0.029115405159888235,0.9004039256555869,0.00751022323350252,0.060236430327154505,0.00013738510040102683,0.0025966305234669277
torsionnet500,fragment_473,VFYVWDNXJBRZGV-UHFFFAOYSA-N,Cc1ccccc1Oc1cccnc1,2-3,14,biaryl,0,6.299810811411589,0.00312474255501049,0.013064734650470347,0.025539384080605836,0.10768782953807825,0.2154332462843554,1.8716707834639061,0.08214844545747241,0.9986130374479671,0.05327756373400681,0.4758440435850096,0.40352698086640015,0.1075642408981199,0.012882591696431567,6.998430998511634e-05,0.00011215864405366258
torsionnet500,fragment_475,PHOZLFWBYCPFME-UHFFFAOYSA-N,CCOc1ncncn1,2-3,9,anomeric|biaryl,0,7.75421693600947,7.247439762135302e-08,0.000876514200041369,0.020667476704737172,0.02068093532891498,0.08460162886411765,2.771082928042078,1.3458624177807577e-05,0.0,0.00011847757421466504,0.0005909790207607699,0.9979693288637572,0.0005631779154406031,0.0008304615660817687,1.091992130548534e-05,3.5132712654114915e-05
torsionnet500,fragment_476,BSPZCZDUQKQRQL-UHFFFAOYSA-N,c1ccc2c(-c3cscn3)cccc2c1,2-3,15,biaryl,0,3.4390059682773426,5.657041756238242e-07,0.7155807675522882,0.20513143255553096,0.20513247143764257,0.7623749404476751,0.891910416842388,1.0388821116147362e-06,93.37031900138697,0.00028308804918602713,0.0004476155238145858,0.22969643878762838,0.05427517813626867,0.65217233625406,0.009275594972884455,0.054132836325343825
torsionnet500,fragment_479,ZUPVXZCJNODNIH-UHFFFAOYSA-N,Cc1cccnc1Oc1ccccc1,2-3,14,conjugated,1,7.063834826578386,4.988931322552901e-06,0.007783417605727251,0.03081924651488097,0.03115830621409084,0.18367006068283886,2.052581904048437,0.00033905969920986975,0.49930651872409726,0.0014545741807668684,0.7931981715428008,0.09669556324726358,0.10232284760420834,0.0074641483815126135,3.267876383276872e-06,0.0003160013478313606
torsionnet500,fragment_480,FQLFZEQCRSXRBA-UHFFFAOYSA-N,CN1CC[C@@H](CNc2ccncn2)C1,2-3,14,stereocentre_adjacent,0,12.939510324853472,0.030661939915826896,0.059556098063114175,0.8839919550184028,1.109470383422826,1.2862709019595766,3.929471672593178,0.22547842840442311,2.9958391123439583,0.4123624901917038,0.010097740529307198,0.7947785661817011,0.13556759522587764,0.013191161439798772,0.032738849475920984,0.013626087147394411
torsionnet500,fragment_481,YQQKTCBMKQQOSM-UHFFFAOYSA-N,FC(F)(F)Sc1ccccc1,2-3,11,anomeric,1,2.565194239025004,6.040206119567676e-07,0.0019364555880052856,0.029684561328448968,0.029693733518608517,0.05125644047812114,0.95002845464933,9.172190159549565e-06,178.75173370319004,0.00034442366003080747,0.001948540030434585,0.9956396617464954,0.00047534263506460005,0.0011750799770866643,0.00021486414821116846,0.0005465114627074529
torsionnet500,fragment_482,RHOGVBSKEFNRKK-UHFFFAOYSA-N,COc1cccc(OC)c1-c1ccccn1,2-3,16,biaryl,0,7.9767629720736295,0.003082046019106124,0.2606539700103644,0.2502838667561448,0.2897880318714275,1.3663775035638046,2.642918960238196,0.03950416511528271,101.35922330097088,0.03842912577370398,0.0004967037144637378,0.7377538927904719,0.0010954334847001865,0.2407396540407384,0.0011936936578324756,0.01872062231179348
torsionnet500,fragment_484,VDDAVZWCRBHDLQ-UHFFFAOYSA-N,c1ccc(-c2ncc3ccccc3n2)cc1,2-3,16,anomeric|biaryl,0,6.230036638095044,8.585023575999717e-08,0.01915449575757296,0.025650521361000555,0.025658834696455222,0.309561262620225,2.229173860999094,8.313335454666892e-06,0.0,0.00022515204231781348,2.8543068924380395e-05,0.9807752398173092,4.172135619356912e-05,0.019078582299903998,2.5586557940568792e-06,7.335480187490592e-05
torsionnet500,fragment_486,KTSOVCJVQFKJOK-UHFFFAOYSA-N,CNC(=O)C(=O)Nc1ccccc1,2-3,13,anomeric|conjugated,0,15.745468515146058,2.1040652375782206e-07,0.008876992738575623,0.17842409635666703,0.17843833930603395,0.4962619905611776,4.918206517460774,1.4242949366916058e-05,0.4993065187239836,0.0001915985533311241,0.8526316488884005,0.1220601394367842,0.016431218936239778,0.007013656693535999,0.0012195646974970352,0.0006437713475425889
torsionnet500,fragment_492,HHBQNUTWFDOORZ-UHFFFAOYSA-N,CN[C@@H](C(=O)c1ccccc1)c1ccccc1,2-3,17,biaryl,0,4.062076705740765,0.00995927685590578,0.02197627570947919,0.04893037209102328,0.15435511127120222,0.22290092265715078,1.467749733773739,0.10542473918017894,171.26213592233012,0.05771742583383243,0.00070409181017429,0.9763619146269926,0.0009577178533538461,0.021617242420076715,0.00011359704710982314,0.00024543624229265184
torsionnet500,fragment_497,ROZONHXKGSVJFN-UHFFFAOYSA-N,c1cnc(-c2cccs2)nc1,2-3,11,biaryl,0,7.53478507878026,8.048194489238465e-07,0.004472209004213117,0.086091328626469,0.08612423450416383,0.1972346014105543,2.654924403369664,3.290587769483322e-05,0.0,0.0005416707835488553,1.3557510023322556e-06,0.9948128851639988,0.0007135500807856522,0.004022735540160738,0.0002897791143679134,0.00015969434968446592
torsionnet500,fragment_498,RYPKRALMXUUNKS-UHFFFAOYSA-N,C/C=C\CCC,2-3,6,conjugated,0,4.044513819302665,3.7795534677867713e-06,0.020461055117156346,0.09955311985203595,0.09959469920251983,0.23396140379400873,1.483496349647372,4.157935048387795e-05,0.0,0.0006841435571557395,0.6665959499905921,0.3115308227116842,0.0014121721805673679,0.007463911387495065,0.01130145449868708,0.0016956892309741992
torsiontest2000,testcase-1001,POLGZPYHEPOBFG-UHFFFAOYSA-N,CC(C)C[C@H](NC(=O)c1ccccc1)C(=O)O,5-15,17,conjugated|stereocentre_adjacent,0,4.960141949704848,0.4952986814173286,0.0019483953016126176,0.004938846707336504,0.9135608912259603,0.05750999316469226,1.2980777691313004,0.9086220445186238,15.977808599167929,0.32427877112226794,0.2609368037551184,0.6812014800398082,0.05591332090346074,0.0015473878508714392,0.00039617627858530845,4.831172155870082e-06
torsiontest2000,testcase-1003,MHIUYYOKAOJBAI-UHFFFAOYSA-N,CSc1cccc(C)c1B1OCCO1,9-10,14,conjugated,0,5.0947234383784235,0.04293497908284544,0.022955191396916378,0.19554689550362422,0.4219506508946866,0.3361320168823299,1.8150525693043391,0.22640375539106236,161.27600554785022,0.14409243149319909,0.0015344244149252987,0.9749930924902231,0.0005172916979350986,0.021026319069476048,0.0001335333107850218,0.0017953390166553056
torsiontest2000,testcase-1004,UTCXQSKILCFABT-UHFFFAOYSA-N,COC(=O)c1cccc(B2OCCO2)c1,9-10,15,plain,0,4.81475347885862,2.4813683356780615e-07,0.007158927185831945,0.017513895145218044,0.017534562179026523,0.14561837233527913,1.7086405415976507,2.066703380847884e-05,0.0,0.00023570735584135287,3.392059311846975e-06,0.9928374234557795,2.572990765963424e-07,0.007124286338850552,1.8043262181847965e-05,1.659758479954537e-05
torsiontest2000,testcase-1005,OVRVDNFLZQOGPF-UHFFFAOYSA-N,Oc1ccc(B2OCCO2)c(F)c1,3-4,13,biaryl,0,3.725807670969516,5.210442061442428e-05,0.007066742717895565,0.018474973587507774,0.020786338684321226,0.11246793796547651,1.319841611455374,0.0023113650968134523,0.0,0.005501086022666474,0.0006117141359702788,0.9915066220595609,0.0008149210865732431,0.007004178677567511,4.669473803505111e-05,1.5869302293002784e-05
torsiontest2000,testcase-1012,FMRJGRDUKSJHPE-UHFFFAOYSA-N,O=C(c1ccccc1)N1CCS[C@@H]2CC[C@@H]21,2-9,16,plain,0,18.27028183208313,0.03504475681372812,0.08154332785370816,1.0451046767948162,1.4307777432957842,1.8204660112684965,5.32351387527896,0.385673066500968,12.48266296809993,0.2274148713012089,0.09050149736456359,0.6940574569759643,0.1338977178057639,0.045657119856885066,0.034451534004957804,0.0014346739918652926
torsiontest2000,testcase-1014,PRWGTLOACMHSDK-UHFFFAOYSA-N,CNC(=O)C[C@@H]1OB(C)c2ccccc21,4-5,15,stereocentre_adjacent,0,6.8552691650693305,0.21650101840851976,0.16231325672009608,0.32226759342623146,0.8050485345813689,0.7154613440566607,1.6179267510766293,0.4827809411551375,4.993065187239949,0.343641380561807,0.07926841540651798,0.32360903387672424,0.4348092939966617,0.1412789737535914,0.0032466807014779877,0.017787602265026688
torsiontest2000,testcase-1015,XQLIUJWBXPIGCB-UHFFFAOYSA-N,CC(=O)SCc1ccccc1,5-6,11,biaryl,0,1.7412027986720204,0.0020652331020781962,0.003160615701463296,0.005118424197326018,0.028760849030202863,0.03538396196280421,0.6227926269026978,0.023642424832876846,3.994452149791954,0.014239137714437166,0.0006487559851705478,0.9961128591712721,7.776914209402541e-05,0.00281330809903478,0.0002730897828377716,7.421781959074413e-05
torsiontest2000,testcase-1018,WRECIMRULFAWHA-UHFFFAOYSA-N,COB(OC)OC,2-3,7,plain,1,8.308836835320108,4.7270018601444625e-06,0.0025223406918330076,0.03949383132959445,0.039926959832582355,0.1411217350525573,2.697918923015215,0.00043312850298790617,0.0,0.0014970641387840775,0.5779220767143393,0.3946518375161429,0.0249037450776847,0.002180615627222911,0.0002010251033280011,0.00014069996128209555
torsiontest2000,testcase-1019,PXZJKQBKBOBVEE-UHFFFAOYSA-N,C=C[C@@H](C)NC(C)=O,2-5,8,conjugated|stereocentre_adjacent,0,6.75184632485616,0.660444581810856,0.0016594021263919626,0.011462864712168997,1.932445378334723,0.09753879511182531,2.3778602637023827,1.920982513622554,31.456310679611647,0.5607646472766445,0.6199476560937041,0.2288315255508991,0.14956141622900485,0.001261993536999273,0.00016201834584478238,0.00023539024354790687
torsiontest2000,testcase-102,RSQKOKVVSFQCQZ-UHFFFAOYSA-N,CN(C)C(=O)OCc1ccccc1,4-5,13,plain,0,8.987515086308122,3.840654838830915e-05,0.002091562285271695,0.037143018964652844,0.04073632238059315,0.12891668800903883,2.6995832662873687,0.003593303415940309,173.75866851595003,0.008039854902209485,0.5066215396874395,0.37748907200853205,0.11379782601875667,0.0007380207243291109,0.001083455805292988,0.0002700857556495958
torsiontest2000,testcase-1020,KAEKFCHOASSLIB-UHFFFAOYSA-N,C[C@H](N)B1OCCO1,3-4,8,stereocentre_adjacent,0,2.1917705546075013,0.7449365579158178,0.003165320253152898,0.015671156466270438,0.6627419508989604,0.045944162071506284,0.767810250093357,0.6470707944326899,151.7891816920943,0.25724239896523166,0.0003508975551800692,0.9964638913605075,1.9890831159605362e-05,0.0020365633845897575,0.000265144468125071,0.0008636124004380696
torsiontest2000,testcase-1021,MWGUDVSVJMKILS-UHFFFAOYSA-N,c1ncc(B2OCCO2)cn1,3-4,11,biaryl,0,4.870317076856736,1.5442512637452822e-06,0.007706252920358285,0.013738156002171027,0.013906037117455678,0.15280152664784047,1.7336346215517455,0.00016788111528465155,0.0,0.0002714965629601018,2.6186577856558305e-05,0.9922491930529281,1.8367448856949407e-05,0.007692275850862615,1.5697022924719691e-06,1.2407367203198026e-05
torsiontest2000,testcase-1022,PXVRRRFYQJPFQH-UHFFFAOYSA-N,CNc1ccc(B2OCCO2)cc1,3-4,13,biaryl,0,6.215581115800887,1.1784182358958005e-05,0.008626264589904675,0.030642847938374303,0.031557124507459976,0.20631905964141722,2.196984179700693,0.000914276569085673,0.4993065187239836,0.003982204296474764,3.4713670095807514e-05,0.99130632372643,3.2698013569412844e-05,0.008560340928111951,3.580521601187912e-06,6.234314019153547e-05
torsiontest2000,testcase-1023,ZNUGJPDYLWUHIF-UHFFFAOYSA-N,COc1ccc(B2OCCO2)c(Cl)c1,6-7,14,plain,0,2.2209198341006413,0.0003165790408519798,0.008746171124673869,0.018109610691556338,0.02291881482983745,0.07602092498580712,0.7896817822475132,0.004809204138281113,2.995839112344015,0.007476213599977552,0.0016379423793321767,0.9885426241225964,0.001073262373397692,0.008214635982172766,0.0001706325823765584,0.0003609025601245438
torsiontest2000,testcase-1025,PGBIASCPEXZXSM-UHFFFAOYSA-N,C[C@@H]1CNC[C@@]1(C)B1OCCO1,6-8,12,stereocentre_adjacent,0,2.0028080685879104,0.5375043568339083,0.1571037717290907,0.059749535309562826,0.4701975305252332,0.25912614017824803,0.6389421237041438,0.4104479952156704,164.27184466019418,0.20406489835015076,0.0009146820702661802,0.8411727601380955,0.0008087860625477691,0.13534068856051654,0.0013327004362591497,0.020430382732315018
torsiontest2000,testcase-1026,JNRRDGYLTVIGFS-UHFFFAOYSA-N,C1CCC(B2OCCO2)CC1,3-4,11,plain,0,0.2458008437533863,0.6999832468314124,0.032012048712159444,0.003389604585526895,0.06292548130815094,0.013858114808341548,0.07517849624538386,0.059535876722624045,137.30929264909847,0.026686342881662183,0.0013238579764900458,0.9665179374729816,0.00014615583836874145,0.01259154959147967,0.0002629156398435239,0.01915758348083625
torsiontest2000,testcase-1028,UYVXZUTYZGILQG-UHFFFAOYSA-N,COB(O)O,2-3,5,plain,0,8.428184438642347,7.194314643555106e-08,0.000531567389414959,0.0022043131636437317,0.002315730005573632,0.06104008289984868,2.645775321592303,0.0001114168419299004,0.0,0.00021023271863519565,0.3348976235710875,0.6644234670730543,0.00014734196644335866,0.0005024859746103456,2.8712562244510117e-05,3.688525601032669e-07
torsiontest2000,testcase-1029,SRLJWLCOFBVKFI-UHFFFAOYSA-N,O=C(c1ccccc1)N1CCCOCC1,2-9,15,plain,0,22.991424506006297,0.05612481186475533,0.08351360648280325,1.243324972624019,1.879917998504555,2.1223481058148947,6.0803954841227945,0.6365930258805361,2.4965325936200315,0.1410815958460412,0.07768199617828114,0.7269397774203153,0.11186461991860035,0.054035109401664116,0.018115287128105718,0.0113632099530334
torsiontest2000,testcase-1030,RQZHEFKBUYPEGH-UHFFFAOYSA-N,O=C(O)c1cnc(Oc2ccccc2)nc1,7-8,16,conjugated,1,5.773080599086825,3.0860085909387774e-06,0.02544289396943821,0.1854286353179346,0.18545922131540946,0.357644890561533,1.9262163370818124,3.0585997474852356e-05,0.0,0.000630952089513768,1.9898652852014333e-06,0.9736164860555413,0.0009386301097354907,0.015318850118675082,0.005411985037715574,0.004712058813047552
torsiontest2000,testcase-1033,ABSSOVSCAYYSFK-UHFFFAOYSA-N,CC(=O)OB(OC(C)=O)c1cccc2ncccc12,4-5,19,biaryl,0,2.995830920524895,0.06199543567310616,0.045612070758331624,0.013214350179156602,0.27534716835011963,0.2362762514477868,1.1046665920169654,0.262132818170963,151.7891816920943,0.09558580056597178,0.00035493298442481507,0.9537681699549647,0.0002648263022788534,0.04438284832497623,0.00016485441352857873,0.00106436801982682
torsiontest2000,testcase-1034,FUYGCKPWPICJEY-UHFFFAOYSA-N,CCB1OCCO1,2-3,7,plain,0,0.5427652655926067,0.00010726598449334137,0.0017758837171660145,0.00112490215146877,0.0023726763028501,0.008574275642969939,0.20171003813388774,0.0012477741513813299,0.4993065187239836,0.0008909116758303515,4.512264923423915e-05,0.9981185728793907,6.0420754209126326e-05,5.631743899186909e-05,0.00019110390636827511,0.0015284623718058701
torsiontest2000,testcase-1036,OHICXHPHXXLUMX-UHFFFAOYSA-N,CC(=O)OB(OC(C)=O)c1ccc(O)cc1,4-5,16,biaryl,0,6.949770807812456,0.019989832852913357,0.0064221654160384655,0.005188811216033633,0.3462458161936987,0.1963016406754094,2.4486817577383353,0.34105700497766506,3.9944521497919254,0.0949218707426332,1.89483386031482e-05,0.9935418115137722,1.707473158628687e-05,0.006353017483612663,1.8500753727929352e-06,6.729785705300913e-05
torsiontest2000,testcase-1037,GCBXDMNVFIHZGS-UHFFFAOYSA-N,Fc1ccc(B2OCCO2)c(C(F)F)c1,3-4,15,biaryl,0,4.400438554177526,0.014438033579528966,0.13451397243160376,0.16105702275358777,0.23010828680747236,0.5268649604037087,1.3772163166357303,0.06905126405388459,167.76699029126212,0.08462965576742627,0.0047036522655248105,0.8575554639715006,0.00322691133137078,0.11365145113034479,0.0003296311131339564,0.020532890188125024
torsiontest2000,testcase-1038,ISWTVWGDBKQMMC-UHFFFAOYSA-N,CC(=O)Nc1ccc(B2OCCO2)cn1,7-8,15,plain,0,5.559518372872844,6.911737142334738e-08,0.008370897826544816,0.01978869317902697,0.0197953883165918,0.18024621551763648,1.9582547955490897,6.6951375648285905e-06,0.0,0.00019453753369679094,1.1529835050083346e-05,0.9915972955916461,2.027674675895241e-05,0.008331612190957847,1.226783102679386e-05,2.7017804560176046e-05
torsiontest2000,testcase-1039,IDSYAEWBNQFQCE-UHFFFAOYSA-N,Oc1ccc(B2OCCO2)cc1,3-4,12,biaryl,0,5.862760995456483,1.0960336277714813e-05,0.008355463094731794,0.022793920698903444,0.02380884378387604,0.1912499877648245,2.077475671115827,0.0010149230849725958,0.0,0.0010038906086754147,2.2313419032320284e-05,0.9916113491401393,1.0874346096711633e-05,0.008319035062295546,8.508663037344249e-06,2.7919369398903774e-05
torsiontest2000,testcase-1040,ZGRQHXLDKUCSFN-UHFFFAOYSA-N,COc1cc(C(=O)O)ccc1B1OCCO1,4-5,16,plain,0,1.5779813905828632,0.0010494386416319062,0.005869899743676526,0.010728839172995426,0.02102739740527574,0.04409519872225353,0.5583473958294114,0.010298558232280314,2.9958391123439583,0.008782791424878434,0.0014053917182790348,0.9906663161077153,0.002058392430329311,0.005293735191647507,4.9761813905334626e-06,0.0005711883706384858
torsiontest2000,testcase-1042,GETTZEONDQJALK-UHFFFAOYSA-N,FC(F)(F)c1ccccc1,3-4,10,anomeric,0,0.09265231882454827,0.5831140780082901,0.4288622526507059,0.013110976901985528,0.015942958533078304,0.015245045748040269,0.01769183060726829,0.002831981631092776,0.0,0.0038524408775241254,0.19028724087025267,0.20637717285429735,0.17447333362474415,0.1774397787207201,0.1957624904164351,0.0556599835135507
torsiontest2000,testcase-1043,PLYJHJLMTCHHGT-UHFFFAOYSA-N,C[S@]1(=O)=NCc2c(B3OCCO3)cccc21,3-4,16,biaryl,0,4.448367258766666,3.012541331002099e-05,0.006371779994015488,0.01063269674353634,0.013715733441373166,0.126453102870899,1.5785861814371924,0.0030830366978368256,0.4993065187239836,0.003329630699176573,6.636157808256263e-06,0.9936040692778174,1.751457035874116e-05,0.006320848295502596,1.1475597721554499e-05,3.945610079133705e-05
torsiontest2000,testcase-1044,DDGLXBBAGCRFBO-UHFFFAOYSA-N,CNC(=O)[C@@H](C)CF,2-3,8,stereocentre_adjacent,0,10.28976554388646,0.24167894633437642,0.06262930054587758,0.6160157117363758,1.2033274777520835,0.810169394027884,2.1910545500279324,0.5873117660157077,106.85159500693482,0.36018164962998717,0.34419751109359015,0.08138183279241519,0.5117913555681172,0.006052386368420932,0.02383109503704066,0.032745819140415994
torsiontest2000,testcase-1047,XHUGWECNIFXJBL-UHFFFAOYSA-N,COB(O)c1cnc(N)nc1,2-4,11,anomeric,0,4.563943609246053,0.00027054315273226915,0.017974033215862037,0.009787311501263706,0.028257437251231504,0.21628751774663346,1.611654512324155,0.0184701257499678,0.9986130374479956,0.006927671130907694,0.0003723326918896605,0.9815678181735699,8.581591867818335e-05,0.017943903663919052,2.3680108681847776e-05,6.449443261139047e-06
torsiontest2000,testcase-1048,SKFNJNSUXDCCBP-UHFFFAOYSA-N,COB(O)c1ccccn1,5-6,10,plain,0,14.417589231219608,1.6353859833561008e-06,0.000370939832801051,0.015127956632303667,0.016193447445952112,0.08830894842960728,4.517391004640825,0.0010654908136484443,0.0,0.00035556261045741093,0.33775933167491734,0.6587990844620948,0.003070644030186758,0.00031563216490643995,5.4462770524593485e-05,8.448973700175053e-07
torsiontest2000,testcase-1049,SKFNJNSUXDCCBP-UHFFFAOYSA-N,COB(O)c1ccccn1,5-7,10,anomeric,0,10.079869979992509,0.00022847746570678936,0.001216993720534882,0.0409825863507838,0.062319316140989615,0.11584438272448037,3.1062322387351813,0.021336729790205816,0.4993065187239836,0.010191183812477415,0.32805850051340635,0.6645299240943429,0.006194581671715925,0.0010327350901271476,9.3747935023628e-05,9.051069538410646e-05
torsiontest2000,testcase-105,HHPKZAKYKNYGFT-UHFFFAOYSA-N,CN[C@@H](C)C1CCN(C(C)=O)CC1,6-7,13,stereocentre_adjacent,0,7.729684249847196,0.04865304191900602,0.024712217199334283,0.30402873631349797,0.5470191747382137,0.44437716020276546,2.0839523377452402,0.24299043842471574,2.4965325936199747,0.15396401126342765,0.06868491641305055,0.21591851173442328,0.6906843546531919,0.013304256234277645,0.011221008443809861,0.00018695252124677352
torsiontest2000,testcase-1050,PQJHZQUOESOGBB-UHFFFAOYSA-N,COc1ccc(B2OCCO2)c(OC)n1,3-4,15,plain,0,3.4247914228471927,0.00018785113438020605,0.004568113977148897,0.022505130520855794,0.028033897616524084,0.08544774876517101,1.2198176185675997,0.00552876709566829,0.4993065187239836,0.009653436427644754,0.0010179685217364585,0.9931956599773747,0.0012182575237399463,0.00439673913111411,0.0001174145285989456,5.396031743584115e-05
torsiontest2000,testcase-1051,DBOIZKZEAHJLSN-UHFFFAOYSA-N,Cc1cccnc1B1OCCO1,7-8,12,plain,0,0.874157543934416,0.012765273829635517,0.025436438825702117,0.0054944886578761065,0.03492413798850336,0.04899419770082107,0.305308238323126,0.029429649330627257,0.9986130374479956,0.014009226092326401,3.7638099370934917e-05,0.9744802361798564,4.56868950705738e-05,0.023710761192152412,0.00017165670875997368,0.0015540209247897313
torsiontest2000,testcase-1054,XDGHXKSUDGTUJX-UHFFFAOYSA-N,CN[C@@H](C(N)=O)[C@H](C)c1ccccc1,2-9,14,stereocentre_adjacent,0,9.409702173783444,0.2798908598356912,0.010990627849786185,0.0786162767891648,1.3001988161255527,0.26892421879027034,2.4543855040463636,1.221582539336388,118.83495145631065,0.24900419303660248,0.46466235960782676,0.09480272959094768,0.4295442829514393,0.003390496344143697,0.005537498942315758,0.0020626325633267295
torsiontest2000,testcase-1058,OUILJIRPMUMONT-UHFFFAOYSA-N,C#C[Si](C)(C)C(C)C,3-4,8,plain,0,2.886914767266717,0.02443578856619446,0.00558812443312318,0.008494452397357181,0.14655481240281293,0.07048011427295146,0.9359960289975119,0.13806036000545574,122.82940360610263,0.05466188639403279,0.006131156039914633,0.0006287907594560051,0.9876519287675063,0.0006822776230360023,0.00021577071524866507,0.004690076094838513
torsiontest2000,testcase-1059,TXZMVBJSLYBOMN-UHFFFAOYSA-N,CC(=O)OC[Si](C)(C)C,4-5,9,plain,0,0.7952910393360071,0.604605397534634,0.8460541209890647,0.055188059427495974,0.1732143692555512,0.20191251064981616,0.21824892924064782,0.11802630982805523,109.84743411927877,0.07020525772027446,0.011074667770080154,0.007369680117614397,0.1355015311232407,0.005466043172664546,0.009774988120369603,0.8308130896960305
torsiontest2000,testcase-1060,AOFBIAOWWQKRIP-UHFFFAOYSA-N,CNC(=O)c1nccs1,2-4,9,conjugated,0,8.769997271941975,1.440760217430112e-06,0.006777518467796775,0.02646946833796443,0.0267157000379377,0.24961019861567166,3.0150068738286784,0.00024623169997326985,0.0,0.0006242280200092941,0.707571958259645,0.27132075460976274,0.014329768662795348,0.006423817636024028,0.0003315486812849856,2.215215048776148e-05
torsiontest2000,testcase-1062,UUIQMZJEGPQKFD-UHFFFAOYSA-N,CCCC(=O)OC,4-5,7,plain,0,4.441936463234015,0.0010903042990195607,0.004519681815422382,0.04161550666203356,0.059291302936881375,0.09552758429093508,1.2796940292113195,0.017675796274847812,137.30929264909844,0.00981877039090371,0.15789137986704627,0.13286278691009584,0.7047261514074353,0.00146061975531511,0.002542296898091509,0.0005167651620157629
torsiontest2000,testcase-1064,UNIKQYIJSJGRRS-UHFFFAOYSA-N,CC[C@@H](C(=O)O)N(C)C,2-3,9,gauche_effect|stereocentre_adjacent,0,10.65801126929,0.11160301002855952,0.05492840691655464,0.591045427154491,1.1638999598962,0.9187672320214016,3.0589868107334794,0.572854532741709,127.3231622746186,0.16815080040180996,0.22257512455043652,0.15942230491760467,0.5630741636154044,0.020024685268125706,0.013929751344452443,0.02097397030397649
torsiontest2000,testcase-1065,ZVGPTNYXIQBVKF-UHFFFAOYSA-N,CN1CC[C@@H](C2OCCO2)C1,4-5,11,anomeric|stereocentre_adjacent,0,6.26821484422544,0.17118387091495335,0.004501129538552112,0.06853395307605452,0.7099142238545894,0.133510631319056,1.7091914077138326,0.6413802707785349,125.82524271844659,0.27838799795884694,0.15424094413483144,0.014288451641713855,0.8269694746849026,0.0010981866617768505,0.001715307841604455,0.001687635035170806
torsiontest2000,testcase-1066,WBGWPLHRBSGKBB-UHFFFAOYSA-N,CC[C@H]1C(=O)NCCN1C,2-3,10,gauche_effect|stereocentre_adjacent,0,7.173202548001427,0.4898750436602501,0.055641355809526796,0.16386381371567274,1.296697787392051,0.46344608324003034,1.8451012108790628,1.1328339736763784,114.34119278779474,0.46057282085044077,0.010444259247976938,0.6457997283774431,0.28811465656505314,0.03651883637387655,0.01440701641928362,0.004715503016366623
torsiontest2000,testcase-1067,LISKAOIANGDBTB-UHFFFAOYSA-N,CCOc1ccccn1,2-3,9,anomeric|conjugated,0,9.376304542500293,7.92970287602757e-07,0.0019277435600391927,0.1829640700855529,0.18297846320094488,0.21512838797393696,2.5837277288557012,1.4393115391975186e-05,0.0,0.00030643782929664915,0.5592018663288283,0.2584213818049311,0.18044900830620136,1.4324830450655757e-06,0.0004092880576681335,0.0015170230193259939
torsiontest2000,testcase-1069,XBLAATMAIALNLO-UHFFFAOYSA-N,CN(C)C(=O)Cc1nncs1,5-6,11,anomeric|conjugated,0,6.152402492822148,0.15113305665826762,0.12180309703433129,0.33155357854918777,0.7894807824851415,0.7236401365576216,1.8725961443601762,0.45792720393595376,2.4965325936199747,0.20757741012150954,0.3606412465714705,0.22484458672512633,0.2927110696690719,0.07086121857072113,0.026190582717412005,0.024751295746198155
torsiontest2000,testcase-1070,FASSXLPWQJKPFP-UHFFFAOYSA-N,COC(=O)[C@H](C)c1cccs1,2-6,11,conjugated|stereocentre_adjacent,0,2.1248055449686944,0.22903607879698995,0.0411290791106942,0.005398530100131879,0.296812937131805,0.12587317628909075,0.6201197138463679,0.29141440703167315,142.30235783633844,0.12274258466566063,0.09078235205894863,0.7734778920497333,0.09461067678062408,0.03915496081529329,0.0017747993256302286,0.000199318969770696
torsiontest2000,testcase-1073,DZIQUZJSNSZOCH-UHFFFAOYSA-N,COC(=O)[C@@H](C)c1ccccc1,2-6,12,conjugated|stereocentre_adjacent,0,2.838925266289152,0.6894054394344903,0.0350787389410265,0.019520451983091137,0.7800699483857532,0.17698653539895462,0.9394074117498639,0.760549496402662,159.27877947295423,0.28435081877364077,0.000245145845807524,0.9646400948893378,3.602032382835273e-05,0.03097600010934846,0.00032916296401039677,0.0037735758676676447
torsiontest2000,testcase-1075,BCXVNRSWSDSJET-UHFFFAOYSA-N,CSCCC(=O)N(C)C,5-6,9,plain,0,4.30010945443064,0.7834832932991223,0.11628694207993487,0.25612042406299934,0.9069885321212623,0.4218513093028934,1.015793250269378,0.650868108058263,18.47434119278779,0.3303694683383322,0.20654450939470215,0.007062004655922074,0.6701065438694408,0.10516652430085346,0.0009574690438417154,0.010162948735239688
torsiontest2000,testcase-1077,NMMIHXMBOZYNET-UHFFFAOYSA-N,COC(=O)c1ccccn1,2-3,10,anomeric|conjugated,0,10.973343458899762,6.736861394989531e-05,0.00318706809097805,0.1772044942657934,0.17928878768259146,0.25797855689465166,3.3257811966154245,0.0020842934167980554,0.0,0.002323899303529332,0.3347421297231502,0.6281203935915873,0.033950408594284665,0.0006622464747213205,0.0010981321044547787,0.0014266895118019514
torsiontest2000,testcase-1079,HKNDIZYYLUOIMR-UHFFFAOYSA-N,C=C(Cl)[Si](C)(C)C,2-4,7,plain,0,2.1050838726805523,2.2599683264670093e-07,0.0026973185579119317,0.00211341496470431,0.002142958056018162,0.0387978934850297,0.7459306875929581,2.954309131385181e-05,0.0,0.0001709026732630172,1.7974235036944332e-05,3.765258615914685e-05,0.9972470546208921,3.285959494309179e-05,5.233197687099777e-05,0.002612126986097842
torsiontest2000,testcase-108,HMMJMDWGCVGCCK-UHFFFAOYSA-N,CO[C@H]1CCC[C@H]1C,3-4,8,stereocentre_adjacent,1,8.510488229308976,0.10937858868193069,0.010721699884517336,0.06464532654027584,0.8694634848562349,0.2790553446202484,2.622486743325231,0.804818158315959,8.488210818307891,0.2861814253588537,0.8367466187605629,0.07469446280011019,0.07783721855480963,0.0078744753410268,0.00226492286882773,0.0005823016746628071
torsiontest2000,testcase-1080,MQKJQTPGNPFWCR-UHFFFAOYSA-N,COC(=O)c1cncnc1C(C)C,8-9,13,plain,0,6.282875111675821,0.6495700983868424,0.05671678409501398,0.1330463195666013,1.7174180221633435,0.5231552398491085,2.1286584137457356,1.584371702596742,57.919556171983345,0.5240978724634265,0.44336887611268033,0.41791591909313863,0.08199842069916687,0.04918851305123819,0.007037998742037246,0.000490272301738541
torsiontest2000,testcase-1083,DYXYXOXAWBFIIZ-UHFFFAOYSA-N,C#Cc1cccnc1O,8-9,9,plain,0,8.467535873904126,2.1756197066212453e-09,0.00034032267479342524,0.005435177060419539,0.005436743169023019,0.05189354935445162,2.7975202448500673,1.5661086034792285e-06,0.4993065187239836,5.038843488130648e-05,0.03560312471759924,0.9638211308610901,0.00023542174651721925,0.0003361790331625872,4.114107472032037e-06,2.9534158806000453e-08
torsiontest2000,testcase-1087,NVTNGGKVRVPJDW-UHFFFAOYSA-N,C[Si](C)(C)c1ccccc1F,4-5,11,plain,0,1.782496557221748,0.0004361400260033703,0.04217642148104941,0.016143746732977873,0.020548267792730193,0.1260515270550978,0.6089402371727055,0.004404521059752319,0.0,0.0037668204424997315,0.0001652299672776007,0.00032052306836922594,0.9573378254833039,0.001055865760670675,0.00032682178103420517,0.040793733939344524
torsiontest2000,testcase-1088,WXWBXVHUEORPHA-UHFFFAOYSA-N,CN(C)C(=O)c1ccc2scnc2c1,3-5,14,conjugated,0,4.642312087235041,0.00021953454625374288,0.5754095833130318,0.2579663414050402,0.25858903720568316,0.9537410263540519,1.2376271990300929,0.0006226958006429473,0.0,0.005695257209383988,0.008039300931051716,0.4094404258105853,0.007110689945331117,0.506747436102041,1.9004049105641983e-06,0.06866024680608028
torsiontest2000,testcase-109,ARXJGSRGQADJSQ-UHFFFAOYSA-N,COC[C@H](C)O,2-3,6,stereocentre_adjacent,0,7.3795523661829066,0.27543919873719447,0.029305248659157436,0.2514989639254495,1.0238947330114785,0.4099535290173463,1.9078131486880021,0.772395769086029,110.34674063800276,0.40534071028276364,0.3319353930768591,6.82551115504336e-05,0.638691103152433,0.013151291935244168,0.00950191997045505,0.006652036753458219
torsiontest2000,testcase-1092,BHSBTRFXVJPEFR-UHFFFAOYSA-N,CCN(C)CC(=O)NC,5-6,9,plain,0,6.019446411344688,0.25576691026453674,0.010960627913721327,0.03817812406963837,0.9719863493940154,0.20465028002749583,1.920828314273311,0.933808225324377,108.8488210818308,0.23190171036319776,0.18257107395661415,0.14242827970814995,0.6640400184215146,0.004961361251061455,0.00023599758852848574,0.0057632690741313865
torsiontest2000,testcase-1095,PGPYOELJABFZRV-UHFFFAOYSA-O,CN(C)C(=O)CCn1cc[nH]c(=O)c1=O,5-6,15,plain,0,8.617419647576753,0.4289802064307963,0.030303244927629303,0.4923294701710977,1.5280260082883321,0.6246607656141192,2.2627811198989183,1.0356965381172345,7.489597780859924,0.348021041454798,0.4400908707480611,0.07580470976103745,0.453801174563272,0.019065176037534683,0.006603015535277865,0.004635053354816756
torsiontest2000,testcase-1098,YQALCVILRBWLNX-UHFFFAOYSA-N,COC(=O)[C@@H](C)N(C)C,3-5,9,stereocentre_adjacent,0,1.5615781776723452,0.5044758174886791,0.0342287032593397,0.021491843838202494,0.3540250005386162,0.09452218080522795,0.49798540454556756,0.33253315670041367,73.39805825242718,0.15567044442701441,0.5388131601595938,0.37337183193474244,0.05358630464632392,0.027082015416084588,0.007039103609738525,0.00010758423351658114
torsiontest2000,testcase-1099,XQJLFDSMIRCBPX-UHFFFAOYSA-N,C=C[C@@](C)(CC)C(=O)NC,3-5,10,stereocentre_adjacent,0,5.93465121218469,0.10088149249378262,0.01567578160091072,0.10000585844937143,0.5648384815467135,0.24087869621463484,1.7531141200368547,0.464832623097342,118.33564493758666,0.258865675631254,0.09780616972821883,0.06765341720125466,0.8188646314696159,0.003753993739683073,0.003175518358000892,0.008746269503226755
torsiontest2000,testcase-1100,OAJBFQZGHAGOAJ-UHFFFAOYSA-N,CNc1cncc(C(=O)O)n1,2-3,11,gauche_effect|biaryl,0,9.319343148905318,0.016560225065546334,0.07263989344352735,0.49123956938069757,0.6053677415374843,0.8889831564398556,2.792633615165866,0.11412817215678672,0.4993065187239836,0.06325606158661953,0.00017778665031009352,0.9099743681005038,0.017207951805658726,0.05259763507247232,0.011702297062139363,0.008339961308915683
torsiontest2000,testcase-1101,MANNJRXKPLVKJE-UHFFFAOYSA-N,CNC(=O)NC1CC=CC1,4-5,10,plain,0,7.115044739970472,0.42983595303906635,0.016138651572527918,0.201702914601508,1.617215269618484,0.3706128684860263,2.4557357303056997,1.4155123550169761,9.486823855755915,0.41057715974334164,0.47180947571285103,0.15946363678100567,0.3525882359336154,0.015569241360523987,0.00016134581522261738,0.0004080643967813157
torsiontest2000,testcase-1102,AJEVDONKSQZRSK-UHFFFAOYSA-N,C#CCB1OCCO1,3-4,8,plain,0,0.15184647918795235,0.03645364260919455,0.5811204926405172,0.006195617447792234,0.01103385023619158,0.03697650815104224,0.04821964434847644,0.004838232788399345,1.9972260748959911,0.0038405882951818653,0.0003730590037440989,0.4163541499841727,0.0021522983715657443,0.5256230415130478,0.0013782988236622669,0.05411915230380714
torsiontest2000,testcase-1103,JOVGETKQMOUISV-UHFFFAOYSA-N,C[C@@H](CN(C)C)c1nccs1,2-3,11,stereocentre_adjacent,0,6.2742427487974055,0.255074996328525,0.04354655682187657,0.404917415798393,1.018632797959184,0.5595612499325964,1.8944792746075028,0.613715382160791,124.82662968099862,0.29548898534647244,0.10136835257458297,0.011853340376064472,0.8432317502274761,0.02009592162691776,0.02086890053476707,0.002581734660191734
torsiontest2000,testcase-1104,CLZTZCUXBOSNMN-UHFFFAOYSA-N,C[Si](C)(C)c1ccccc1Cl,2-5,11,plain,0,2.871901775128208,0.0007168224271774936,0.025592195244909664,0.042231698436352945,0.049790046576272125,0.16314282528997237,0.9859423136653754,0.00755834813991918,0.0,0.014573078848449984,0.00030096117559225307,0.0002265162694609618,0.973880327310037,0.0033401112902263675,0.0007182947362122344,0.021533789218471062
torsiontest2000,testcase-1106,KQNCEYURMYNXOU-UHFFFAOYSA-N,CCN1CCC[Si](C)(C)C1,2-3,10,plain,0,6.28227295121178,0.32411294845161737,0.004365865865388067,0.022263018131988867,1.1909147139262564,0.13997679428957424,2.09161418305341,1.1686516957942674,0.9986130374479956,0.2896484339214885,0.21803505232221895,0.1521315976498712,0.6254674841625217,0.0014748887861877086,2.3047623149783098e-05,0.0028679294560505744
torsiontest2000,testcase-1108,YELGXBUYFOSFJM-UHFFFAOYSA-N,CC[C@@H](NC)c1ccccc1,2-3,11,stereocentre_adjacent,0,5.995492340240162,0.03621109602294064,0.001510783385371158,0.0067832958782955656,0.32403911137003116,0.06652003348797939,1.70249091822977,0.3172558154917356,2.995839112344015,0.08294360625007106,0.1323539079380619,0.027772741281457864,0.8383625673951091,0.0009689715249963409,5.026160485580535e-05,0.0004915502555190119
torsiontest2000,testcase-1109,ZVQBFONOQLTRSY-UHFFFAOYSA-N,O=C1C2=C(c3ccccc31)N(O)CC[N+]2=O,11-12,16,anomeric,0,4.638142075797077,0.09801222432693757,0.01339668866873738,0.02328950443353385,0.41845207920584776,0.15621093645659362,1.3347440132454296,0.3951625747723139,7.988904299583908,0.15797000166712677,0.31732288536510594,0.6601076623600035,0.009172763606153204,0.012413964388040457,2.2788741047878852e-05,0.0009599355396490441
torsiontest2000,testcase-1110,KXKVLQRXCPHEJC-UHFFFAOYSA-N,COC(C)=O,2-3,5,anomeric|conjugated,0,12.798536724905716,1.5357246637340194e-07,0.00017775291802150743,0.01842594180981146,0.01849164656637757,0.05609901714192087,3.9743195006194743,6.57047565661116e-05,0.0,0.0010340101023622878,0.32141823840015316,0.6763091760311684,0.0020948326506568947,7.249471401806531e-06,0.00011706031469366653,5.344313192603437e-05
torsiontest2000,testcase-1111,IJDNQMDRQITEOD-UHFFFAOYSA-N,CCCC,2-3,4,plain,0,5.304072782746516,6.39474565068848e-10,0.002624917081266519,0.00869535688532395,0.00869543036869038,0.07294682304080083,1.413675587396928,7.348336643168973e-08,0.0,8.322365904517137e-06,0.17070593105506268,0.0459386443963877,0.780730507467283,0.001047791596279042,0.0005946686674181884,0.0009824568175692888
torsiontest2000,testcase-1112,OIDIRWZVUWCCCO-UHFFFAOYSA-N,CC[n+]1ccccc1,2-3,8,biaryl,0,1.4081628273124807,4.02075072589216e-05,0.0898759818879946,0.025324272360738476,0.025556631515214753,0.16452511661445474,0.5428461635363606,0.00023235915447627695,0.0,0.0015205577643968684,0.00010595094583823338,0.9100146130317787,3.4541343885036283e-06,0.08755909688334651,0.00013915637511252067,0.0021777286295355807
torsiontest2000,testcase-1114,QJQAMHYHNCADNR-UHFFFAOYSA-N,CCC(=O)NC,2-4,6,plain,0,1.0543127768614795,1.2962722379989304e-05,0.005550330851467361,0.0027272856895177956,0.0030765988009764495,0.029589063210290666,0.39548442385155713,0.0003493131114586539,67.40638002773923,0.0005021770258780209,0.810824234109766,0.045070139145847794,0.13855529589291882,0.004703013405404855,0.0006450820968035725,0.00020223534925893378
torsiontest2000,testcase-1115,OHLUUHNLEMFGTQ-UHFFFAOYSA-N,CNC(C)=O,2-4,5,anomeric,0,13.31184816401219,1.7665733563347835e-07,0.04784617077463712,0.24904504695905683,0.24905163101116606,0.9748048653906313,4.315802999283406,6.584052109237515e-06,0.0,0.0004000466913226054,0.004947484235596148,0.923589278665224,0.02361706632454274,0.04516501989860216,0.0020286901863613,0.0006524606896736631
torsiontest2000,testcase-1116,PMDCZENCAXMSOU-UHFFFAOYSA-N,CCNC(C)=O,2-3,6,anomeric|amide|conjugated,0,5.327072636602679,4.347471477376008e-06,0.0022935357608630702,0.00838467047208377,0.009126452980373597,0.08320438616702337,1.7285490809476078,0.0007417825082898268,0.0,0.0014197138098937918,0.5506191911090833,0.361900579090345,0.08518669403970879,0.0010908184176822815,0.0009120430745257805,0.00029067426865500833
torsiontest2000,testcase-1117,YOUGRGFIHBUKRS-UHFFFAOYSA-N,C[N+](C)(C)Cc1ccccc1,5-6,11,biaryl,0,8.093279437918682,5.896240395145526e-05,0.03145761122211438,0.09088296512123238,0.09362837144641456,0.5277491418622375,2.932486165597936,0.0027454063251821786,0.0,0.017987665369367627,0.0017904976741765367,0.9647398819510687,0.002012009152640338,0.031147973729843854,2.8220524425136544e-05,0.00028141696784538407
torsiontest2000,testcase-1118,VQGBPCIONNQYIL-UHFFFAOYSA-N,c1ccc(C[n+]2cccc3ccccc32)cc1,7-8,17,biaryl,0,8.771625766064972,2.266878851548188e-07,0.018613154684185416,0.21554359457964806,0.2155466669388971,0.3939663700438702,2.426756633398504,3.0723592490400353e-06,0.0,0.00044573107963958105,0.48375970043000505,0.1619315545350829,0.33569559035072666,0.01315381615827613,2.5991110953269923e-05,0.005433347414956017
torsiontest2000,testcase-1119,IBXNCJKFFQIKKY-UHFFFAOYSA-N,C#CCCC,3-4,5,plain,0,4.264393192002899,8.296895802946203e-08,0.00040271874061077555,0.0028316600261035618,0.002857097814054895,0.026653606692053813,1.3206621291380536,2.5437787951333203e-05,126.32454923717057,0.00018029263047216544,0.025469269230667817,0.029233881717220737,0.9448941303115007,0.00012167531119309706,0.00023483224334462237,4.621118607305609e-05
torsiontest2000,testcase-1120,MXFQTGFZZUDWCG-UHFFFAOYSA-N,C#CC[N@@+]1(C)CCc2ccccc2C1,3-4,14,stereocentre_adjacent,0,8.04188076488208,0.382189904586109,0.010533350479130251,0.04418420392944876,1.533496067226792,0.25828284095406,2.479886049208547,1.4893118632973434,5.492371705963933,0.3970810631786656,0.32144738678270823,0.14200336913957232,0.5260158935985892,0.003131988202909643,0.005366208671411519,0.00203515360480909
torsiontest2000,testcase-1121,XEKOWRVHYACXOJ-UHFFFAOYSA-N,CCOC(C)=O,2-3,6,anomeric|conjugated,0,7.219097544904798,4.093135650729654e-07,0.0015960156827112659,0.025666054949115637,0.025709445658495096,0.09670083307815505,2.3338612252869857,4.339070937945874e-05,0.0,0.0006019226644104105,0.6114945623280654,0.2795333176488014,0.107376104340422,0.0008923548769742616,0.0006919108206103287,1.174998512667546e-05
torsiontest2000,testcase-1122,AOQNSZYYTXSOSM-UHFFFAOYSA-N,COC(=O)C1=CC[N+](C)(C)CC1,1-2,12,anomeric|conjugated,0,14.337793069484178,0.0019775817070401725,0.00031701398603743925,0.06407021045692418,0.22862435937639028,0.10874685060254477,4.9354980407743785,0.1645541489194661,0.0,0.012477669215546595,0.7511746633101397,0.2427799884042964,0.005728334299526273,0.00013322742689435366,0.00012158646306121758,6.220009608186799e-05
torsiontest2000,testcase-1123,AOQNSZYYTXSOSM-UHFFFAOYSA-N,COC(=O)C1=CC[N+](C)(C)CC1,2-4,12,conjugated,0,5.193740849441383,0.0035755445954450183,0.0023108121544308624,0.006500336340115424,0.10434536951879306,0.08397400272895436,1.7416504261073542,0.09784503317867763,0.9986130374479671,0.018421648924748103,0.010026852019472546,0.9871714334461882,0.0004909023799084323,0.002267399525468627,2.3639115976784815e-05,1.9773512985450558e-05
torsiontest2000,testcase-1124,NTPLXRHDUXRPNE-UHFFFAOYSA-N,COc1ccc(C(C)=O)cc1,2-3,11,biaryl,0,3.772515842632856,1.850081044844624e-05,0.021936067510846417,0.017234592648129658,0.01822585276389236,0.2048764931405724,1.3784928629682698,0.0009912601157627023,0.0,0.001752617197696178,0.003059355465068691,0.973783991248769,0.0012205857753158837,0.021165502599797128,8.53592244417535e-05,0.0006852056866075341
torsiontest2000,testcase-1125,NTPLXRHDUXRPNE-UHFFFAOYSA-N,COc1ccc(C(C)=O)cc1,6-7,11,conjugated,0,6.484772399708163,4.7206172278434435e-08,0.005448856021610803,0.02263989732568885,0.02264525496794256,0.16887138994730289,2.2671823423812394,5.357642253709521e-06,0.4993065187239836,0.0001389807875657649,3.761860335438002e-06,0.9944366969902567,0.00011068512779697651,0.00535606072407953,5.39176541996508e-06,8.740353211130827e-05
torsiontest2000,testcase-1127,UMXSWZIKKAZRTE-UHFFFAOYSA-N,CC(=O)C[n+]1ccccc1,2-4,10,conjugated,0,6.390542701003142,4.0717986977222515e-05,0.0016270145463512548,0.051495905916156985,0.053579174025824565,0.1067644397895325,2.3191900308302404,0.00208326810966758,4.993065187239949,0.01151645279680088,0.9102014044206241,0.08703978840275176,0.0011317926302728159,0.00034270029999639896,0.00038633254681811127,0.0008979816995367447
torsiontest2000,testcase-1128,UMXSWZIKKAZRTE-UHFFFAOYSA-N,CC(=O)C[n+]1ccccc1,4-5,10,biaryl,0,4.7625312401214615,0.0015176572351804129,0.055706545302747344,0.06184670506767432,0.09381604733411272,0.4318423445554834,1.8118632211829553,0.031969342266438404,143.8002773925104,0.009094126491901711,0.0002225956649687696,0.9440274804996731,4.337853261080689e-05,0.05224540273953521,0.00025301395194661324,0.003208128611265522
torsiontest2000,testcase-1129,LDHMAVIPBRSVRG-UHFFFAOYSA-O,C[n+]1cccc(C(N)=O)c1,5-6,10,anomeric|amide|conjugated,0,3.661534799495712,0.00013309184801622582,0.08226817090799679,0.05104963061211555,0.05289855513293095,0.348433349473822,1.2027713250393692,0.0018489245208153995,0.0,0.004007524926943852,0.33227547749976694,0.5564966031392268,0.028959748453009568,0.07928779265814788,0.00018555926490281354,0.0027948189849461022
torsiontest2000,testcase-113,HTENXUYCKUPMTI-UHFFFAOYSA-N,C=CN(O)c1ccccc1,3-5,10,plain,0,10.794656041776761,0.5180205747344361,0.41275195398824377,1.2441032259180898,1.7088192948872423,1.6251763401377817,2.0486233926462583,0.4647160689691525,12.981969486823857,0.2816178775097846,0.10480072878884486,0.37577608146455854,0.10667123575835293,0.1804422481287921,0.10913742545264564,0.12317228040680604
torsiontest2000,testcase-1131,KWOLFJPFCHCOCG-UHFFFAOYSA-N,CC(=O)c1ccccc1,2-4,9,conjugated,0,5.203026496921666,5.425333585290184e-06,0.005548090144410105,0.022050984723564128,0.022457588478875048,0.13781541456233318,1.826525753071691,0.0004066037553109199,0.0,0.001987118881458659,0.0001047168379000578,0.9942263730019559,0.00012082001573387412,0.005484436760283218,2.828901045792445e-06,6.082448308109449e-05
torsiontest2000,testcase-1133,FDQQHAYNQXRAFI-UHFFFAOYSA-N,C[C@@H](C[N+](C)(C)C)N1C(=O)c2ccccc2C1=O,2-3,18,stereocentre_adjacent,0,9.569195625255816,0.5796097419543229,0.01712348555177859,0.15215067297906643,2.22563853142014,0.41086155393018453,2.920518151646677,2.0734878584410734,129.81969486823857,0.5438661796909887,0.5596931383104145,0.20007914056802167,0.22310423556978534,0.01242280452483675,0.004545571947244669,0.00015510907969717224
torsiontest2000,testcase-1134,NWORVTSPNLVHSH-UHFFFAOYSA-N,CC[N+]1(C)CCOCC1,2-3,9,plain,0,5.673394677723991,0.011327536345367727,0.014091467912908294,0.036804925497324746,0.20806302498351045,0.23134947096203418,1.9244357997342199,0.1712580994861857,118.33564493758666,0.1153991062433504,0.004430344971813907,0.0032205589553247105,0.9782576281599532,0.00407777359455571,0.0006028307122222497,0.009410863606130334
torsiontest2000,testcase-1136,VACSFNSNJPEDON-UHFFFAOYSA-N,CC(=O)C[n+]1cccc2ccc3cccnc3c21,3-4,18,biaryl,0,14.707790906424634,0.005569260348547318,0.10070928715745033,0.6284512896814527,0.6842183047575758,1.3109935625743936,3.6795656029987045,0.05576701507612314,159.77808599167815,0.06661586983994573,7.592193830209304e-05,0.7872220926134291,0.11199269829081866,0.07112982041185294,0.01726432183871461,0.012315144906882763
torsiontest2000,testcase-1137,DTJIKSRARSRPBU-UHFFFAOYSA-N,C=Cc1cccc[n+]1C,7-8,9,conjugated,0,4.094276888121385,1.1030201181339538e-06,0.11415083147051122,0.018865169409220808,0.018914313923327788,0.43874851668196274,1.2975377969434876,4.9144514106980175e-05,0.0,0.00037239289850081523,0.8792102111406417,0.00487082870398701,0.0017681286848600993,0.11363419246091196,4.925717191719388e-05,0.0004673818376820751
torsiontest2000,testcase-1138,PPBRXRYQALVLMV-UHFFFAOYSA-N,C=Cc1ccccc1,2-3,8,biaryl,0,3.112474314548308,5.759929959800289e-06,0.06758257694611822,0.0045195037144042105,0.0052814764455464715,0.29604929078284736,1.1386738695615801,0.000761972731142261,23.46740638002774,0.0008577042715079516,5.3311729358248835e-06,0.9324079267574027,4.165123543171013e-06,0.06756860085382264,3.82720949554122e-06,1.0148882800036906e-05
torsiontest2000,testcase-1139,UNXLOMTXHWLJNG-UHFFFAOYSA-N,CC(=O)[C@H](C)[n+]1ccccc1,2-5,11,gauche_effect|conjugated|stereocentre_adjacent,0,5.4558087877812795,0.09274288978947971,0.042344254195827734,0.108615822371533,0.6101778052147808,0.4200028192085739,1.9746150476005848,0.5015619828432478,46.43550624133147,0.21022121966410076,0.0011535098550393788,0.9563703019868189,0.00013193396231395033,0.03004507424190443,0.0007126346886869678,0.011586545265236337
torsiontest2000,testcase-114,CJWQARLRYFLHGE-UHFFFAOYSA-O,C[N+]1(C)CCC[C@@H](S(=O)(=O)O)CC1,6-7,13,stereocentre_adjacent,0,8.339764405041933,0.6425766688775975,0.004868059190114733,0.04817871629805942,1.8926953113215577,0.17158821988572828,2.3608476810644516,1.8445165950234983,14.979195561719848,0.5023068101615233,0.5150902066650249,0.03434506406154654,0.44569667008331376,0.00385402578654881,0.0006058592986438354,0.0004081741049220878
torsiontest2000,testcase-1140,HKKSYDPAOWMBSD-UHFFFAOYSA-O,Cc1cc(O)ccc1[N+](C)(C)C,3-4,12,plain,0,2.6153571282629855,5.791692833726741e-05,0.014805480792522726,0.09425211052065328,0.09457605508087681,0.15659042445053684,1.0320127957536054,0.0003239445602235269,0.0,0.002655150284251583,0.0002961591240704345,0.00025994769900221316,0.9846384123844046,0.0006306962830130397,0.00032175172917257334,0.013853032780337114
torsiontest2000,testcase-1141,QWVGKYWNOKOFNN-UHFFFAOYSA-N,Cc1ccccc1O,7-8,8,plain,0,3.586384680325864,5.2358417015031614e-08,4.800288313183965e-06,0.0003032728732060021,0.0004153037027253958,0.002733599490083025,1.2399716838832575,0.00011203082951939365,0.0,0.00010376472158155337,0.00041188796225860537,0.9944429319665837,0.005140379782844398,2.3134000567749927e-06,1.8127094673949894e-06,6.741787890139834e-07
torsiontest2000,testcase-1142,JLTDJTHDQAWBAV-UHFFFAOYSA-N,CN(C)c1ccccc1,5-6,9,plain,0,3.472366944537498,0.5238160562266461,0.029466127685174922,0.04178915261135381,0.8884715344206766,0.21459980287273217,1.2269461819912921,0.8466823818093228,10.485436893203882,0.28093914023855915,5.606525507252546e-05,0.9704017653592619,7.604170049035956e-05,0.02770986560855503,4.077522204149347e-05,0.0017154868545783929
torsiontest2000,testcase-1144,MMTBTGPRUICPTO-UHFFFAOYSA-O,CNC(=O)C[n+]1ccccc1,2-3,11,plain,0,7.36846626107581,1.9302946182572748e-05,0.0008873659957457391,0.021741376975050644,0.025273542432453118,0.09003749765745833,2.9331777783121393,0.003532165457402474,43.93897364771152,0.006470638000385487,0.9788894987445335,0.008505661526010884,0.011717473733709722,0.0005238577671861073,6.333174574844395e-05,0.000300176482811188
torsiontest2000,testcase-1145,MMTBTGPRUICPTO-UHFFFAOYSA-O,CNC(=O)C[n+]1ccccc1,3-4,11,biaryl,0,4.185281085898168,0.009075414806489086,0.05880346645425972,0.09277290831303069,0.1772092185645302,0.3953651305895314,1.5876032194481904,0.08443631025149952,1.4979195561719791,0.022605664316154468,0.0002034040732893257,0.9409268881505654,6.624132188577202e-05,0.046751220558126735,3.240110966139902e-05,0.012019844786471588
torsiontest2000,testcase-1146,CUQQXXHZLBBJGV-UHFFFAOYSA-N,C=NNC(C)=O,2-4,6,conjugated,0,15.534757806017296,1.0091311042022714e-07,0.025287196764597876,0.25937375649804506,0.25937821014711365,0.8038712402670355,4.791826580650628,4.453649068592025e-06,0.0,0.00034773896351159944,0.2010624957107857,0.7507405214941283,0.022909786030488034,0.018301242201498227,0.006728486948479978,0.00025746761461966554
torsiontest2000,testcase-1147,CUQQXXHZLBBJGV-UHFFFAOYSA-N,C=NNC(C)=O,4-5,6,conjugated,1,8.590855825168546,1.9284539181622791e-07,0.023483529539613805,0.1878921776787069,0.18789663711862897,0.4892583936432853,2.953850006945158,4.459439922083197e-06,0.0,3.7578834183113866e-05,0.6175913455737909,0.31922070618835247,0.03970441869824281,0.015779233599783782,0.007620633761160353,8.366217866966978e-05
torsiontest2000,testcase-1148,JYQSNBZLUHBAML-UHFFFAOYSA-N,C/N=C/c1ccc(C(=O)O)cc1,2-3,12,biaryl,0,5.840789786132518,0.0005249132944350573,0.015402950434759678,0.10587342123444035,0.11505634132731267,0.26597255264420594,1.9688040707017165,0.009182920092872318,1.4979195561719791,0.01797838367842397,0.00023440705882326243,0.9830878437431437,0.0012747987632731926,0.014297064836034105,0.0008922434861485978,0.00021364211257697565
torsiontest2000,testcase-1149,WPYMKLBDIGXBTP-UHFFFAOYSA-N,O=C(O)c1ccccc1,6-8,9,conjugated,0,11.957532908942085,1.4833460793782148e-06,0.0016496596850243959,0.06738053042084778,0.0675310919145685,0.16471197784791186,3.7011149746492342,0.00015056149372072447,0.4993065187239836,0.0007608712170456292,0.24378882329368676,0.7515651059801526,0.0029964110411362594,0.0012609064655115477,0.0002689029162037899,0.00011985030330905813
torsiontest2000,testcase-1151,LHGOXICYTXLGNH-UHFFFAOYSA-N,COC[S+](C)C,4-5,6,plain,1,9.978629294433631,0.07665644226666385,0.013364536914090236,0.36098854098564087,0.8747024796701394,0.4909014035892324,2.9002257452429343,0.5137139386844984,160.2773925104022,0.33294778968048017,0.5410949286909108,0.32342166205605394,0.12211887233894503,0.0051165298958944765,0.004875351210823888,0.0033726558073718725
torsiontest2000,testcase-1152,XOBKSJJDNFUZPF-UHFFFAOYSA-N,CCOC,2-3,4,plain,1,5.822242559603183,6.19496199036792e-10,0.0004047008245257334,0.009409648949233506,0.009409724832870968,0.031960449385760745,1.5183269507381396,7.588363746223459e-08,0.0,1.257360616596325e-05,0.5208726787061546,0.09653666301516733,0.3821859574541523,4.0756511599372566e-07,0.00022420083302104803,0.00018009242638869166
torsiontest2000,testcase-1153,XBDQKXXYIPTUBI-UHFFFAOYSA-N,CCC(=O)O,2-3,5,anomeric|conjugated,0,1.403017725679092,8.876923896183117e-09,0.003501611729335806,0.002264518404227238,0.002264801936454562,0.022620791287001295,0.38035945120332104,2.835322273240723e-07,0.0,1.404367603699713e-05,0.7124159879196985,0.08794225184290921,0.19614014850805633,0.0032828445751629195,0.00016520652442577206,5.3560629747113955e-05
torsiontest2000,testcase-1154,QTBSBXVTEAMEQO-UHFFFAOYSA-N,CC(=O)O,2-4,4,plain,1,12.560583662649151,5.1170000581287664e-08,0.00012778566889754266,0.0012526097236839554,0.0015373733937302804,0.044560315401631655,3.940362410925658,0.000284763670046325,0.0,0.00018942032043027697,0.19229474445960876,0.8073694349149844,0.00020803495650935654,0.00012340326521414685,3.48105349904576e-06,9.013501843500307e-07
torsiontest2000,testcase-1157,ICFVFAICDHWELA-UHFFFAOYSA-N,C[N+](C)(C)C1(c2ccccc2)CCCCC1,2-5,16,plain,0,8.44277167407563,8.76430705392199e-06,0.06334193859115064,0.054749004258653075,0.055542161534004486,0.7970096018111497,3.1597748786412576,0.000793157275351411,105.35367545076281,0.003772806982614989,8.65629123985638e-05,0.00013664231781859322,0.9364348561786322,1.6542111739820435e-05,5.81911079358999e-07,0.06332481456833146
torsiontest2000,testcase-1158,IXPXRNJBYYEHIE-UHFFFAOYSA-N,C[N+](C)(C)C1(c2ccc(F)cc2)CCCCC1,5-6,17,biaryl,0,17.85848612280097,0.0014048504505923191,0.02109315208077949,0.36204854362640754,0.4393720690896382,1.0302952457111267,6.651435570319922,0.07732352546323068,0.0,0.0302562354947475,0.0013281585401853572,0.9761925671267438,0.0013861222522910802,0.01644093878241428,0.0004921441933624798,0.00416006910500273
torsiontest2000,testcase-1159,STZVEMYTZCTXSE-UHFFFAOYSA-N,CSC(c1ccccc1)=[N+](C)C,2-3,12,conjugated,0,11.848534064134583,1.7513904038171027e-06,0.08571844225579651,0.14840517223653749,0.1484823201348968,1.069124288455982,3.6193591569372607,7.714789835930325e-05,0.0,0.0016247730377183039,0.30518230065585367,0.5965220197191469,0.012577237369203133,0.07789499043613238,0.00782119247091726,2.2593487468766225e-06
torsiontest2000,testcase-116,TVNHTAMNFLSVMC-UHFFFAOYSA-N,C/N=C/C(=O)Nc1ccccc1,2-5,12,gauche_effect|conjugated,0,15.490287037449889,3.6058362900672277e-06,0.04387616349970405,0.19651171166471357,0.19672716236677354,1.0341881405124724,4.851277761571199,0.00021545070205997163,0.0,0.0031950538352919586,0.3788424733244093,0.5741161955432313,0.003165167632655305,0.03858672805211355,0.0033229593218481387,0.001966476125742366
torsiontest2000,testcase-1160,KKKONBHNKSPVMH-UHFFFAOYSA-O,C[N+](C)=Cc1ccc(O)cc1,5-6,11,conjugated,0,6.979056912416127,0.00023310363911425603,0.00010244714177458052,0.007269265341467967,0.03769493695017271,0.025575287436900195,2.422595161952243,0.03042567160870474,0.0,0.009470128626287462,0.00012269606710818524,0.9982549028584056,0.0015199539327117174,9.61331187382316e-05,6.003490368205994e-06,3.1053266814291474e-07
torsiontest2000,testcase-1161,BSCHMDNJUBWGGY-UHFFFAOYSA-N,C=C(N)S,1-2,4,anomeric,0,3.2196652687271126,2.7134168820985525e-06,0.4496173972742966,0.2281328124720123,0.22813721935112782,0.620664175627046,0.8905472540630438,4.406879115514961e-06,0.0,0.0005227093333613369,0.06951669372087958,0.3184641962589493,0.16240171274587448,0.44211914314439127,8.319147976061048e-05,0.0074150626501447645
torsiontest2000,testcase-1162,BSCHMDNJUBWGGY-UHFFFAOYSA-N,C=C(N)S,2-3,4,plain,0,3.553233936196193,1.7249568397242647e-05,0.5376272839677199,0.3971830053079886,0.39719826693876487,0.7318584406077508,0.927678332008737,1.52616307762532e-05,82.38557558945911,0.0013838096240030467,0.13487613196436493,0.008862697318537774,0.3186338867493775,0.4409562408877375,0.0016815038098595564,0.09498953927012287
torsiontest2000,testcase-1163,XIKBRPOPVDHWHR-UHFFFAOYSA-O,C=C(C(=O)NC)[n+]1ccccc1,2-3,12,anomeric|conjugated,0,6.997716938669328,0.00806729002756213,0.022911032527608097,0.2667790078344218,0.35797966474368903,0.48268926196715695,2.6709639196744863,0.09120065690926721,49.93065187239944,0.09213674115164065,0.7917210261614096,0.1541020923054491,0.0312658490055332,0.017897467242515893,0.0027148075210648146,0.002298757764027392
torsiontest2000,testcase-1164,XIKBRPOPVDHWHR-UHFFFAOYSA-O,C=C(C(=O)NC)[n+]1ccccc1,2-6,12,gauche_effect|conjugated,0,5.504847691976465,0.0013376727989012603,0.1739646407679442,0.16358643591573718,0.178067249471522,0.8186418540285537,1.9301013916270136,0.014480813555784816,0.4993065187239836,0.021579937124186422,5.3904133121624995e-05,0.825808483662844,0.00017297143609025034,0.17392766126343479,3.0375387235362844e-05,6.6041172740407065e-06
torsiontest2000,testcase-1165,FZERHIULMFGESH-UHFFFAOYSA-N,CC(=O)Nc1ccccc1,2-4,10,anomeric|conjugated,0,12.594230730144773,2.690101325696398e-05,0.06017014029243591,0.2354293104911022,0.23626626654694152,0.9687418689432898,3.838104399449867,0.000836956055839333,0.4993065187239836,0.011368550987377986,0.013593358692070068,0.9208643392827973,0.00537216173269672,0.052161614338806506,0.0015194552060497758,0.006489070747579629
torsiontest2000,testcase-1166,FZERHIULMFGESH-UHFFFAOYSA-N,CC(=O)Nc1ccccc1,4-5,10,biaryl,0,3.4295037709525786,0.0011926364750545566,0.05506949634373922,0.03606147217534269,0.05347646879472775,0.27074124076605205,1.1440035425919879,0.01741499661938506,0.9986130374479671,0.009384298664024798,0.0002615990682991062,0.9444444954866317,0.0002244091013297473,0.05019629463121309,9.20990768181465e-05,0.00478110263570799
torsiontest2000,testcase-1167,SVDVKEBISAOWJT-UHFFFAOYSA-N,CNS(=O)(=O)c1ccccc1,4-5,11,plain,0,3.87197690049652,0.1860409265157811,0.11217379702482522,0.3283785317113224,0.5677729140915134,0.48701698371733876,1.1229350116317716,0.239394382380191,3.994452149791954,0.14188077454680179,0.007657844980117983,0.8710761687369054,0.00909218925815144,0.05739608845100794,0.009553588956297586,0.04522411961751969
torsiontest2000,testcase-1168,PZVFQOBASICMME-UHFFFAOYSA-N,CCNS(C)(=O)=O,2-3,7,plain,0,5.412116819235962,0.08460792767462864,0.05214424155029149,0.28232420482941617,0.5247503169223456,0.44753846574042666,1.5466763554737766,0.24242611209292947,2.4965325936199747,0.14418056396806958,0.5197424140436416,0.3706744668972394,0.0574388775088275,0.006471413818160714,0.007002224292749222,0.03867060343938155
torsiontest2000,testcase-1169,AKVITZDRJGIFAS-UHFFFAOYSA-N,CCCNS(C)(=O)=O,2-3,8,plain,0,4.046984002867248,0.028825942359107057,0.017814854754919507,0.1200709029405854,0.2500459223334399,0.21011245826555414,1.2974060557858995,0.12997501939285452,2.4965325936200315,0.06835758226414894,0.027981550860115154,0.011352837916521584,0.9428507564684437,0.00927394907485165,0.007135730742659648,0.0014051749374082087
torsiontest2000,testcase-117,KDUZUMYJQDSBRY-UHFFFAOYSA-N,C/N=C(/C)c1ccccc1,2-4,10,plain,0,5.058721607609186,2.1361223200283384e-05,0.1895685671768493,0.11822213787829844,0.11847997359988632,0.7453752192934866,1.6944113421129372,0.0002578357215878846,0.499306518724012,0.004127391565826678,0.0035962066823231574,0.806692256155379,0.00014296998544866636,0.17972262852674462,0.0006361035516911158,0.009209835098413598
torsiontest2000,testcase-1172,UUEOOWJGGDGGJE-UHFFFAOYSA-N,COC(=O)C[n+]1ccccc1,2-4,11,conjugated,0,3.641413463978097,4.6557484463220544e-07,0.002467942257474118,0.04283542391678311,0.042845021537176876,0.07870143235011569,1.3296994530258204,9.597620393764217e-06,0.0,0.0001847787064344942,0.7822237510706732,0.21483371227534154,0.00047459439651124853,0.001886619448181927,0.00011903430990071147,0.00046228849939147944
torsiontest2000,testcase-1176,SIWGIBHUWSJVBU-UHFFFAOYSA-N,C/N=C/c1ccc([N+](C)(C)C)cc1,2-5,13,plain,0,0.9131919893552549,0.014171632160079568,0.9388221845589483,0.03879477247750872,0.052684815727178355,0.2927142800175926,0.30193867776819194,0.013890043249669637,0.4993065187239836,0.014662205655348337,0.0031309391553498065,0.001708157037543579,0.056338719248158295,0.0026970490598258764,0.0016728307561461,0.9344523047429764
torsiontest2000,testcase-1177,IDBOAVAEGRJRIZ-UHFFFAOYSA-N,C=NN,2-3,3,plain,0,11.645981213616324,0.6525039385049385,0.036865082853749336,0.6762601097639988,2.947006149367014,0.9602945053589479,3.6147595363338447,2.270746039603015,150.29126213592232,0.5293011746024749,0.16783479735227283,0.735272734081687,0.06002738571229074,0.01375215170163251,0.01483897448955854,0.008273956662558287
torsiontest2000,testcase-1178,NDZFNTHGIIQMQI-UHFFFAOYSA-N,c1ccc(C[n+]2ccccc2)cc1,5-6,13,plain,0,1.7130966233089566,0.014455343584323993,0.06912113304547443,0.10719214930676334,0.13002780024967664,0.1933726465956574,0.621478308480234,0.022835650942913302,37.947295423023604,0.0377715761945764,0.005449119917569942,0.9205459123932859,0.004883834643669739,0.051753346154532996,0.004579805463276109,0.012787981427665318
torsiontest2000,testcase-1179,PIGRTOFCWBDPMN-UHFFFAOYSA-N,C[C@H]1C[N+](=O)C=CN1O,3-4,9,anomeric|stereocentre_adjacent,0,3.2298415321856737,0.09427034187871769,0.0010233378936130172,0.006534542804407152,0.30618694903543825,0.03255662048355482,0.9970328718361433,0.2996524062310311,166.26907073509017,0.16902944170988962,0.14004302846653607,0.8360450231054354,0.02288861053441555,0.0007896213296345681,0.0002253726395904889,8.343924387960155e-06
torsiontest2000,testcase-1180,XTPQISKRYQWPHE-UHFFFAOYSA-O,Oc1c(-c2ccccc2)sc2nccc[n+]12,7-8,16,biaryl,0,3.6911052108043805,0.0031196587438962657,0.6713536554236672,0.2470541115979568,0.2525283942199356,0.8059645245752269,0.9683429460005557,0.0054742826219788265,0.9986130374479956,0.0199062786037889,0.00046891016762537285,0.32626330903080514,0.0019141253779022208,0.5843530887817598,0.0013545024201249785,0.0856460642217823
torsiontest2000,testcase-1183,RNFYSKWGPUCANU-UHFFFAOYSA-N,CC[N+]1=CCCCC1,2-3,8,conjugated,0,3.6630984555813484,0.04432846439598837,0.022189960778185417,0.01718396641560437,0.2221644990227087,0.15765372694436605,1.052175405502909,0.20498053260710433,115.3398058252427,0.09699231674590603,0.23431274399901678,0.2586249761895433,0.48487231903325456,0.01366770798530451,0.007307426826363968,0.0012148259665169402
torsiontest2000,testcase-1187,ABDKAPXRBAPSQN-UHFFFAOYSA-N,COc1ccccc1OC,4-5,10,plain,1,3.63312207441777,6.4946794747228254e-06,0.016478805167591887,0.03067789265918011,0.03076611939943979,0.1212259379047247,0.9141262068436496,8.822674025967675e-05,0.0,0.0007649785473031776,0.4864684907640004,0.0032907814958754488,0.4937619225725322,0.013738528819020228,9.24877493878566e-05,0.0026477885991838014
torsiontest2000,testcase-1188,XSALNKORXPDAPT-UHFFFAOYSA-N,C[N+]1(C)CCC[C@H](O)C1,6-7,9,anomeric|stereocentre_adjacent,0,9.181674240651773,0.4090385249797948,4.226675971167808e-06,0.008263842117721697,2.04063118403033,0.010550812015254526,3.1906586310944243,2.0323673419126083,15.478502080443832,0.3899550335839632,0.9602737813943258,0.03018533412850854,0.009536657801194521,1.5163992991808613e-06,1.3822712119192081e-06,1.3280054600677382e-06
torsiontest2000,testcase-1189,KYHVCVXRFYKFSR-UHFFFAOYSA-N,COc1ccc2c(c1)nc1ccccc1[n+]2C,2-3,17,biaryl,0,6.701287067611702,0.00011422569670563758,0.006029958058197397,0.023824152495862692,0.032440288670608095,0.16173787802782638,2.060250344144094,0.008616136174745402,0.4993065187239836,0.0074933976787464425,0.18591258337966218,0.7921207855216387,0.01593667304050174,0.005129790510588857,0.0007407811686395663,0.0001593863789689745
torsiontest2000,testcase-119,FCEAXXVYZXAQHQ-UHFFFAOYSA-N,O[C@H]1[C@@H]2CCC[C@H]1CCC2,9-10,10,stereocentre_adjacent,0,1.3675312092527747,0.14768897664277936,0.006200756869805904,0.04325324661662364,0.15303326736858666,0.0526835492643655,0.38441430295757234,0.10978002075196303,120.83217753120664,0.06701839650611012,0.07918372339462841,0.11331269128957847,0.8013028284459871,0.0023207045675641227,0.0006999725520270109,0.0031800797502147702
torsiontest2000,testcase-1190,LFCGYFQNFRGNKL-UHFFFAOYSA-N,CC[n+]1c2ccccc2nc2ccccc21,14-15,16,plain,0,10.514061602123547,1.1330331238147184e-06,0.010133516056901503,0.10333443463793814,0.10340731776812061,0.38136816309987637,3.6482166688570747,7.288313018247172e-05,0.0,0.001252322108830235,0.0012586041066550003,0.9884357573317151,0.00017212250472844662,0.009758827051925932,0.00015167830622096556,0.00022301069875460625
torsiontest2000,testcase-1191,FRWKMMLGMIBOID-UHFFFAOYSA-N,CC1=C[N+](=O)[C@@H]2CCCC[C@H]2N1O,12-13,13,plain,0,3.8471214655437507,0.17984562486332065,0.0024687891555540764,0.05795955688142916,0.491027736145564,0.08138153881717727,1.1512254773812194,0.4330681792641348,159.27877947295423,0.23719587835540334,0.4175049087173686,0.5796048833644974,0.0004214187625796427,0.0013316938669588295,0.0010635761718114445,7.351911678380227e-05
torsiontest2000,testcase-1192,KRKHMSBDINUKIE-UHFFFAOYSA-N,C=N[N+](C)(C)C,2-5,6,gauche_effect,0,0.7951997882919386,2.0502116873339834e-06,0.06103131735106428,0.01999204695221208,0.019996480329377914,0.07534657713082991,0.2947380875427639,4.43337716583489e-06,0.0,0.0001760192166381818,5.1534378894720466e-06,0.004073608554581427,0.934889920656465,0.004366587160988998,0.001414302746787373,0.05525042744328791
torsiontest2000,testcase-1193,JJWJXGNYOOKQNE-UHFFFAOYSA-N,C/N=C/[C@@H]1CC=CCC1,2-3,9,stereocentre_adjacent,0,1.5423558604961727,0.009436702311077075,0.007176062653141554,0.002574064694751867,0.046713157970530876,0.04075487692443758,0.48014747636347105,0.04413909327577901,0.9986130374479671,0.02486288380757039,0.01371862625593609,0.019625767516200574,0.9594795435747216,0.0009350059405287609,0.00524516744834199,0.0009958892642708043
torsiontest2000,testcase-1195,VYFQTZSQRZCAGR-UHFFFAOYSA-O,C[n+]1c(N)sc2ccccc21,2-3,11,conjugated,0,7.177625009324402,3.2788708361509914e-06,0.044327197264530015,0.13430495814800741,0.13438310558647337,0.5494540836164141,2.534133671467679,7.814743846595862e-05,0.0,0.000537408168424095,0.012003688635548102,0.9198578694316767,0.023811244668245014,0.03727854912838405,0.005626822514683597,0.0014218256214623762
torsiontest2000,testcase-1198,OCWLYWIFNDCWRZ-UHFFFAOYSA-N,CC[C@H](C)C(=O)OC,2-3,8,stereocentre_adjacent,0,5.0235490883060265,0.15481040084471565,0.006339847421076135,0.07823880524827925,0.5626189723995602,0.13723593016287478,1.4181947156770478,0.4843801671512809,122.82940360610263,0.17099269255136368,0.133206658137567,0.03518391432863138,0.8252695801127254,0.00026528596562700444,0.0010027272815487458,0.005071834173900385
torsiontest2000,testcase-1199,BHIWKHZACMWKOJ-UHFFFAOYSA-N,COC(=O)C(C)C,2-4,7,plain,0,1.091520670481259,0.6505217659587004,0.025089949835538087,0.0036066024870816736,0.31122321646545664,0.06122330476944595,0.3858611661177969,0.307616613978375,22.968099861303727,0.1340788033166153,0.6126901388343086,0.20745918849663642,0.15476072283351713,0.024507039896812473,0.0003308234334588832,0.0002520865052667308
torsiontest2000,testcase-12,WBVQKMGYEFAZCR-UHFFFAOYSA-N,CC(=O)NCc1sccc1Br,4-5,11,biaryl,0,3.910132186021656,0.21580316960593496,0.027246970164081657,0.30992345842768376,0.5989782403327985,0.3594765859390786,1.1460669633721163,0.2890547819051147,5.492371705963933,0.22937942186689478,0.431395917555201,0.426097599714477,0.11525951256624048,0.004726246009906402,0.011840191709605475,0.010680532444569778
torsiontest2000,testcase-120,KUIZKZHDMPERHR-UHFFFAOYSA-N,C=CC(=O)c1ccccc1,2-3,10,conjugated,0,3.51521672680974,0.09264758041343334,0.30252430915601314,0.38801754854999354,0.5016088346110213,0.6932024662580191,1.1141310984305812,0.11359128606102781,124.32732316227458,0.16385407444426675,0.0034080168709091628,0.6736401014596666,0.020427572513411284,0.24664057034129142,0.028650952846122322,0.027232785968599457
torsiontest2000,testcase-1200,JMMWKPVZQRWMSS-UHFFFAOYSA-N,CC(=O)OC(C)C,2-4,7,plain,0,7.242174803599482,0.5569362974715862,0.0025101955556308814,0.020970207403798104,1.9027071280745544,0.12944084201351003,2.5495144578630367,1.8817369206707564,97.3647711511789,0.5367601554531558,0.5000934968225953,0.275796047043545,0.22160026057822899,0.002157728588287934,0.00033340592607069674,1.906104127225062e-05
torsiontest2000,testcase-1201,NZWOPGCLSHLLPA-UHFFFAOYSA-N,CC(=O)O[C@@H](C)C[N+](C)(C)C,4-6,11,stereocentre_adjacent,0,10.35077324055601,0.6978708240338584,0.015532569051040111,0.16950161531200342,2.3973568068262567,0.39498087606522936,2.86758982628424,2.2278551915142533,147.79472954230232,0.5629366531552192,0.5324769712603789,0.224683110366513,0.22730734932206811,0.0002281301989041758,0.006920013014339173,0.008384425837796762
torsiontest2000,testcase-1202,BYQQTWROSPBRIU-UHFFFAOYSA-O,Oc1ccc(O)c(-[n+]2ccccc2)c1,5-6,14,anomeric|conjugated,0,6.023843045637477,0.0007723000892532149,0.0025215304313094744,0.05472818954229423,0.07813870479526433,0.11467695279953008,2.0076262467444908,0.023410515252970103,13.980582524271853,0.04343754668836518,0.9830049404246608,0.013702108733480753,0.0007714204105490132,0.0015452089242330054,0.0002496901065176997,0.0007266314005587694
torsiontest2000,testcase-1203,BXQUBDFLNMMEEJ-UHFFFAOYSA-O,Oc1ccccc1-[n+]1ccccc1,6-7,13,biaryl,0,9.444967501447536,1.7455503987570473e-05,0.22669933772155879,0.30593786661177275,0.30620006142262046,1.4758205250894605,3.047681756525832,0.0002621948108477157,0.499306518724012,0.0033293877996698855,0.0003334403163816884,0.7729645029503867,2.719011672675582e-06,0.2084958982109185,7.800396426205955e-05,0.018125435546378212
torsiontest2000,testcase-1204,KGVWWFCEYXERAE-UHFFFAOYSA-N,C=CC[N+](C)(C)C,2-3,7,plain,0,6.136297450779239,1.076070637621505e-05,0.020172549732965294,0.04527385745850645,0.04584352228827099,0.31520807068985257,2.1967582130822865,0.0005696648297645393,0.0,0.0009588437539703108,0.47399539758534875,0.36960020094629764,0.13623185173538827,0.01366509712013024,0.006214283944121547,0.00029316866871351036
torsiontest2000,testcase-1206,WTQCYOLQZPXQBM-UHFFFAOYSA-N,CO[B-](OC)(OC)c1cccs1,4-5,12,plain,0,5.955199167015962,0.7931441050977344,0.042568578523869034,0.04179986917125828,1.8511639092836503,0.43078128378401803,2.0784796480779084,1.809364040112392,31.95561719833563,0.4922389392988961,0.0014571618492747467,0.9551743266221485,0.00079993300470784,0.041322048255455664,0.00019452964258527452,0.0010520006258281011
torsiontest2000,testcase-1207,GYYGYUFSLOWDPP-UHFFFAOYSA-N,CC(C)O[B-](C)(C)C,2-3,8,plain,0,6.639116091886535,0.7111865284533634,0.01656537946021636,0.12295193289865164,1.8690976068229932,0.3100622447736135,2.2149773600492018,1.7461456739243415,59.916782246879336,0.5777992154339985,0.7858628202278697,0.14406795164725753,0.05350384866465648,0.000768768931273973,0.014640405431924861,0.0011562050970175273
torsiontest2000,testcase-1208,LCWXMSTUVQHMAN-UHFFFAOYSA-N,CN1C[C@](O)(c2cccs2)[N+]2=C1CCCC2,1-2,16,stereocentre_adjacent,0,4.500384475570172,0.41309085998496303,0.009580983742985744,0.0378877029103853,0.8297032521738608,0.13179024461670202,1.2901319378127252,0.7918155492634754,90.37447988904302,0.3600802163820702,0.6338392032051676,0.20696402004413295,0.14961579300771374,0.007460912956836467,0.0013972218466307266,0.0007228489395185507
torsiontest2000,testcase-1209,LCWXMSTUVQHMAN-UHFFFAOYSA-N,CN1C[C@](O)(c2cccs2)[N+]2=C1CCCC2,2-3,16,biaryl|stereocentre_adjacent,0,5.842190861119889,0.1641594796535303,0.12295808116273209,0.1804486785582166,0.615968829841678,0.5407055112249635,1.4647462556532707,0.4355201512834614,18.97364771151183,0.24896581103718973,0.06063888903159397,0.7998200563975411,0.01658297340813294,0.10112059950786574,0.011406625143696999,0.010430856511169347
torsiontest2000,testcase-1210,DMFZFNCXYIMWIZ-UHFFFAOYSA-N,c1ccc(N2CC[N+]3=C2CCCC3)cc1,3-4,15,biaryl,0,5.569709112402052,0.11815618750048822,0.09857641305249261,0.09147915743645647,0.6559998579987715,0.6003433134885855,1.8919947781005237,0.564520700562315,157.78085991678222,0.154183516561927,0.0021365756769567614,0.8990715841328423,0.00021542713770827113,0.091444586842615,0.0004669010961138602,0.006664925113763745
torsiontest2000,testcase-1211,JPKKMFOXWKNEEN-UHFFFAOYSA-N,C[C@@H](O)C[N+](C)(C)C,5-6,8,stereocentre_adjacent,0,12.214730047562625,0.43279431293396425,0.017996638969658776,0.11700729895956959,2.0502008734523223,0.43348104079017313,3.113537437080426,1.9331935744927526,2.9958391123439867,0.49003506485049886,0.7389143375898498,0.0614573571795139,0.18163166626097738,0.004192565197857377,0.010428695995720107,0.0033753777760812923
torsiontest2000,testcase-1212,KFZMGEQAYNKOFK-UHFFFAOYSA-N,CC(C)O,2-3,4,plain,0,1.245861696137581,0.05358282206706766,0.0005982444071850524,0.000653871394118153,0.08883631014216475,0.009409277282565597,0.3837659914453045,0.0881824387480466,1.9972260748959911,0.036376957915345155,0.0027079868545253263,0.05658978767268166,0.9401039810656078,0.00044581185971613645,8.076763295744245e-05,7.16649145114736e-05
torsiontest2000,testcase-1213,LGGJEZQSZBHNBE-UHFFFAOYSA-N,C#CC[N+](C)(C)C,3-4,7,plain,0,5.910798161523417,1.331848157506691e-06,0.00045046908973110574,0.007394931041230178,0.007777375967020178,0.04491418676133118,2.087304120359984,0.00038244492579000023,0.0,0.0011329894323359295,9.790543520685047e-06,0.00017202387225055487,0.9993677164944975,0.00019176274505147304,9.917372372445299e-06,0.00024878897230718735
torsiontest2000,testcase-1214,QBHHAFHJUUAKDO-UHFFFAOYSA-N,C[N+](C)(C)CCN1C(=O)CCC1=O,4-5,13,plain,0,8.730665628740098,4.002008649275436e-05,0.006343985516303845,0.061773319535971996,0.06358653729018177,0.19962025877946005,2.3840267778296345,0.00181321775420977,152.2884882108183,0.005511612051812217,0.3090956333945625,0.4384582730544414,0.24610210803469226,0.004609330465673637,0.00032988924372589075,0.001404765806904317
torsiontest2000,testcase-1215,ONLBYCQBYWTPJM-UHFFFAOYSA-N,CCC[N+]1=CCCCC1,2-3,9,plain,0,5.497072711761575,0.09514722456520759,0.018299696017211615,0.05521888276440295,0.45840587499169716,0.20707046200819604,1.4763260372788467,0.4031869922272942,119.83356449375867,0.22729909851002672,0.14246224750035874,0.06384615861930394,0.7753918978631259,0.01352305278697924,0.0037133120292858726,0.0010633312009465025
torsiontest2000,testcase-1216,MZKQEZAUVUFWOB-UHFFFAOYSA-N,C=C1C=CC(C(=O)NC)=CN1C,4-5,12,anomeric|conjugated,0,6.3290263987728395,2.1456630231811833e-05,0.08289317743908081,0.11607048044046278,0.11644113222171765,0.5885689044468454,2.0074818780518364,0.000370651781254866,1.4979195561719791,0.0018911897818107493,0.03520094423560451,0.8532272181176213,0.02867866020769365,0.08212191246709215,0.0002868419470166391,0.00048442302497201186
torsiontest2000,testcase-1217,MZKQEZAUVUFWOB-UHFFFAOYSA-N,C=C1C=CC(C(=O)NC)=CN1C,5-7,12,conjugated,0,11.229371288383845,4.761303419181449e-06,0.060380012957293436,0.31182222377260216,0.3119019013306924,0.852910923551847,3.2457482648609672,7.967755809024091e-05,0.4993065187239836,0.002060643055231149,0.04802536488069828,0.758995927037504,0.13259869512450428,0.04536988636616881,0.014997244489565097,1.2882101559519546e-05
torsiontest2000,testcase-1218,IHPHPGLJYCDONF-UHFFFAOYSA-N,CCCNC(C)=O,4-5,7,plain,0,3.9968491146573797,0.012426188284297712,0.0027258277085618135,0.02786792589619207,0.14337417951180295,0.07152264555669187,1.2619580791504392,0.11550625361561088,0.9986130374479671,0.03537373929430962,0.027693745484355162,0.01735017647966948,0.9522302503274135,0.0005556259442513658,0.002068872906666077,0.00010132885764437039
torsiontest2000,testcase-1219,JBKPUQTUERUYQE-UHFFFAOYSA-N,CN1C=CC=C/C1=C\N=O,8-9,10,conjugated,1,20.35058857878903,1.083562164660525e-07,0.03710959772065256,0.22832552702828646,0.22833468467145346,1.2183378007783259,6.216622123085356,9.157643167001517e-06,0.0,0.00028973507115187476,0.0236961250735459,0.9294608819689016,0.009733395236899934,0.03315240686933803,0.0005781354323350833,0.0033790554189794507
torsiontest2000,testcase-1225,LINDOXZENKYESA-UHFFFAOYSA-N,C/N=C(\N)NC,1-2,6,anomeric|conjugated,0,11.995317306980724,0.32397893257183535,0.10143468081857143,0.8260603585811941,1.9581055262707645,1.2919640503902794,3.2265759400511818,1.1320451676895704,7.489597780859924,0.2425687924684823,0.08129086276461946,0.634693133020928,0.18258132339588093,0.0401737214253783,0.045884880727754304,0.015376078665438825
torsiontest2000,testcase-1226,LINDOXZENKYESA-UHFFFAOYSA-N,C/N=C(\N)NC,2-3,6,conjugated,0,7.926692812849069,0.445414498573853,0.12792475046794066,0.5959176089992209,1.822227152465928,1.0985408685767974,2.648152911462939,1.226309543466707,151.7891816920943,0.3602572013457933,0.06067057225591881,0.7828634611133017,0.02854121616283876,0.08355090323178585,0.012519175103295407,0.03185467213285942
torsiontest2000,testcase-1227,XCXKNNGWSDYMMS-UHFFFAOYSA-N,CN/C(N)=N/[N+](=O)[O-],4-5,8,conjugated,0,6.470326140522957,0.0008297463926164797,0.029114301511701433,0.08990441624548234,0.1079840674190734,0.36553985273359174,2.0784476035262833,0.01807965117359106,0.9986130374479671,0.01832500749511059,0.0019616625481207977,0.9662196929482639,0.002704342991913737,0.02534693717964982,0.0004711108268573767,0.0032962535051942383
torsiontest2000,testcase-1228,OLOJVDZXVFIAFJ-UHFFFAOYSA-N,CCc1ccc[n+](C)c1,2-3,9,biaryl,0,0.6473953818785958,2.0887368955404814e-05,0.4699159305947059,0.010692097528598881,0.01073470404065276,0.1437111651381851,0.2093352710474221,4.260651205387905e-05,161.7753120665742,0.0004204460924033217,0.004544447939160812,0.2635352704836019,0.2620043509825315,0.4551399867985412,2.7486796706962427e-05,0.014748456999457758
torsiontest2000,testcase-1229,SELYJABLPLKXOY-UHFFFAOYSA-N,COC(=O)N(C)C,1-2,7,anomeric|conjugated,0,12.836847668222617,3.962176605510166e-09,0.0782474829357003,0.480279099355661,0.48027916834447315,1.240711868915844,4.117739819414472,6.898881216299557e-08,0.0,0.00011045413385715031,0.006608132574229291,0.9015448366498999,0.013599547840170503,0.06682303420812544,0.0019325847472897058,0.009491863980285162
torsiontest2000,testcase-1230,SELYJABLPLKXOY-UHFFFAOYSA-N,COC(=O)N(C)C,2-4,7,anomeric,0,17.81479240016779,2.906128713507112e-07,0.02252182045876405,0.6864693466537676,0.6864735246357345,0.9569621225913845,4.495472567839942,4.177981966946298e-06,0.0,0.00033011013714135046,0.9122804268439432,0.02986366586149674,0.03533408683579611,0.009975095363545607,0.005909716209749453,0.00663700888546899
torsiontest2000,testcase-1231,SUDHEDJJFGYYPL-UHFFFAOYSA-N,CCOC(=O)N(C)C,2-3,8,anomeric|conjugated,0,7.52629873942351,1.4775023403026122e-07,0.00022872176928198355,0.04820239166078587,0.04821101128597213,0.06008288902717416,2.372127226122709,8.619625186265245e-06,0.0,0.00046054700598735054,0.5762319113789232,0.3018309767397515,0.1217083901120433,6.394003058543279e-05,0.00016189473585275768,2.887002843793065e-06
torsiontest2000,testcase-1233,GJJPLKJBULCRQI-UHFFFAOYSA-O,O=C(O)C[n+]1ccccc1,5-6,10,anomeric|conjugated,0,3.590434928482864,7.522798836599857e-07,0.0020703625315134986,0.032748226601554915,0.03276707665458387,0.06686718702659918,1.2816808637507309,1.8850053028957037e-05,0.0,0.00019258324809526996,0.7272198649043705,0.2694341434783776,0.0012756290857385791,0.0015487480675489644,7.271984199574951e-05,0.00044889462196878494
torsiontest2000,testcase-1235,NMJVPWNNLVLGSC-UHFFFAOYSA-N,C=C[N+](=O)c1ccccc1,2-3,10,conjugated,0,5.043706164986361,0.0005914722650835465,0.2052968634358858,0.11744825641236552,0.1238710484466968,0.7428142883374237,1.6230493144693128,0.006422792034331284,0.4993065187239836,0.028845057510691205,0.15700386995269477,0.5832839905968331,0.054415276014586254,0.1996416268404027,0.0016434565700968618,0.004011780025386219
torsiontest2000,testcase-1236,NMJVPWNNLVLGSC-UHFFFAOYSA-N,C=C[N+](=O)c1ccccc1,2-5,10,conjugated,0,8.762481220357586,2.806492694418515e-07,0.08691499907598423,0.07689295904769212,0.0769121101423516,0.9581893478646462,3.2405820150158298,1.9151094659469736e-05,0.0,0.0009727229256662767,0.00022627289159029776,0.9124107593246213,0.00044796870780411375,0.08682494595908634,3.53317779628093e-05,5.472133893507637e-05
torsiontest2000,testcase-1237,HTENXUYCKUPMTI-UHFFFAOYSA-N,C=CN(O)c1ccccc1,2-3,10,plain,0,7.071540917211678,0.2967859819402966,0.05339194603455884,0.2827892105433607,1.0634094133823304,0.5186726106657378,1.9028407850195008,0.7806202028389697,20.471567267683753,0.2370597831500215,0.06936286212002829,0.6489749258951072,0.2282702659503057,0.016046550719041097,0.016165953535739814,0.021179441779777923
torsiontest2000,testcase-1238,HTENXUYCKUPMTI-UHFFFAOYSA-N,C=CN(O)c1ccccc1,3-4,10,anomeric,0,5.230951388657559,0.00934754020663081,0.0945912343422026,0.1786443455327951,0.2260956295594025,0.47566800897891914,1.4444744420765883,0.04745128402660739,5.492371705963933,0.0785034022767897,0.14605496967632264,0.7574979429663775,0.001855853015097269,0.07121915852395777,5.27776338332852e-05,0.023319298184411544
torsiontest2000,testcase-1239,SQDFHQJTAWCFIB-UHFFFAOYSA-N,C=NO,2-3,3,plain,0,8.650744861210114,1.8342240895453484e-12,0.00020616232569109028,0.0006764060627690389,0.0006764166192465618,0.04007004250435194,2.7903162068011436,1.0556477522856433e-08,0.0,1.9585390245405943e-06,0.4901675551769074,0.5051512402824891,0.004475042214912381,0.00020417037416621607,9.867567803817408e-07,1.0051947444924488e-06
torsiontest2000,testcase-1240,YFWDFHAMYIOYFZ-UHFFFAOYSA-N,C/N=C(/C[n+]1ccccc1)c1ccccc1,2-3,16,plain,0,4.786330149101559,0.014993674387583401,0.013174520000676376,0.08906250137013569,0.17926703629778865,0.17087998911971172,1.2736749103853207,0.09020453492765296,1.9972260748959911,0.04430638181159656,0.5787422797231114,0.004795951828057714,0.4032872484481544,0.004763038445299192,0.004475324627862221,0.003936156927514963
torsiontest2000,testcase-1241,NMDRDDDJZYNZEJ-UHFFFAOYSA-N,C/N=C/C[n+]1ccccc1,3-4,10,biaryl,0,4.67131637968123,0.0005922137066350247,0.02373138133859334,0.06996346828342352,0.08202815496462665,0.2799584519761556,1.7610489387087298,0.012064686681203127,153.78640776699024,0.01778719327254857,0.0006726832084095305,0.975327308091215,0.000268627361782167,0.017386611181372642,0.0013942662913923867,0.004950503865828308
torsiontest2000,testcase-1242,YIWFBNMYFYINAD-UHFFFAOYSA-N,C=CC1CC1,2-3,5,plain,0,3.1227495301136514,0.8984805678687449,0.012597362684999244,0.008595505536466912,0.811711623961192,0.09649223843939539,0.8563369152645393,0.8031161184247251,145.7975034674064,0.3268729252869827,0.0019340598785346332,0.42761803832781314,0.557850539108653,0.005345445651685518,0.00709032426491368,0.00016159276840004645
torsiontest2000,testcase-1243,ZLMGSEMYQRJWCM-UHFFFAOYSA-N,C[N+](C)(C)CC1CC1,2-3,8,plain,0,9.460743101109983,0.507039332629272,0.03334387448451586,0.09345206212431008,2.1630263565087695,0.561994519067046,3.036274285269539,2.0695742943844593,22.46879334257983,0.5857368794029938,0.7054389770145659,0.11255857559312625,0.14865857290779194,0.025969405920116023,0.006608540711387324,0.0007659278530125178
torsiontest2000,testcase-1244,ZLMGSEMYQRJWCM-UHFFFAOYSA-N,C[N+](C)(C)CC1CC1,3-4,8,plain,0,4.6926246290968265,0.0014742881398633891,0.004820282544073473,0.010249089264368943,0.06486887844804046,0.11627490747894142,1.668261616975877,0.05461978918367151,0.0,0.01267177873429095,2.9102753389920602e-05,0.0003209049769299685,0.9948297097256067,0.0003869310318734872,3.06139711684469e-05,0.004402737541031539
torsiontest2000,testcase-1245,WRBHPVSDEUXZLC-UHFFFAOYSA-N,C[N+]1(C2CCCCC2)CCCCC1,2-3,13,plain,0,10.015238529187627,0.48108811234273885,0.06957858148491392,0.14151729827913243,2.0777256656676957,0.8009243270915005,2.991937147974455,1.9362083673885633,11.484049930651878,0.5935656518801432,0.20831171813113813,0.33230131266311,0.389808387720838,0.003424651894861309,0.0031118739578877693,0.06304205563216483
torsiontest2000,testcase-1246,FKDUVVUAWBIXLK-UHFFFAOYSA-N,C=C[N+](C)(C)CC,2-3,7,plain,0,5.985066868393915,0.036133578219199526,0.009679504601244124,0.018867231884768264,0.3530968537200437,0.1834646872131764,1.854981762141798,0.33422962183527544,125.3259361997226,0.1678060529347418,0.015192622089070245,0.00793431111647538,0.9671935621932103,0.0023073166332586116,0.0003364717646036328,0.007035716203381879
torsiontest2000,testcase-1247,PPJWCUOWPVSSSW-UHFFFAOYSA-N,C=C[N+](C)(C)C,2-3,6,conjugated,0,1.7158391429693438,2.320977078164837e-07,0.005249315229686164,0.01244447685544826,0.012448058878373823,0.04659944280036675,0.6199415015794894,3.582022925562728e-06,0.0,0.0001105210298796964,5.523327710163664e-06,0.0006538939827141309,0.9940912674598895,0.0006844940552751472,5.159247861670919e-05,0.004513228695794307
torsiontest2000,testcase-125,DBKNTBMBKSLJRD-UHFFFAOYSA-N,CC(=O)NC[C@@H](C)C(=O)O,4-5,10,stereocentre_adjacent,0,6.4078573861625046,0.1976627574625359,0.015572835196129646,0.15369522818765294,0.7384080883881852,0.25439784781864755,1.6317419305009069,0.5847128602005323,131.8169209431345,0.39200687569535075,0.16660979803387438,0.13333333303596745,0.6844840337340284,0.004159620504270416,0.007804938296538489,0.003608276395320743
torsiontest2000,testcase-1250,KQNPFQTWMSNSAP-UHFFFAOYSA-N,CC(C)C(=O)O,2-4,6,plain,0,1.135172839363804,0.6206972767145412,0.027132950260841143,0.0366963969862289,0.31702537654696195,0.07537378261800194,0.4013725500755316,0.28032897956073305,105.85298196948679,0.13484561438407353,0.6342504814986739,0.10953422240565638,0.22908234583482875,0.022253159062593474,0.003091171225433191,0.0017886199728144746
torsiontest2000,testcase-1251,HEOCEPWJGJTVPO-UHFFFAOYSA-N,COC(=O)C[N+](C)(C)C,1-4,9,gauche_effect,0,8.746023424318992,0.00010490744072072356,0.01638739013259268,0.25333304215012253,0.25506812859130845,0.44941265422417664,2.910796941487305,0.001735086441185918,118.33564493758666,0.018405155648290265,0.0002219271781126575,0.0007100238284311967,0.9826806588608634,0.0006558919128662669,3.0100693997672602e-05,0.01570139752572874
torsiontest2000,testcase-1252,QUKGYYKBILRGFE-UHFFFAOYSA-N,CC(=O)OCc1ccccc1,3-4,11,plain,0,8.440121760882903,5.503160747035509e-05,0.00014009234052814805,0.016631510721629935,0.025461529290223668,0.0349683631562498,2.5988924065675003,0.008830018568593733,170.2635228848821,0.008027568365208317,0.5076254814348055,0.37884528531002265,0.11338914091464372,1.0987718117288353e-05,0.00012812500882238047,9.796135884792223e-07
torsiontest2000,testcase-1253,QUKGYYKBILRGFE-UHFFFAOYSA-N,CC(=O)OCc1ccccc1,4-5,11,biaryl,0,1.2391754584386945,0.17386303555412053,0.014935006009705744,0.004232742694932238,0.17693660377070036,0.052015750217984644,0.42423936257349926,0.17270386107576813,7.489597780859924,0.07105576996896687,0.00023739013340613258,0.984814515766679,1.3088090208829699e-05,0.013921383626876978,0.00018408704955706398,0.0008295353332717032
torsiontest2000,testcase-1254,BZZNKJYSPFIPGX-UHFFFAOYSA-N,CC(=O)N(C)c1ccccn1,2-3,11,plain,0,12.035460392420646,0.005189276157481146,0.029068026131990447,0.9806463620261269,1.0286873252914546,1.2257190087105234,4.423071223250477,0.048040963265327696,2.4965325936199747,0.05755403128326649,0.0544934157737302,0.7585365023891916,0.15790205570508759,0.013666568391304052,0.00365465668116301,0.011746801059523387
torsiontest2000,testcase-1255,YNJRIMUAJIPQJV-UHFFFAOYSA-N,CCN(C(C)=O)c1ccccn1,2-3,12,anomeric|amide|conjugated,0,9.69160426419694,0.07304414055031663,0.016637460851902302,0.36923540809330063,0.8972508181782124,0.5372634965708271,3.0481822922807447,0.5280154100849117,0.0,0.15757096972415235,0.23947534869804413,0.728426775019507,0.015460415430546336,0.00896811517231066,0.007038404003717522,0.0006309416758741187
torsiontest2000,testcase-1256,HIYATBRTYTVLFX-UHFFFAOYSA-N,CC(=O)N(C)c1ccc(C(F)(F)F)cn1,4-5,15,biaryl,0,10.032089257263578,0.00011937083744040189,0.01885858050338447,0.12145559740888352,0.12647005773954043,0.45951917338190085,3.2294664373338633,0.005014460330656903,0.9986130374479956,0.010813765896106161,0.9766421740905518,0.004455591130251242,4.365427581241257e-05,0.01709729124894697,0.00038091505384226106,0.0013803742005952348
torsiontest2000,testcase-1257,HILSFIUJMIHZNZ-UHFFFAOYSA-N,CC(=O)N(C)CC[N+](C)(C)C,5-6,11,plain,0,9.979112823901232,0.28097274564076247,0.04828343000257724,0.06848070140715855,1.3433444093917108,0.5603472440688496,2.53191476488386,1.2748637079845524,5.492371705963961,0.5023680255341779,0.42431457180378934,0.2573353544715693,0.27006664372206407,0.03830254616546744,0.005817233731072149,0.004163650106037662
torsiontest2000,testcase-1259,FZVAZYLFYPULKX-UHFFFAOYSA-O,C[n+]1cccc(O)c1,5-6,8,anomeric|conjugated,0,4.652257619949523,3.418832911699839e-05,2.15703149160079e-05,0.005714445397709578,0.010509474570536683,0.009040858333316084,1.5084742689867392,0.004795029172827105,0.49930651872409726,0.003887888000316521,0.04266189339196542,0.9570587723756184,0.0002577639174999698,4.928307661967927e-06,1.4279714822348892e-05,2.362292431691082e-06
torsiontest2000,testcase-126,FUZQTBHDJAOMJB-UHFFFAOYSA-N,CC[n+]1ccccc1C,2-3,9,biaryl,0,8.962907640438061,2.501857850980777e-06,0.008552980761549712,0.0509659140250238,0.05115784017287884,0.26382521538893466,2.7994381266794246,0.0001919261478550427,0.0,0.0023448474344123023,0.5469991456821025,0.39117226216904266,0.05327561138730504,0.00798979142998284,0.0005419877326524076,2.120159891446565e-05
torsiontest2000,testcase-1260,PYBIVZVTNGIYRD-UHFFFAOYSA-N,CC[n+]1cc(=O)o[nH]1,4-5,8,plain,0,1.8447553284349851,0.05745925643418009,0.007830029263812708,0.004326345276760014,0.11462733410810845,0.042505181772614524,0.477877420483312,0.11030098883134844,2.995839112344015,0.04500928943980427,0.3219522017790582,0.10114825038812854,0.5690695185690005,0.002865327273692254,0.0047626687950328,0.0002020331950876534
torsiontest2000,testcase-1261,HDNRAPAFJLXKBV-UHFFFAOYSA-N,CCc1ccc(OC)cc1,2-3,10,biaryl,0,0.9342469644616358,7.210893232810648e-07,0.09622755625515697,0.0083992605075585,0.008404192540412843,0.10549903773344096,0.33911843463105246,4.93203285434167e-06,169.26490984743413,0.000135719539748894,0.0036234085218007257,0.8739152821354887,0.02623375308755346,0.08722737854864472,0.0001929975955766242,0.008807180110935621
torsiontest2000,testcase-1262,VESUBCBUMYVWKA-UHFFFAOYSA-N,CC[N@@+]1(C)SC(=S)C2=C1CCCC2,2-3,13,stereocentre_adjacent,0,8.766310987761244,0.08320688479701448,0.023053878389504758,0.10007393086100935,0.6824451452035198,0.3691596064361619,2.342417146504299,0.5823712143425105,133.31484049930648,0.2462538376293548,0.2038476388697493,0.1445955439710827,0.6285029387696633,0.006638493010258412,0.011872129147569134,0.004543256231677212
torsiontest2000,testcase-1264,NDRSFUHGPWLYOZ-UHFFFAOYSA-N,C/[N+]([O-])=C(\[N+](=O)[O-])[S+](C)C,2-4,10,conjugated,0,3.9291508393362164,5.389216942379756e-08,0.11418576924869282,0.03554222782037345,0.035543801926433714,0.48820968092689443,1.4413795637110218,1.5741060602619816e-06,49.93065187239944,0.00012704368797504618,0.0001372919696533895,0.8853051842050476,0.00037175457660602716,0.11279705399821094,5.926823399843285e-05,0.001329447016483458
torsiontest2000,testcase-1266,FGMFPABVXPNICT-UHFFFAOYSA-N,C/[N+]([O-])=C/[S+](c1ccccc1)c1ccccc1,4-5,17,biaryl,0,0.4034308714326471,0.6862574493460732,0.8189818518287011,0.03095723490020722,0.11379474592758383,0.12356503868610832,0.1357616547683342,0.0828375110273766,11.484049930651878,0.046593709413439224,0.0032023852944650026,0.17417097192035333,0.0036447909564805364,0.6419198102116074,0.0073469694730145755,0.16971507214407922
torsiontest2000,testcase-1267,XNZJQYOFBXLRSV-UHFFFAOYSA-N,C[N+]1([C@H]2CCCC(=O)C2)CCCC1,2-3,13,stereocentre_adjacent,0,8.393250943801831,0.06851192696297458,0.0582149890370716,0.04588180022150318,0.6139540561711714,0.566219391865312,2.3394864128386237,0.5680722559496683,1.4979195561719791,0.3388561708078665,0.0030687849491645254,0.05608829094152686,0.882627935072237,0.023896657969390913,0.0017256180278435735,0.0325927130398371
torsiontest2000,testcase-127,HEOCEPWJGJTVPO-UHFFFAOYSA-N,COC(=O)C[N+](C)(C)C,4-5,9,anomeric|conjugated,0,4.654240580799524,1.6385564928482043e-08,0.0010217625392937677,0.027448159565841766,0.02744900182494871,0.060304763501916075,1.6800612108944963,8.422591069451313e-07,0.0,7.587825629420834e-05,0.9214138599217315,0.07756369305743921,6.844815353804496e-07,0.0001060946808167636,0.0008628383361625898,5.2829522314414266e-05
torsiontest2000,testcase-1271,JCIKVKWNYHGCIB-UHFFFAOYSA-N,C[N+](C)(C)C[C@@H]1COCCO1,3-4,11,gauche_effect|stereocentre_adjacent,0,11.660559012845624,0.5483931574554988,0.023617133564833904,0.1309455720900139,2.2258172545519774,0.47934163250037726,3.003335242560652,2.0948716824619638,108.34951456310677,0.5089993201244994,0.7797427065877457,0.06904147482100967,0.12759868502641078,0.0057815024766353605,0.01376518313492678,0.004070447953271762
torsiontest2000,testcase-1272,CYVBLUKYJWEJRK-UHFFFAOYSA-N,CC1=C[N+](=O)[C@@H]2CCCC[C@@]2(C)N1O,13-14,14,plain,0,3.9661531390156597,0.25705941071042976,0.000650397594751543,0.0012323613628181446,0.5924800306535493,0.02982750340733856,1.1685741132925833,0.5912476692907311,154.78502080443826,0.28828732915083244,0.49406909402413274,0.5030840682139279,0.002196440167187629,0.0006336951756398132,5.053624002877597e-06,1.1648795108852162e-05
torsiontest2000,testcase-1275,DAZXVJBJRMWXJP-UHFFFAOYSA-N,CCN(C)C,2-3,5,plain,0,6.144279508036561,0.2544039824833779,0.005583858369660398,0.023761907597764986,0.9927083711997206,0.14893662429807197,1.9677367446284686,0.9689464636019556,113.34257975034672,0.26144320434757434,0.2225285254397865,0.0910436865961482,0.680843929594405,0.0011430822966533398,0.0007363685931150583,0.003704407479892
torsiontest2000,testcase-1276,UEEJHVSXFDXPFK-UHFFFAOYSA-N,CN(C)CCO,2-3,6,plain,0,7.3711915255116764,0.6230994582787018,0.11081686305553494,0.6175057717549944,1.416333612482511,0.8186939869468098,1.7287981857374801,0.7988278407275166,120.83217753120664,0.576499872452774,0.35568649671012903,0.24199749318999306,0.2914991470443428,0.03284411936024222,0.041341665073924665,0.036631078621368045
torsiontest2000,testcase-1277,FLGCKPIDGVTCSU-UHFFFAOYSA-N,CC(=O)NCCN(C)C,2-3,9,plain,0,5.818275444442406,0.4101072434346952,0.3648519835637726,0.5388505339438224,1.0936676128211755,1.0469766909580738,1.5807991034414504,0.5548170788773531,6.9902912621359405,0.4031036711885119,0.16852589365236442,0.1584229946109025,0.3081991281729605,0.12510909847592983,0.13588907144667609,0.1038538136411666
torsiontest2000,testcase-1278,VCPXZIUQCXEVCU-UHFFFAOYSA-N,CCc1ccncn1,2-3,8,biaryl,0,0.8308479947445448,1.5376320649297948e-06,0.12028780189332024,0.005330881327893721,0.005340236361088519,0.08853230261155347,0.2548570842340214,9.355033194798426e-06,0.0,0.00012950321035319206,0.10238473130493125,0.34417648646063786,0.4331509803411107,0.10969826303012667,0.0016153939712857737,0.008974144891907796
torsiontest2000,testcase-1279,YLFYUSNPIHLTBP-UHFFFAOYSA-N,CNC(=O)NC(C)C,2-4,8,plain,0,5.8113378392590676,0.5237048026882292,0.0014606233030722956,0.01984590908506913,1.42480018525452,0.07781146950382666,1.9687497290825269,1.404954276169451,18.973647711511802,0.44380855470895,0.5029434736870345,0.2190560818931368,0.27653982111675635,0.00041305404636508727,0.000492418673580967,0.0005551505831262412
torsiontest2000,testcase-128,BAFWNTSEBOLALE-UHFFFAOYSA-N,CC(=O)Nc1ccc(N(C)C(C)=O)nc1,8-9,15,anomeric|amide|conjugated,0,3.0734904088894837,0.0037504275222905057,0.04039885000698726,0.010808056177666631,0.05875071902938301,0.1898391903417843,0.9430288187372062,0.047942662851716375,0.9986130374479671,0.014860903348903996,0.24131815671389262,0.7172093922823373,0.0010736009967829432,0.0382430974989714,0.00026504370717227464,0.001890708800843576
torsiontest2000,testcase-1280,WGYKZJWCGVVSQN-UHFFFAOYSA-N,CCCN,2-3,4,plain,0,5.073490308583132,5.957576435657093e-07,0.0009830336480001528,0.010409168439141322,0.010470343477317286,0.0470741767572237,1.4642770636197309,6.117503817596424e-05,0.0,0.0005109875071484633,0.07291320273855388,0.027726388442393658,0.8983773751710523,0.0005859809119110044,5.5223172670458255e-08,0.00039699751291647764
torsiontest2000,testcase-1281,QUSNBJAOOMFDIB-UHFFFAOYSA-N,CCN,1-2,3,plain,0,2.0277620803099126,0.009565886678499084,0.0009333281660894318,0.0036404857675357287,0.06715281266671362,0.02125900519368758,0.6855973139059068,0.06351232689917789,119.33425797503469,0.025157534618788304,0.0019201081421012132,0.008823164623751698,0.9883233990680577,0.0001777759646113433,1.060294290945409e-05,0.0007449492585686343
torsiontest2000,testcase-1282,MGJKQDOBUOMPEZ-UHFFFAOYSA-N,CNC(=O)NC,2-3,6,anomeric|conjugated,1,14.218415705749067,0.23170662975012626,0.11883080685355575,0.9760356055806214,2.129621455094709,1.6703297177675216,4.051498330186581,1.1535858495140874,54.4244105409154,0.12323022744903392,0.05153658950474209,0.7735777544134649,0.05605484922823731,0.07117799214060982,0.021787182951668753,0.025865631761277163
torsiontest2000,testcase-1286,FJURBPCYGLYGLD-UHFFFAOYSA-N,CC[C@H](NC)C1CCC1,2-3,9,stereocentre_adjacent,0,5.460660074022599,0.2655779543023712,0.04897895565315325,0.07881884619087243,0.771274893815389,0.3387830901276432,1.4908753253507352,0.6924560476245166,118.33564493758666,0.26287244438545376,0.038821091650969586,0.2812569695552035,0.6309429831406738,0.03452005295458006,0.009920986851709175,0.004537915846864022
torsiontest2000,testcase-1287,CQEDMXNWWOXWHO-UHFFFAOYSA-N,CNC(=O)CN[C@@H](C)C1CCC1,2-3,12,stereocentre_adjacent,0,4.515115139307454,0.3118039602879561,0.02663329518691404,0.027048685002311182,0.6968692411757359,0.20530446252287385,1.2473411063052822,0.6698205561734247,9.986130374479899,0.23802338609903131,0.2718466300676725,0.0720580038208539,0.6294620709245596,0.0156833534436422,0.010212170442755157,0.0007377713005166888
torsiontest2000,testcase-1288,GBWSPAMRIAOHFY-UHFFFAOYSA-N,CN[C@@H](C)C1CCC1,2-4,8,stereocentre_adjacent,0,5.746901028061984,0.10266374490809126,0.010002289991423675,0.024925521174960746,0.5219301071480219,0.1646239364365663,1.627265624545012,0.4970045859730612,128.82108183079055,0.25867214750020706,0.07611136870430918,0.026600628550717122,0.88728571275355,0.003928312955751306,0.002164174924540881,0.003909802111131488
torsiontest2000,testcase-1289,GFQCCPONSFHKMZ-UHFFFAOYSA-N,CNC(=O)[C@@H](C)NC,1-2,8,stereocentre_adjacent,0,9.557326652371557,0.5202817954447454,0.09293823949035797,0.8105333392629068,2.201540728731404,1.1854933372487038,2.9512610922376536,1.3910073894684973,104.35506241331484,0.5732523987060189,0.6599903022227387,0.16591178758074504,0.08115967070615847,0.05037299932031798,0.02048812411039828,0.022077116059641695
torsiontest2000,testcase-129,HIYATBRTYTVLFX-UHFFFAOYSA-N,CC(=O)N(C)c1ccc(C(F)(F)F)cn1,8-9,15,anomeric,0,0.22719916683854535,0.0035177039120576218,0.016201588700555755,0.002968740379101811,0.005679980527495712,0.010807954505586364,0.08169900705475269,0.0027112401483939015,3.9944521497919254,0.0021248323867459145,0.0006275587352324693,0.00018777236562865092,0.9829830801985832,0.00012822625597880486,3.172771959264362e-05,0.016041634724984308
torsiontest2000,testcase-1290,GFQCCPONSFHKMZ-UHFFFAOYSA-N,CNC(=O)[C@@H](C)NC,2-4,8,stereocentre_adjacent,0,7.513389341300353,0.11447016120730256,0.03272693128091339,0.31025047180622006,0.8845997992143021,0.5407933426683535,2.4680715770715005,0.574349327408082,0.4993065187239836,0.2710892075281238,0.7909954102409298,0.16484784483714093,0.011429813641015852,0.010429027720734159,0.01577364037602097,0.0065242631841582605
torsiontest2000,testcase-1291,WXPLRSVMGRAIGW-UHFFFAOYSA-N,CC(=O)Nc1nccs1,1-3,9,anomeric|conjugated,0,14.996772684855387,6.123220623032919e-08,0.04839075743225373,0.24729959635867024,0.24730203303340062,1.006771565981966,4.443344173089929,2.4366747303772307e-06,0.0,0.0001098164440965883,0.08240177475323285,0.8663801180998759,0.002827349714637478,0.04298048569003737,0.00020409965045686105,0.005206172091759501
torsiontest2000,testcase-1292,WXPLRSVMGRAIGW-UHFFFAOYSA-N,CC(=O)Nc1nccs1,3-4,9,anomeric|biaryl,0,9.423215723596513,4.065545551468207e-05,0.000711393323783829,0.022477404840743946,0.0307748762625507,0.09075743994453468,3.2967992899182423,0.008297471421806753,0.0,0.0026440193835319523,0.9256851242776738,0.07217535961362606,0.0014281227849163882,0.0005328393640291775,3.700616426150923e-05,0.00014154779549314234
torsiontest2000,testcase-1293,OSWPMRLSEDHDFF-UHFFFAOYSA-N,COC(=O)c1ccccc1O,5-6,11,anomeric|conjugated,0,12.543705706309993,2.0151093083255348e-08,0.01955441612402129,0.06500491298653231,0.06500725352197317,0.5472772205339871,3.8865172937349444,2.3405354408617685e-06,0.0,7.800729736586471e-05,0.09426932837735279,0.8859225051534039,0.0002537503452221298,0.018391144570914186,0.0004110904417515748,0.0007521811113555309
torsiontest2000,testcase-1294,QPJVMBTYPHYUOC-UHFFFAOYSA-N,COC(=O)c1ccccc1,1-2,10,anomeric|conjugated,0,14.65905869420385,5.7002141268570886e-08,0.012591374777959744,0.6130824866866575,0.6130832506481715,0.7634065857565037,4.0999150092385985,7.639615139387601e-07,0.0,2.2506637505457723e-05,0.6884349930016215,0.2607922000426984,0.03818143217772047,0.004902357224726399,0.00351129847541827,0.0041777190778150754
torsiontest2000,testcase-1295,QPJVMBTYPHYUOC-UHFFFAOYSA-N,COC(=O)c1ccccc1,2-4,10,conjugated,0,5.829383884149138,4.68187633152838e-08,0.009960119840200024,0.0035185612886132916,0.003546728179095909,0.20578799483848165,2.0616973126126683,2.8166890482617373e-05,0.0,0.00010380427532324635,0.0002662937617078852,0.9894715941379452,0.0003019922601469501,0.009947045182552903,1.4005726793476158e-06,1.1674084967773286e-05
torsiontest2000,testcase-1299,CZXVWYLYVPKBAR-UHFFFAOYSA-N,CCC1CCN(C)CC1,2-3,9,plain,0,4.757697690394707,0.1628244845693713,0.004609826902651167,0.013779521208807119,0.617021716731473,0.10470527919030156,1.528797854849084,0.6032421955226659,116.83772538141471,0.18424463601603353,0.17061181908997675,0.03635284122325859,0.7884255127841135,0.00018776920024356417,0.0015009251072103543,0.002921132595197249
torsiontest2000,testcase-130,YTZKOQUCBOVLHL-UHFFFAOYSA-N,CC(C)(C)c1ccccc1,3-4,10,plain,0,0.6728131918644067,0.0008248999907368982,0.9890294960558877,0.020217095083545772,0.02126682168720343,0.22939030647521133,0.2306491973023592,0.0010497266036576594,119.83356449375867,0.0025830702173583043,0.0007321439461332128,0.0006179149754691902,0.0096204450225098,0.00027192070520572366,2.5843700131480846e-05,0.9887317316505506
torsiontest2000,testcase-1302,POFAWZZBJSMOFU-UHFFFAOYSA-N,C#CC[C@H](C)NC(C)=O,3-4,9,stereocentre_adjacent,0,6.325583845376968,0.1384800866287315,0.009592015753281774,0.08517998127493405,0.6434452883096516,0.18823078524816655,1.715989031947629,0.5582653070347176,123.32871012482661,0.2823759831561866,0.09347256306713757,0.028129678637853747,0.8688057425417268,0.007424367426035466,0.0018884914633524334,0.0002791568638938755
torsiontest2000,testcase-1303,PDUSWJORWQPNRP-UHFFFAOYSA-N,CC(=O)NC(C)C,2-4,7,plain,0,5.238505938934395,0.5603826581326188,0.0010372581200331864,0.008355915558391125,1.4240691337906273,0.06183401176432254,1.9023280238586864,1.415713218232236,100.8599167822469,0.4541834067158472,0.5343458731824763,0.22837273040393702,0.2362441382935536,0.0002137141681981745,0.00036029854718394637,0.0004632454046510655
torsiontest2000,testcase-1304,NCCHARWOCKOHIH-UHFFFAOYSA-N,CNC(=O)c1ccccc1,1-2,10,anomeric|conjugated,0,15.926921297155786,0.011977075491913044,0.10348957088809806,0.8383521722582606,0.9490712470304117,1.5533287297163687,4.1504446418494725,0.11071907477215104,1.9972260748959911,0.0403631140275133,0.021194973516985443,0.785615382191835,0.08970007340308149,0.07807139957031556,0.014849708951593543,0.01056846236618896
torsiontest2000,testcase-1305,NCCHARWOCKOHIH-UHFFFAOYSA-N,CNC(=O)c1ccccc1,2-4,10,conjugated,0,2.9886248353868723,0.00016086770933930445,0.14706346220728048,0.035222224443019375,0.03773491630237909,0.41088694457281755,1.0680823952404734,0.002512691859359713,56.421636615811394,0.003466126776142636,0.00014219020101734526,0.8523220322124955,0.0004723153792068019,0.14236783503287476,8.481891854092318e-06,0.00468714528255161
torsiontest2000,testcase-1306,LTWISVDHTYYGBR-UHFFFAOYSA-N,CNC(=O)c1ccc(C#N)cc1F,2-4,13,conjugated,0,6.657650002569426,2.0226071116916212e-05,0.04458595838524256,0.08215944891118453,0.08254505020480546,0.38308077122642575,1.773914222472538,0.00038560129362093243,0.49930651872409726,0.0016069915583776526,0.8643088447642919,0.018918360832937377,0.07218683601752815,0.03744370583566611,0.0051524848654365815,0.001989767684139879
torsiontest2000,testcase-1307,LRZFEBJUJIQVDQ-UHFFFAOYSA-N,COC(=O)CN(C)C,2-3,8,gauche_effect,0,6.582227014179807,0.2510012667320704,0.02345643470477555,0.09680505592963771,1.0576285561156666,0.336196724190888,2.104399640560021,0.9608235001860289,133.8141470180305,0.27867261968446977,0.02292261711401032,0.3382616178165869,0.6153593303646273,0.02101045182282467,0.0010317511509506066,0.0014142317310002713
torsiontest2000,testcase-1308,LRZFEBJUJIQVDQ-UHFFFAOYSA-N,COC(=O)CN(C)C,3-4,8,anomeric|conjugated,0,1.4884509645344224,3.0558409155556185e-07,0.028931897204165388,0.012603485707359042,0.012606096772534471,0.0799429660349333,0.464287063930573,2.6110651754288755e-06,0.0,0.00012292842108113034,0.7413784243025308,0.20640356352554054,0.02328611496776328,0.022112919512696633,0.006304412378069596,0.0005145653133991608
torsiontest2000,testcase-1309,OOCSDVHHBFFNFW-UHFFFAOYSA-N,COC(=O)CN(C)C1CC1,5-6,10,plain,0,6.766387486946769,0.4276793458044156,0.012656508734890217,0.06010826723274821,1.2257497961102606,0.21901851347991275,1.8730259652850416,1.1656415288775124,135.3120665742025,0.3886733022273866,0.006015035761952212,0.44902050846825275,0.5323079470349048,0.009643181661436583,0.0024753847397447856,0.0005379423337088463
torsiontest2000,testcase-1310,VQJOPRHZJAIGEW-UHFFFAOYSA-N,CCN(C)C1CC1,2-3,7,plain,0,5.736536750977393,0.28879602951866107,0.0064262460530770844,0.017668534094002732,0.9470703676260621,0.14235108224145118,1.7621091379437903,0.9294018335320594,11.484049930651878,0.2544271907199707,0.17116041950461278,0.13759095047128786,0.6848223839710224,0.0006161648254508894,0.0024953832450511104,0.003314697982575085
torsiontest2000,testcase-1311,DYVUNUQDYHPXSU-UHFFFAOYSA-N,CN(C)C1CC1,1-2,6,plain,0,7.064492727338802,0.7753850073596894,0.017850345043557526,0.03872122649976727,1.6482936288336403,0.25300338779433323,1.8717553022370386,1.609572402333873,27.461858529819665,0.6093564416359958,0.12313701835118736,0.34905592095149235,0.5099567156537628,0.012934494506862643,0.00041874389531338616,0.0044971066413814955
torsiontest2000,testcase-1312,MXLMTQWGSQIYOW-UHFFFAOYSA-N,CC(C)[C@@H](C)O,2-4,6,stereocentre_adjacent,0,6.959780492034042,0.14103086516822538,0.009153117247798909,0.02067771501979462,0.7550423565472933,0.1933894048003491,2.0098995393886527,0.7343646415274987,121.33148404993062,0.163626261405198,0.08820119069187632,0.056177120161418875,0.8464685718989058,0.004208631505916958,0.0009160014630286647,0.0040284842788532865
torsiontest2000,testcase-1313,DFOXKPDFWGNLJU-UHFFFAOYSA-N,C[C@H](O)C(C)(C)C,2-4,7,stereocentre_adjacent,0,6.591459810530068,0.019504536667090212,0.01009017644904573,0.018762649387365583,0.3267054520487053,0.23534506537384517,2.3355293286460594,0.3079428026613397,124.32732316227464,0.09182419665378938,9.305103335575128e-06,0.00041320143394521356,0.9894873170136734,0.0004513567505673234,1.94377210518699e-06,0.00963687592637322
torsiontest2000,testcase-1314,XUOSGOQBPBKQSX-UHFFFAOYSA-N,CC(=O)NCC(C)(C)C,2-5,9,plain,0,4.395042610762175,0.0012057680793178907,0.0015742986762665642,0.02986634735194928,0.06243110420146448,0.06939944085994797,1.5791178280817002,0.032564756849515195,0.499306518724012,0.02015192336457569,1.9849377051561786e-05,0.0003768991613171079,0.9980289527853647,0.0003700320840139396,1.9578229221474648e-05,0.0011846883630311498
torsiontest2000,testcase-1315,SVEUVITYHIHZQE-UHFFFAOYSA-N,CNc1ccccn1,4-5,8,plain,0,6.850628074549604,2.5675234337479896e-05,0.04680560533393389,0.19120096229259093,0.19154330234875414,0.5248056789172295,2.2671250236990694,0.0003423400561632095,0.49930651872409726,0.0019267235526932746,0.023728008108920503,0.9009970076667213,0.02846937889042433,0.0349005107057813,0.011811802590546934,9.329203760565808e-05
torsiontest2000,testcase-1316,CXGFWBPQQXZELI-UHFFFAOYSA-N,CCNc1ccccn1,6-7,9,plain,0,7.0313801856245846,0.0008758532655272133,0.021342069268860765,0.14408920921492757,0.15431741166182633,0.3084383416877528,1.872310365105671,0.01022820244689876,1.4979195561720644,0.01676005476984397,0.4126675426679554,0.2316989849495781,0.3342914031136056,0.012407796537949921,0.0028768831858900076,0.0060573895450208365
torsiontest2000,testcase-1319,RMGHERXMTMUMMV-UHFFFAOYSA-N,COC(C)C,2-3,5,plain,0,4.694109826523345,0.42359481161632334,0.0030828326285522152,0.02600374801280686,1.0151459233212,0.09039462925770121,1.5594494727511348,0.9891421753083931,107.85020804438284,0.33275305153842843,0.4679583680395369,0.09705122228464444,0.4319075770472663,0.0005840325005209914,0.0008633598502311577,0.0016354402778000663
torsiontest2000,testcase-132,DMAQSLNWBHUYEU-UHFFFAOYSA-N,O=c1c[n+](CCc2ccccc2)[nH]o1,5-6,14,plain,0,10.05137948540505,0.06038235293888466,0.0018183373008489648,0.08975475185936867,0.8100827874768013,0.1660571877809086,3.277593561624979,0.7203280356174326,106.85159500693482,0.3931524380704854,0.7284118928320708,0.021469246582037513,0.24830052328504273,0.000563564886902143,0.001164609274793362,9.016313915345992e-05
torsiontest2000,testcase-1320,BTZVKSVLFLRBRE-UHFFFAOYSA-N,CO[C@H](C)COC(C)=O,3-4,9,stereocentre_adjacent,0,5.190263207594398,0.30207614255209797,0.057329216176111086,0.043073000192051916,0.8611699847993958,0.3771601650485883,1.5654921078023862,0.8180969846073438,126.82385575589461,0.22398674627854606,0.1561344401781895,0.22371064121517295,0.5628257024305267,0.04614529281296672,0.011128601807955666,5.53215551886962e-05
torsiontest2000,testcase-1321,FVNIMHIOIXPIQT-UHFFFAOYSA-N,CC[C@H](C)OC,3-5,6,stereocentre_adjacent,0,4.961586435005302,0.14402863499194168,0.0032285183285062895,0.009830961760525487,0.5824544033485848,0.08774460281996521,1.5345618536249483,0.5726234415880593,125.82524271844659,0.1745300221121205,0.12314779107943533,0.04303963881881255,0.830584051773246,0.0005834677212229307,0.000816392169284555,0.0018286584379988038
torsiontest2000,testcase-1322,RJUFJBKOKNCXHH-UHFFFAOYSA-N,CCC(=O)OC,2-4,6,plain,0,1.250837138184579,6.557329244012125e-08,0.004611108957113462,0.0023663880313279525,0.002368110230235858,0.024061821494244035,0.35263479672857895,1.7221989079053458e-06,0.0,3.615099228228102e-05,0.8248290497504028,0.05799341710642823,0.1125664241860555,0.004534602022335848,1.8644040793348845e-05,5.7862893984265314e-05
torsiontest2000,testcase-1323,QWTDNUCVQCZILF-UHFFFAOYSA-N,CCC(C)C,2-3,5,plain,0,4.89174616834498,0.14968519920337883,0.004820324199818885,0.014249438180988625,0.6230465699461377,0.11268241813066883,1.6100311499955953,0.608797131765149,116.83772538141471,0.17216284518900743,0.14336442895989757,0.04201617320391955,0.8097990736363639,0.0005987310867396235,0.0008663685420698136,0.003355224571009448
torsiontest2000,testcase-1324,CZGIEJXGCLWRPY-UHFFFAOYSA-N,CN[C@H]1CCN(C)C1,5-6,8,anomeric|stereocentre_adjacent,0,6.859421238565119,0.30604763944712166,0.02068382312273355,0.05713695780641666,1.06830248749291,0.2831524140615227,1.929158983806836,1.0111655296864932,137.80859916782248,0.3481899703482782,0.27785241184759457,0.08656501175899273,0.6148987532706792,0.01635795927429389,0.003146771564954067,0.0011790922834855957
torsiontest2000,testcase-1325,COSWCAGTKRUTQV-UHFFFAOYSA-N,CNC(=O)N(C)C,2-3,7,anomeric|conjugated,0,9.989642614178592,1.610701532226638e-07,0.17487095385518595,0.9157652356279911,0.9157657543832688,1.367533130748257,2.595649639810867,5.187552777341509e-07,0.0,0.000216022805137713,0.13556817452459152,0.26721653305984605,0.42234433856037645,0.11359640057716265,0.010496955501804874,0.05077759777621839
torsiontest2000,testcase-1326,COSWCAGTKRUTQV-UHFFFAOYSA-N,CNC(=O)N(C)C,3-5,7,plain,1,7.673510640190216,1.3934250996109903e-07,0.1088558573213204,0.4221031496728354,0.4221040072405227,0.8624025242434972,2.318133338605171,8.575676873068261e-07,0.0,0.00030009669205785473,0.02599878417317283,0.7681456882357205,0.09699967026978612,0.05487444194610873,0.04460562833418903,0.009375787041022625
torsiontest2000,testcase-1327,QJYLGBWWVUPNEY-UHFFFAOYSA-N,CN(C)C(=O)NCc1ccccc1,4-5,13,plain,0,9.10448475315934,0.0006920490083074075,0.006424655936635766,0.09029864828851693,0.11444597385810187,0.2324901784855144,2.674356435602884,0.024147325569584946,0.499306518724012,0.018657376529199847,0.5543035470225145,0.3672883081709868,0.07198348886986297,0.002511307923770404,0.0017418040621515409,0.0021715439507138216
torsiontest2000,testcase-1329,YGOLMAQXUDSRHV-UHFFFAOYSA-N,c1csc(CN2CCCCC2)c1,4-5,12,plain,0,6.886395299457945,0.22295793816224163,0.007050797413565454,0.07547679804817478,0.9581308720384595,0.1858703294238675,2.0242483584791002,0.8826540739902847,134.81276005547846,0.24438221752090544,0.15499834546943564,0.21048488881974053,0.6274659682972584,0.002633187602487073,0.0014297605073234295,0.0029878493037549516
torsiontest2000,testcase-1330,DJQUVKALZASWTJ-UHFFFAOYSA-N,CN(C)Cc1cccs1,1-2,9,plain,0,6.557118100987282,0.17401447604972642,0.008007428727137927,0.06122942906886345,0.8288632857168148,0.18759015429021852,1.9824802434779298,0.7676338566479514,132.31622746185855,0.20932681630686698,0.10917986728714146,0.1670866087371836,0.715726095248537,0.003609254722329574,0.001581684819263764,0.0028164891855445877
torsiontest2000,testcase-1333,LIWAQLJGPBVORC-UHFFFAOYSA-N,CCNC,2-3,4,plain,0,5.967121109191794,0.030956792087118063,0.0014709476947575588,0.008580481906605595,0.2728533613938156,0.06006375469542263,1.55004153506416,0.26427287948721,2.9958391123439583,0.09090323996744956,0.3432022951320528,0.08061988414011431,0.5747068730330754,0.0004976582330568717,0.0002693530613916001,0.0007039364003090869
torsiontest2000,testcase-1334,IWHLPMBLJZJCJK-UHFFFAOYSA-N,CNCC1CCCCC1,2-3,9,plain,0,5.084231144603109,0.1511163775473323,0.001961896889389579,0.007791907378846834,0.6297136195816088,0.07216702941611183,1.6197917105067825,0.6219217122027619,6.4909847434119,0.1659838434270871,0.14150938331639323,0.05285829962212977,0.8036704201720875,0.0012389193163884155,8.412481181743864e-05,0.000638852761183725
torsiontest2000,testcase-1337,OJEGAMHXVWSGDH-UHFFFAOYSA-N,CNC(=O)CSC,1-2,7,plain,0,5.470219052920584,0.09958134082072,0.029600946320335202,0.5686438490265827,0.7227972519652672,0.6184926236463348,1.523984734966778,0.15415340293868451,145.2981969486824,0.18194620983463192,0.042864883657062876,0.7097484632526625,0.21778570676993927,0.00586528154619589,0.018008586518533376,0.0057270782556059375
torsiontest2000,testcase-1338,YPGCWEMNNLXISK-UHFFFAOYSA-N,C[C@@H](C(=O)O)c1ccccc1,5-6,11,stereocentre_adjacent,0,2.911845904716756,0.6856978815997292,0.032182290403086226,0.019558003138619502,0.8056996946689526,0.17558943903859797,0.9728963199826844,0.7861416915303331,45.43689320388347,0.29139981963325406,0.00023226916967363558,0.9675239386768898,6.150175035027969e-05,0.02862274679858178,0.00035347786091048336,0.0032060657435939582
torsiontest2000,testcase-1339,BTANRVKWQNVYAZ-UHFFFAOYSA-N,CC[C@H](C)O,2-3,5,stereocentre_adjacent,0,4.988328312552767,0.12397337891777513,0.0023775062145188685,0.006920115786981126,0.5462478916846318,0.0759559658582832,1.5512965389709343,0.5393277758976507,0.49930651872395515,0.1649795626628956,0.10952438215197272,0.03827423945858508,0.8498238721749233,0.00013639773200781056,0.0008637031449596728,0.001377405337551385
torsiontest2000,testcase-134,OGKWRWBQAFIIQZ-UHFFFAOYSA-N,CNC(=O)Nc1ccc(OC)cc1,4-5,13,biaryl,0,2.146540750574786,0.004461954637589432,0.27541129869764436,0.11142678283025324,0.1189892072012738,0.3463677028376496,0.6347752815693967,0.00756242437102056,61.91400832177533,0.019846279752705167,0.005037749805148822,0.7188880531567693,0.0006628983404374345,0.2572490131271989,3.587903526582217e-05,0.01812640653517964
torsiontest2000,testcase-1340,NCXUNZWLEYGQAH-UHFFFAOYSA-N,C[C@@H](O)CN(C)C,2-4,7,stereocentre_adjacent,0,9.48455147157074,0.5078264528718985,0.07952798225272656,0.47823232453339265,1.7609988781324752,0.8237347836753619,2.4258994118765353,1.2827665535990826,113.34257975034673,0.6023498850372221,0.5693555163207,0.03959709453517723,0.3115194068913961,0.04308589497915219,0.029565614815673928,0.006876472457900443
torsiontest2000,testcase-1341,VBHLXDYKLVBDSY-UHFFFAOYSA-N,CCN1C[C@H]2CC[C@@H]1CC2,2-3,10,stereocentre_adjacent,0,6.135074300429551,0.4024938456157857,0.07085639914395758,0.43904112439044807,1.184426770363606,0.6370156146060959,1.788655027080614,0.7453856459731579,11.484049930651878,0.37306035756858974,0.36398679679157264,0.07767554256763483,0.48748126149683496,0.01208353654217711,0.03606412041315104,0.02270874218862943
torsiontest2000,testcase-1342,DVQLGAFYVKJEDE-UHFFFAOYSA-N,CN(C)C(=O)C1CC1,2-4,8,anomeric,0,13.008507161925081,0.0005762986211377411,0.06365936959402024,0.3771648374740085,0.3896900469663198,1.0969255179509598,4.099878222193564,0.01252520949231134,0.49930651872409726,0.01251598532126704,0.029676943364913243,0.8406027323882306,0.06606095465283607,0.04924279594681245,0.01186679256794043,0.00254978107926735
torsiontest2000,testcase-1343,DVQLGAFYVKJEDE-UHFFFAOYSA-N,CN(C)C(=O)C1CC1,4-6,8,plain,0,7.732875117071671,0.3251042567912383,0.009361672634288555,0.08448379138769498,1.5671645516313744,0.2786659747331896,2.745849607946881,1.4826807602436793,34.95145631067959,0.39226617310541,0.9850227400299042,0.0010912664514290263,0.004524320884378284,0.002388553283154991,0.004855296235994461,0.002117823115139103
torsiontest2000,testcase-1344,KIALFUYSJAAJSU-UHFFFAOYSA-N,O=C(C1CC1)N1CCNCC1,2-6,11,plain,0,20.26661711576162,0.07342454253764875,0.15494729977884925,1.457375801395827,2.197861327114087,2.7992465534094335,6.24396276672411,0.7404855257182601,13.481276005547898,0.29137142828769014,0.02868759285638659,0.7618934551114388,0.05447165225332543,0.11257891502052747,0.023073124335643305,0.019295260422678474
torsiontest2000,testcase-1345,VFSFCYAQBIPUSL-UHFFFAOYSA-N,c1ccc(C2CC2)cc1,2-3,9,plain,0,0.9937424405652564,0.6759335172775464,0.4186404470447043,0.006428741460934554,0.2666964918936612,0.20992450541757224,0.32435778660099646,0.26026775043272665,73.39805825242723,0.12188086513623884,0.0008074327509951327,0.5805203848733459,3.17353309546967e-05,0.4019763569200843,5.732661200456157e-05,0.016606763512615398
torsiontest2000,testcase-1346,CJFVCTVYZFTORU-UHFFFAOYSA-N,CSC(C)(C)C,2-5,6,plain,0,3.47241299826419,9.446127519396272e-07,0.009348292838793792,0.028558582934188996,0.028584753993932097,0.12496277603198622,1.2585730774872115,2.617105974310127e-05,0.0,0.0007516584616073333,0.00018581160201472572,0.001578539794231842,0.9888873557649597,0.0013169056961193396,9.676160217566948e-06,0.008021710982456886
torsiontest2000,testcase-1347,WXEHBUMAEPOYKP-UHFFFAOYSA-N,CCSC,2-3,4,plain,1,3.7657576628844254,2.7396856064408743e-07,0.0011191860633248615,0.009272589484876064,0.009289179451504447,0.036659748058586177,1.060226978419752,1.6589966628382385e-05,0.0,0.0002008277123488346,0.17499901966099596,0.16290858406766917,0.6609732102080098,0.00024386331891883964,6.993499131984677e-05,0.0008053877530861752
torsiontest2000,testcase-1348,OPEGPBVNAJOJNQ-UHFFFAOYSA-N,CSCCNC(C)=O,2-3,8,plain,0,6.012375884514768,0.3460668345871178,0.0030340038017836924,0.07183996824563146,0.9514036221450416,0.1142428980599549,1.6142607495009587,0.8795636538994102,117.3370319001387,0.36134257537475195,0.320279057045521,0.23806308118329572,0.4386238579693997,0.0005607956118708239,0.0005948154645041167,0.001878392725408752
torsiontest2000,testcase-1349,HYTCSCBDAFJMIP-UHFFFAOYSA-N,CCNC(=O)N(C)C,2-3,8,anomeric|amide|conjugated,0,6.202927506354172,0.001338147474374552,0.004129828890899289,0.0705401571588059,0.0986183308149244,0.14012295412368275,1.8853138539905303,0.02807817365611849,1.4979195561719791,0.03554156701202975,0.5083128601541724,0.35973867866944015,0.1278186322854881,0.003656859188457766,0.0001314981588970344,0.00034147154354448783
torsiontest2000,testcase-135,IIEXBAMQUAFCAD-UHFFFAOYSA-N,C[n+]1csc2ccc(-c3ccccc3)cc21,6-7,16,biaryl,0,2.312764003290795,0.0012449199092388825,0.9963608539207635,0.061324408739905745,0.06769021127264475,0.8130602479068807,0.8145352197534709,0.006365802532739009,0.0,0.012237398783943887,0.0014204938149461148,0.00212431314487036,9.433911942008717e-05,0.9677274572309374,4.0732545117578026e-06,0.028629323435314148
torsiontest2000,testcase-1351,HMMJMDWGCVGCCK-UHFFFAOYSA-N,CO[C@@H]1CCC[C@@H]1C,2-3,8,stereocentre_adjacent,0,8.508922415814595,0.10937570803562935,0.010734948688840916,0.06456729684233993,0.8694331091670016,0.2791965539536246,2.622444340695258,0.8048658123246616,8.987517337031932,0.28615477395066574,0.8366625168635543,0.07472279839884355,0.07787973604876139,0.007885490415301073,0.002268432620128614,0.000581025653411229
torsiontest2000,testcase-1352,YPHQUSNPXDGUHL-UHFFFAOYSA-N,C=CC(=O)NC,1-2,6,anomeric|conjugated,0,13.349322509340709,8.405845070066737e-09,0.047662334228932755,0.21706274442513837,0.21706309450294695,0.9533369383496448,4.257593798307415,3.50077808575211e-07,0.4993065187239836,0.000133958483516114,0.012020539682078292,0.9020792845428234,0.03823784154616539,0.03719030458586884,0.008592611088359474,0.0018794185547044446
torsiontest2000,testcase-1353,YPHQUSNPXDGUHL-UHFFFAOYSA-N,C=CC(=O)NC,2-4,6,conjugated,0,4.214661721256562,9.39740781996663e-06,0.029907016346558162,0.04095550818173248,0.04113856013080318,0.22249095176771497,1.265224809405685,0.00018305194907070055,0.4993065187239836,0.0022539521213726867,0.006966771048362998,0.8264301781778809,0.1366960344271979,0.02984172590978156,2.3564768677558013e-05,4.172566809904646e-05
torsiontest2000,testcase-1354,QBFNGLBSVFKILI-UHFFFAOYSA-N,C=Cc1ccc(C=O)cc1,2-3,10,biaryl,0,3.164850920671597,4.1326092306421896e-08,0.07210079622243307,0.004940971082488983,0.004946493318630027,0.30868397322832924,1.149455730286021,5.5222361410433435e-06,0.0,9.087294979805632e-05,5.5055096511065064e-05,0.9275832671874722,0.0002608814935838402,0.07207994309068604,8.015861583639823e-06,1.2837270163381916e-05
torsiontest2000,testcase-1355,HUMNYLRZRPPJDN-UHFFFAOYSA-N,O=Cc1ccccc1,4-5,8,conjugated,0,7.671488903084537,1.1632453446399615e-05,0.005970862335152111,0.012145177922651174,0.015247210238090404,0.20919646408919987,2.7027570723819294,0.0031020323154392297,0.4993065187239836,0.0017940923037269086,6.582649173791485e-05,0.9939291039427262,3.420723038389201e-05,0.005896147433620641,3.682922797513468e-05,3.788567355633555e-05
torsiontest2000,testcase-1356,VXMGBSXIKBWFBU-UHFFFAOYSA-N,CNc1ncncn1,2-3,8,anomeric|biaryl,0,13.547367311053677,1.430749045894743e-09,0.062122622442777636,0.3766317162775913,0.37663175171392693,1.140548024067102,4.335718713810608,3.5436335643623806e-08,0.0,8.257628301761488e-05,0.0003007286650018559,0.9371736514675766,0.0004029974246438969,0.05360304364960041,4.080564647682644e-06,0.008515498228529551
torsiontest2000,testcase-1357,RXELBMYKBFKHSM-UHFFFAOYSA-N,c1ccc(-c2ncncn2)cc1,5-6,12,biaryl,0,6.751935130218044,0.00020520724225426908,0.016811861718925313,0.02890375394064651,0.044773937412822186,0.31085357282374554,2.387229025316875,0.015870183472175677,0.0,0.010296954720499818,4.3544428072499386e-05,0.9830924348047315,5.2159048270692415e-05,0.016654994816817374,5.446721013774166e-05,0.00010239969197019426
torsiontest2000,testcase-1358,IFUHHVOEHBXDPB-UHFFFAOYSA-N,C=C(C)COC,2-4,6,plain,0,5.724199571472127,0.4090142942541968,0.026597395374241686,0.33406629043374236,0.9887857505636678,0.4097814867006883,1.4930245874259669,0.6547194601299254,123.32871012482661,0.32255866031091607,0.006498886990436183,0.37317055780244085,0.5937331598328813,0.00048030261681695146,0.022661499702777328,0.003455593054647407
torsiontest2000,testcase-1359,FASUFOTUSHAIHG-UHFFFAOYSA-N,C=CCOC,2-3,5,plain,0,5.2305277924460825,0.3752594006062419,0.036545968059288995,0.06914766262866377,0.764107079236182,0.24733969884339455,1.2441546263717882,0.6949594166075183,126.82385575589457,0.25970327383727954,0.06892594195121445,0.3813374602804427,0.5131906297090538,0.022790184089681146,0.009192583569431794,0.004563200400176052
torsiontest2000,testcase-136,PZXGJNCSFPBXFN-UHFFFAOYSA-N,C[N@@+]1(C2CCCCC2)SC(=S)C2=C1CCCC2,2-3,17,stereocentre_adjacent,0,12.598337369505316,0.11401469774083851,0.032515371850034724,0.3135442325234277,1.106770545801814,0.6477729142144111,3.159076004037164,0.7932263132783863,4.993065187239949,0.438929704049556,0.08540881272131373,0.17762036811783977,0.7044554473108119,0.0033057487379793316,0.016376148375575213,0.012833474736480187
torsiontest2000,testcase-1360,FASUFOTUSHAIHG-UHFFFAOYSA-N,C=CCOC,3-4,5,plain,1,4.956432322564069,0.09255155453510794,0.003859894575623643,0.010064104252422448,0.403591651952836,0.08300777093871634,1.326257461983669,0.39352754770041354,110.34674063800276,0.201084103032608,0.3474795094075521,0.18033722368277114,0.46832337233405313,0.0033835219211396086,0.00037725151077785957,9.912114370617451e-05
torsiontest2000,testcase-1361,WFMJTCLDCCCFHE-UHFFFAOYSA-N,COCCNC(C)=O,3-4,8,plain,0,6.254768131533638,0.4046074595021869,0.008025399821621534,0.09084748349759965,1.078530199735316,0.17652825993260746,1.6919832163914776,0.9876827162377164,0.499306518724012,0.4118836819703895,0.39034574421606205,0.037507072106976194,0.5641217838553402,0.005755374004794879,0.002203411160957959,6.661465586869629e-05
torsiontest2000,testcase-1362,WAPNOHKVXSQRPX-UHFFFAOYSA-N,C[C@H](O)c1ccccc1,2-3,9,stereocentre_adjacent,0,2.173816888651345,0.5988670949406081,0.004504224829447928,0.011646310741072956,0.4534648307708869,0.04100252876098301,0.5858964351687791,0.4418185200298139,4.993065187239949,0.21964524308954692,0.33303479730504165,0.3952608570393029,0.26720012082620725,0.002966401460811145,0.0010853170295638342,0.00045250633907294933
torsiontest2000,testcase-1363,WAPNOHKVXSQRPX-UHFFFAOYSA-N,C[C@H](O)c1ccccc1,2-4,9,stereocentre_adjacent,0,3.4682917833561078,0.9518086185427699,0.13246972879996116,0.2727808400294242,1.0255405726953604,0.45872700471396377,1.0493887329212692,0.7527597326659361,69.90291262135923,0.35844171143827747,0.00042022506338155324,0.867044925589552,6.512054710545808e-05,0.0844421511302803,0.0004588192661616978,0.04756875840351915
torsiontest2000,testcase-1364,BJNCZZUBRBZKLD-UHFFFAOYSA-N,CNC(=O)[C@@H](C)OC(C)=O,2-4,10,stereocentre_adjacent,0,4.696150970819872,0.0555944504308523,0.001353581688588723,0.026457777415086346,0.35245991011916245,0.06089008249282842,1.490855213209424,0.3260021327040761,0.4993065187239836,0.06144161681774667,0.8386531727757991,0.1210625231042991,0.03893072243131321,0.0008540842009364876,0.00048521015604409054,1.4287331608144909e-05
torsiontest2000,testcase-1365,SAZSEFKEENKBKK-UHFFFAOYSA-N,COC(=O)C1=COCCC1,2-3,10,anomeric|conjugated,0,12.010536286223214,0.0006505101105806839,0.0005945118731593248,0.06977510277973654,0.12517255074503625,0.12140218612887639,4.075122203308619,0.055397447965299704,0.4993065187239836,0.013789708458456066,0.8175979162498852,0.1705865626893746,0.011221009187580698,0.0001820307993237568,0.00015388548825544704,0.00025859558558012104
torsiontest2000,testcase-1366,GPYBLZCROOSNOX-UHFFFAOYSA-N,COC(=O)C1=C(C)OCCC1,2-4,11,anomeric|conjugated,0,5.294399913807865,0.024480219272081136,0.01687037712869802,0.08753924808809575,0.273677555170569,0.23237585992136434,1.6595838784035513,0.18613830708247325,1.9972260748959343,0.08518700850257897,0.023588851878174125,0.948238950152851,0.011301820840276809,0.014396362559460564,7.14303110894461e-06,0.0024668715381285086
torsiontest2000,testcase-1367,PIYPVRXVYBFIEJ-UHFFFAOYSA-N,CCC1=C(C(=O)OC)CCCO1,5-6,12,plain,0,8.62339323485503,0.039031902968614585,0.009509753053724397,0.1424323507347668,0.49939895462189415,0.27587680545096166,2.4269645177263715,0.35696660388712737,4.993065187239949,0.0899508171886777,0.4825404500351181,0.4578460974643698,0.05010369944678794,0.0066627075815448725,0.0013683400754120353,0.001478705396767489
torsiontest2000,testcase-1368,WRVQFYLHOZQHFY-UHFFFAOYSA-N,CC(=O)N1CCNC[C@H]1C,3-4,10,anomeric|conjugated,0,19.32286399503937,0.04243377083830001,0.08592039710367394,0.857752400693337,1.438883260386365,1.8542226565946276,5.673462791857776,0.581130859693028,169.26490984743407,0.19433945008911663,0.01527023625501787,0.8753991914811174,0.023410175160190776,0.06599826375024727,0.005890848374863745,0.014031284978562927
torsiontest2000,testcase-1369,MBHINSULENHCMF-UHFFFAOYSA-N,CCC(=O)N(C)C,2-3,7,anomeric|conjugated,0,7.634102545911446,3.285353569438015e-06,0.0012512622288626794,0.05700295813319669,0.05713948509382417,0.09583581608903051,2.1786667414237977,0.00013652696062747827,0.4993065187239836,0.002432440780309768,0.6327060475163286,0.20633507658891487,0.1597076136658938,0.0005612962445179797,0.0002734246704009823,0.00041654131394371725
torsiontest2000,testcase-137,GQWAOUOHRMHSHL-UHFFFAOYSA-N,C=Cc1ccc(N(C)C)cc1,7-8,11,conjugated,0,3.7417140231118537,9.865027005420511e-05,0.04360431246385974,0.00516842580934624,0.01439131354601418,0.28242518516786613,1.3522878298135248,0.00922288773666794,2.4965325936199747,0.005196157687716908,2.8813147982467863e-05,0.9563186307022267,4.824368593103126e-05,0.04360330785321367,9.919015337159772e-07,1.2709112362258782e-08
torsiontest2000,testcase-1370,KDWQLICBSFIDRM-UHFFFAOYSA-N,CCC(F)(F)F,2-3,6,anomeric,0,3.640723350836197,4.670904607540208e-06,4.0790018087728954e-05,0.0034017363199296993,0.004392824146134719,0.008890075954408275,1.2860343508886003,0.0009910878262050196,0.0,0.0010206036499855956,2.5172917692220414e-05,3.963139985161686e-05,0.9998944056643684,3.2195112768012084e-05,6.324484857634687e-06,2.2704204620821823e-06
torsiontest2000,testcase-1371,IWTFOFMTUOBLHG-UHFFFAOYSA-N,COc1ccccn1,2-3,8,biaryl,0,7.32977843657136,6.194822472756341e-10,0.0046129407382214755,0.023575854558036787,0.02357592555670461,0.1596379385464187,2.324778521729835,7.099866782336872e-08,0.4993065187239836,1.5781376250051362e-05,0.42107689282525607,0.5718398966313047,0.0024702698052176232,0.004573884874104651,5.392112714757374e-07,3.851665284534851e-05
torsiontest2000,testcase-1372,NRGGMCIBEHEAIL-UHFFFAOYSA-N,CCc1ccccn1,2-3,8,biaryl,0,0.9346666119527072,1.8095866109787567e-06,0.08024898956129434,0.006294647187897031,0.006307672810454525,0.08555279478433071,0.3012519417057124,1.3025622557494114e-05,0.0,0.0001678439243323362,0.12576329733224315,0.5219886225528865,0.27199909055357624,0.07103810334255956,0.0014528117086665784,0.007758074510068204
torsiontest2000,testcase-1373,SQNVFBHILRFQJY-UHFFFAOYSA-N,CNS(=O)(=O)NC,2-3,7,plain,0,8.084707434289157,0.3450193516475312,0.07308502394867254,0.4598538953556364,1.2770074852671196,0.7156192981460011,2.0796880601688335,0.8171535899114832,6.4909847434119285,0.3663308169619793,0.15605606498708893,0.4316608131961145,0.3391980978681241,0.04498335152555356,0.015556856917396162,0.012544815505722817
torsiontest2000,testcase-1375,POEOXZQLWUIFQW-UHFFFAOYSA-N,CS(=O)(=O)NC1CC1,4-5,8,plain,0,5.553686232538894,0.7377050900501613,0.06115928442412848,0.20311709284093035,1.2440710717291381,0.4076135431772055,1.4433783975802417,1.0409539788882078,20.970873786407765,0.4208686609721023,0.19130665584292272,0.625199285089987,0.12233477464296151,0.03809250635613948,0.02161633179899394,0.0014504462689950586
torsiontest2000,testcase-1376,GXMIHVHJTLPVKL-UHFFFAOYSA-N,CC(C)C(=O)N(C)C,2-4,8,plain,0,7.648973726958502,0.5748733727356614,0.029178887019495,0.07390491051863113,1.9197796114460275,0.43846581190304607,2.53121134422926,1.8458747009273964,96.86546463245492,0.5399645507008981,0.5379521896267643,0.26499022177791376,0.1678787015758269,0.02070251021351682,0.008104330195236719,0.00037204661074146143
torsiontest2000,testcase-1377,IOIHAUBXIAJSJW-UHFFFAOYSA-N,CC(=O)N1CCOC2(CCC2)C1,2-4,12,anomeric,0,16.971889199630823,0.01315645574714134,0.07511736075063633,0.6917179551171314,0.9086547715594129,1.5686652430831034,5.183338563959587,0.21693681644228147,4.493758668515966,0.0663656314537301,0.01629758371979647,0.8720904749589624,0.0364945805706047,0.0587125712863468,0.010118840956493381,0.006285948507796145
torsiontest2000,testcase-1378,FAQHEHIKPSXQSN-UHFFFAOYSA-N,COc1ccc(NC(C)=O)cn1,2-3,12,biaryl,0,6.462041936756577,1.909309652334276e-05,0.006391080376504603,0.026465331228196113,0.027940274365484186,0.16601521925322305,2.0502521860939655,0.0014749431372880727,0.4993065187239836,0.0011914115386492607,0.41445085722125213,0.5762011948547167,0.002956867547526718,0.00635615914371327,2.448926877250677e-06,3.2472305914083084e-05
torsiontest2000,testcase-1379,GOVMEAGSRJFQCR-UHFFFAOYSA-N,CNC(=O)Nc1ccc(OC)nc1,6-7,13,anomeric|amide|conjugated,0,2.75801038229838,0.17652875648666963,0.24009707922917498,0.38251194430322555,0.4779857293510056,0.5079909887226118,0.7821175625024188,0.09547378504778004,174.25797503467402,0.11892438923173115,0.027544865377848123,0.7102166515820258,0.022141403810951026,0.07559459220354517,0.05492365546472087,0.10957883156090893
torsiontest2000,testcase-138,VNDLACQUZPDDGR-UHFFFAOYSA-N,O=[N+]([O-])/C=[N+](/[O-])O,5-7,7,plain,1,11.98359455348691,6.565216567714662e-06,0.003939308890383422,0.024686616796028373,0.026403316736518388,0.230728038116924,3.6551072222584704,0.0017166999404900143,0.0,0.0004340287526777968,0.3002850662936097,0.6787612455252161,0.017014379290790763,0.0039052202278241177,3.1978378433982005e-05,2.1102841253221523e-06
torsiontest2000,testcase-1380,OETKCZDWLYWERT-UHFFFAOYSA-N,CNC(=O)Nc1cccnc1,5-6,11,anomeric|conjugated,0,6.362336534133647,0.0003070140916264254,0.052009130963929395,0.15934646284049153,0.16341422692006383,0.49779858062155313,2.0740755180873642,0.004067764079572295,2.9958391123439583,0.011352791232371713,0.0009807270806333342,0.9245920576065293,0.022418084348907925,0.038178615957266404,0.012040672083408211,0.0017898429232547862
torsiontest2000,testcase-1381,GHELJWBGTIKZQW-UHFFFAOYSA-N,CC(C)N1CCCC1=O,5-6,9,plain,0,5.207129715214251,0.6055754729911476,0.033193523714476925,0.0975722038006819,1.3827151692389728,0.33733667451950017,1.7750951651934266,1.2851429654382909,10.485436893203882,0.456318520478951,0.2550260178486136,0.6777577449587332,0.034022713478176085,0.018204133631913463,0.008856712722846702,0.006132677359716762
torsiontest2000,testcase-1382,VMWMBRVROMVNNH-UHFFFAOYSA-N,CC1(c2ncccn2)CC1,2-3,10,anomeric|biaryl,0,3.838950462115463,0.855640874115861,0.005319690332855659,0.009657194992044656,1.2314571447614948,0.09757562143604771,1.3312877810424684,1.22179994976945,33.45353675450761,0.43359392221437365,0.00024992837963338686,0.9944292190667136,1.1622207973509798e-06,0.004669382192510656,0.0002444792012585822,0.0004058289390864201
torsiontest2000,testcase-1383,MVCZKPMTGFFULA-UHFFFAOYSA-N,CC(=O)Nc1ccncn1,4-5,10,anomeric|biaryl,0,10.575156451959629,1.742277984722073e-05,0.012123535890462908,0.22487603449652674,0.22539548379396995,0.46186822499249564,3.6708510095592906,0.0005194492974432141,0.49930651872409726,0.0033787149157960814,0.8102660997849643,0.16908159336236334,0.00852877096220932,0.008853004487507421,0.0032577110869895136,1.2820315965973374e-05
torsiontest2000,testcase-1384,JCCCMAAJYSNBPR-UHFFFAOYSA-N,CCc1cccs1,2-3,7,biaryl,0,0.8515785991912708,1.2241903226655558e-05,0.007809579566698443,0.00527438866387133,0.0053459651401102995,0.022644188721193507,0.24924568158229174,7.157647623896955e-05,127.3231622746186,0.00037414201820490264,0.011268320283999938,0.26585749225215516,0.7150646078971465,0.00017099187466181116,0.007595888025325206,4.269966671142689e-05
torsiontest2000,testcase-1385,ALMDSCZLBCIXMS-UHFFFAOYSA-M,CNC(=O)c1cccs1,5-6,9,anomeric|conjugated,0,4.176717671798542,5.997329048319597e-05,0.04017892485782932,0.015747755366191298,0.019667044193498368,0.30534789748835933,1.5213895910474093,0.00391928882730707,0.0,0.0020264638260475533,0.00044243026603542747,0.9593509806885366,2.766418759878313e-05,0.03983498879390329,0.00012992159220825752,0.0002140144717177716
torsiontest2000,testcase-1386,ALMDSCZLBCIXMS-UHFFFAOYSA-M,CNC(=O)c1cccs1,6-8,9,anomeric,0,11.872167676978279,0.0001027041936166157,0.04406277014779236,0.27753734055426305,0.2796559320026271,0.7638563335375634,3.401596286720568,0.002118591448364071,0.4993065187239836,0.004061421555322044,0.060080949040231035,0.8302947200501672,0.06556156076180934,0.026280713543470797,0.016841221971529208,0.0009408346327923539
torsiontest2000,testcase-1388,OLFIIIPAJFAGNW-UHFFFAOYSA-N,CC(=O)NCCF,4-5,7,plain,0,6.271108257526066,0.3356297673163034,0.005380101845430062,0.03896240618617423,1.0053771946156944,0.13302788372330995,1.7345299481288674,0.9664147884295202,128.32177531206656,0.3926656055459272,0.3594692832032825,0.0572840929214829,0.5778665220298046,0.003941082688965382,0.0013572739778000861,8.174517866459302e-05
torsiontest2000,testcase-1391,OPKOKAMJFNKNAS-UHFFFAOYSA-N,CNCCO,2-3,5,plain,0,7.640276228892617,0.19261085009538623,0.03774620796461777,0.30668207096766115,0.8482105564781358,0.4654198874401306,1.8278545366071797,0.5415284855104747,122.82940360610263,0.3042049283303423,0.11496139231534079,0.15679388956030954,0.690498510159732,0.019214138935845216,0.010507772661179936,0.008024296367592618
torsiontest2000,testcase-1392,DYJPVSYLWLJPEE-UHFFFAOYSA-N,CNC(=O)COC,2-4,7,plain,0,6.641565926838666,0.0001101394513202468,0.0007942755900571379,0.024996996509835938,0.0346738521726203,0.06920246744259334,2.28982709923522,0.00967685566278436,1.4979195561720644,0.014915559663477811,0.8797041430259909,0.1136066160948522,0.005894965289099653,0.00072547837809995,2.8870063205047258e-05,3.9927148752140616e-05
torsiontest2000,testcase-1393,DYJPVSYLWLJPEE-UHFFFAOYSA-N,CNC(=O)COC,4-5,7,plain,0,8.676255941507407,9.490386509525403e-06,0.0013113496308552394,0.021792145061414078,0.023363891402271863,0.10139922378142291,2.7347727221386053,0.0015717463408577853,0.49930651872409726,0.0022539938152739748,0.6436627265028727,0.23763639902033007,0.11738952484594202,0.0006500372298909606,0.0006587025141662943,2.60988679798452e-06
torsiontest2000,testcase-1396,CBWBPZZRBSZHEE-UHFFFAOYSA-N,CN[C@@H](C)C1CC1,2-3,7,stereocentre_adjacent,0,5.263997699832544,0.1795162446003208,0.0047593096622517836,0.01839113591789637,0.6266741271186297,0.10363891659878476,1.4785519557156261,0.6082829912007334,135.31206657420248,0.24788618211154728,0.14935521805638532,0.13612442665029018,0.709761045631073,0.0015788411186368468,0.0012598065264290785,0.0019206620171858587
torsiontest2000,testcase-1397,CBWBPZZRBSZHEE-UHFFFAOYSA-N,CN[C@@H](C)C1CC1,3-5,7,stereocentre_adjacent,0,6.024564837192884,0.6486573471523549,0.030873470385605905,0.205129464690443,1.2518967028517463,0.3386294266445648,1.5470435322794776,1.0467672381613033,4.493758668515966,0.4383706727340961,0.03685011620337542,0.36455820160685637,0.5677182118041623,0.01756069073084068,0.01294614933999443,0.000366630314770792
torsiontest2000,testcase-1398,XZTPDECCBGGANH-UHFFFAOYSA-N,CN[C@@H](C)C1(Cl)CC1,2-4,8,stereocentre_adjacent,0,9.054291317763273,0.42513083292105236,0.03448452898720305,0.33721629899721717,1.6001391202914736,0.5587320970755817,2.422592579207038,1.2629228212942565,3.495145631067942,0.5065019574956804,0.042399528181520034,0.4921160050830439,0.43099993774823325,0.02473944051253244,0.008852142993847704,0.0008929454808228971
torsiontest2000,testcase-1399,MCSAQVGDZLPTBS-UHFFFAOYSA-N,CNCc1cccnc1,2-3,9,plain,0,5.719987509190105,0.12934446849498354,0.015556311326844314,0.10569026144509941,0.5660109642629492,0.2199041161018017,1.5497320704932607,0.46032070281784976,137.80859916782242,0.22952573725232028,0.19665774892753965,0.12202341892097981,0.6657625208246362,0.010700062811230412,0.004042370448269367,0.0008138780673445373
torsiontest2000,testcase-14,AIOKZOBCFXIRJH-UHFFFAOYSA-N,CNC(=O)c1ccc(P(C)(C)=O)cc1,7-8,14,plain,0,3.24573134270031,0.0168243660432809,0.011754089940228276,0.04537499132567562,0.130251427418347,0.11168308444092306,0.9423734618345742,0.08487643609267137,0.9986130374479671,0.033232350610535366,0.05956623166415561,0.9284256180071998,0.0002540603884164814,0.0041025001886695845,7.786851200356844e-05,0.007573721239555122
torsiontest2000,testcase-1401,NKNKIKKRCHVEGU-UHFFFAOYSA-N,CC[C@H](c1ccccc1)N(C)C,2-3,12,stereocentre_adjacent,0,8.682493476488162,0.32502933932587613,0.031686063193723205,0.0731329213106835,1.4359459772766041,0.4536946085223287,2.516496447329682,1.3628130559659206,2.9958391123439583,0.3710926312832822,0.37279771277506096,0.2293105311711928,0.366205692860023,0.02566711046970433,0.004390288818676055,0.001628663905342819
torsiontest2000,testcase-1402,OPNIFHCYXLKGQE-UHFFFAOYSA-N,C[C@H](c1ccc(F)cc1F)N(C)C,2-3,13,biaryl|stereocentre_adjacent,0,10.849768295476679,0.46253969207948153,0.14701567840810845,0.6174014246591104,1.8574075127836616,1.164722766142527,2.64873893611406,1.2400060881245512,63.91123439667132,0.5385502025439352,0.3317292701397552,0.4334265634333207,0.08782848801881564,0.0719607870109582,0.005138048317905308,0.06991684307924495
torsiontest2000,testcase-1403,BVURNMLGDQYNAF-UHFFFAOYSA-N,C[C@H](c1ccccc1)N(C)C,1-2,11,stereocentre_adjacent,0,8.941987467580475,0.029020375320967084,0.0074847418229208535,0.05358519586476193,0.40327584808371775,0.20994174023439124,2.3469048176844702,0.3496906522189558,5.9916782246879166,0.1545368107861059,0.22764722214035443,0.07857756077727822,0.6862904752594465,0.004048318108452455,0.0004357951228878292,0.00300062859158057
torsiontest2000,testcase-1404,IJPVNNZAQNLJKP-UHFFFAOYSA-N,CCC(C)(C)N(C)C(C)=O,2-3,10,plain,0,5.393032987427432,0.21165639049775886,0.05025295015795348,0.13505724935892954,0.7050747125325548,0.3632378297973095,1.5102392846407262,0.5700174631736252,1.4979195561719791,0.28886810909197824,0.00923385434324674,0.18961788784618522,0.7508953076526145,0.030999198071187544,0.019216541323903383,3.721076286254922e-05
torsiontest2000,testcase-1405,DRBCZXVTHBKPCG-UHFFFAOYSA-N,CC(=O)N(C)C(C)(C)C,2-5,9,plain,0,3.0668488733645063,0.0002647211085566208,0.006055069012392632,0.05251452002787753,0.05517621002708751,0.09651011282752475,1.0419003734869476,0.0026616899992099805,117.33703190013875,0.005426872903858039,0.001176507550174852,0.00031800470958901356,0.9924504187278433,0.00044476997179537835,0.0008230327042885299,0.004787266336308724
torsiontest2000,testcase-1406,FXHOOIRPVKKKFG-UHFFFAOYSA-N,CC(=O)N(C)C,2-4,6,anomeric,0,12.655253074131906,1.1302989761640343e-08,0.03879360503019801,0.20232888475427918,0.20232944310603565,0.9035501123353625,4.475545031080203,5.583517564689e-07,0.0,0.00017729614670200668,0.019448606860627195,0.9046037727841559,0.037154015325018774,0.03317990486477149,0.005355292209794116,0.00025840795563241337
torsiontest2000,testcase-141,YXWWHNCQZBVZPV-UHFFFAOYSA-N,CC(=O)c1ccccc1C,4-5,10,conjugated,0,2.8196883003693074,0.0003772206654031109,0.06746586616101477,0.048314676885159086,0.05191087482555386,0.2584518077265758,0.9786863494616906,0.0035961979403947714,19.97226074895977,0.004886538322367117,0.6449053797467333,0.26990877068348734,0.01771998340876462,0.054814528083170604,0.0066810259066634355,0.005970312171180731
torsiontest2000,testcase-1410,YRNOENWZMWWJFW-UHFFFAOYSA-N,CC(=O)N[C@@H]1CCC[C@H]1C,3-4,10,stereocentre_adjacent,0,5.508079035556875,0.5685034892237988,0.04293297266802795,0.3162184242269806,1.3719160945156372,0.4843357425429804,1.7985603849842249,1.0556976702886567,75.89459084604721,0.4587662807259186,0.40082787224653693,0.4102246263190001,0.146014528766435,0.028844408548611762,0.0031808366081235084,0.010907727511292677
torsiontest2000,testcase-1411,XFDXDDHWWVQGRU-UHFFFAOYSA-N,c1csc(NC2CCCCC2)n1,5-6,12,anomeric|conjugated,0,7.613782944739796,0.4443471501049534,0.017145917036147873,0.3143239183666581,1.5160815010605522,0.42857797567588446,2.247046288266943,1.2017575826938942,14.979195561719848,0.43829124010521725,0.5072789063134429,0.14356206348387407,0.3320131131665352,0.002610423037115878,0.012616777088752043,0.00191871691027995
torsiontest2000,testcase-1412,DWVCPSQPTSNMRX-UHFFFAOYSA-N,CNc1nccs1,2-3,7,anomeric|biaryl,0,8.27056936052395,0.2287885732746751,0.12890689855800624,0.5645710739495263,1.421101039155719,1.130052680126069,2.784353189638857,0.8565299652061927,42.44105409153951,0.16460292098979737,0.04817104751586496,0.8152534644383608,0.007668589487768109,0.08459278921937792,0.004558825855753187,0.039755283482875124
torsiontest2000,testcase-1413,DLFVBJFMPXGRIB-UHFFFAOYSA-N,CC(N)=O,2-3,4,conjugated,0,10.694212167640217,7.466058342787727e-10,0.06804070883529983,0.17736629612089466,0.17736632556143023,0.9915726533218162,3.74425877630576,2.9440535564972947e-08,0.0,3.907423580774533e-05,0.006571035763029477,0.9073022416316623,0.018086013770008316,0.060432387210218666,0.004985384371994533,0.002622937253086635
torsiontest2000,testcase-1414,QLNJFJADRCOGBJ-UHFFFAOYSA-N,CCC(N)=O,2-3,5,anomeric|amide|conjugated,0,1.0726845899480395,1.3580297265635727e-06,0.007867393459653371,0.0026240923280029106,0.0026607674135706453,0.033611709161840364,0.3777965763820658,3.667508556773466e-05,0.4993065187239836,0.00017422034878056077,0.8609128957535556,0.09560671666505044,0.03561299412174064,0.0071612333912163565,0.000387973218056711,0.0003181868503803043
torsiontest2000,testcase-1415,IMJVLUBQARFYHA-UHFFFAOYSA-N,CCN1CCCN(C)CC1,2-3,10,plain,0,5.5273099252954125,0.18908901577825427,0.060127297114173195,0.3366212953107419,0.7537563240152791,0.5078817226226213,1.5870440527361618,0.4171350287045372,130.81830790568654,0.2447509219230463,0.23160627588827143,0.19786236983501737,0.5104040571625382,0.007189996033942141,0.044713454777007305,0.00822384630322375
torsiontest2000,testcase-1416,YNEDTZQMKQKTRN-UHFFFAOYSA-N,CN1CCCN(Cc2ccccc2)CC1,5-6,15,plain,0,6.1620998227153905,0.22953431988426462,0.062434019995870435,0.28770607131645043,0.8133448459224237,0.490100474926441,1.6137563806425967,0.5256387746059733,128.82108183079055,0.3226582853461368,0.2813147267751769,0.1372434012261603,0.5190078520027923,0.039832178338756664,0.019302489124065327,0.00329935253304844
torsiontest2000,testcase-1417,XXBDWLFCJWSEKW-UHFFFAOYSA-N,CN(C)Cc1ccccc1,4-5,10,plain,0,5.135261297924444,0.6474274951867085,0.6370736082065814,0.7141838011117347,1.2552353951893578,1.2484298858107243,1.468296130818097,0.541051594077623,3.994452149791954,0.31003718510814,0.0016631920958454255,0.3605181349529376,0.0007450647446355743,0.26139598416330934,0.0013432234172693035,0.37433440062600287
torsiontest2000,testcase-1418,XXBDWLFCJWSEKW-UHFFFAOYSA-N,CN(C)Cc1ccccc1,5-6,10,plain,0,6.405552053329302,0.20794139959665003,0.006359009476587395,0.02433231654231369,0.9315400956401774,0.1646540176050609,2.042273028831836,0.9072077790978637,113.84188626907076,0.2648597294169558,0.1620139328463495,0.09136959338925776,0.7402574642878051,0.004861220944170945,2.4347778313618537e-05,0.0014734407541028313
torsiontest2000,testcase-1419,SQBHGDSDVWCPHN-UHFFFAOYSA-N,CNC(=O)Nc1ccccc1,5-6,11,anomeric|amide|conjugated,0,1.0874570337473415,0.03483180191760731,0.890536862242009,0.12348181008374333,0.14124091328459665,0.368025895036717,0.3875787816801848,0.01775910320085332,99.36199722607489,0.02610312859206537,0.004394089824649879,0.10054096674991003,0.004528081183430897,0.8429066059378293,0.007609356717402836,0.04002089958677693
torsiontest2000,testcase-1420,SQBHGDSDVWCPHN-UHFFFAOYSA-N,CNC(=O)Nc1ccccc1,6-7,11,anomeric|conjugated,0,8.694474053627346,0.028505677188372703,0.0953985880943851,0.42579193936099,0.5917505491886724,0.8639714065093764,2.470904760693441,0.1659586098276824,3.495145631067942,0.07624034530534982,0.029490746660350158,0.8403455892033513,0.034765076041913374,0.050577017317889696,0.033723770535236765,0.011097800241258646
torsiontest2000,testcase-1421,IFTRQJLVEBNKJK-UHFFFAOYSA-N,CCC1CCCC1,5-6,7,plain,0,4.746692775021074,0.11853783781447899,0.009209084201025704,0.02825810386207694,0.5018963669008587,0.14250046005864309,1.4557201519105527,0.47363826303878176,0.4993065187239836,0.17693420978781987,0.14780741650707402,0.008699160641477733,0.8342843386504224,0.0012877206797428735,0.004876304207876679,0.003045059313406152
torsiontest2000,testcase-1422,CYIKAUZZGGYXQL-UHFFFAOYSA-N,CC(=O)NC1[C@H](C)CCC[C@H]1C,8-9,12,anomeric|amide|conjugated|stereocentre_adjacent,0,11.231095143361017,0.7430939792556802,0.014180516388323324,0.14506791399531133,3.054223722806937,0.4457075005947171,3.542038534303699,2.9091558088116254,27.961165048543762,0.6409042253732029,0.3728637759507525,0.4449955994785117,0.16796010818241264,0.003766043004999141,0.00850584429938061,0.0019086290839435726
torsiontest2000,testcase-1423,IEOPZUMPHCZMCS-UHFFFAOYSA-N,COC[C@H]1CCCO1,2-3,8,stereocentre_adjacent,0,6.756572055455763,0.07158407381571925,0.008902835656662448,0.0679420532277278,0.5161047723108136,0.19279383769671524,1.9134061716148336,0.44816271908308586,7.988904299583908,0.2192634637323429,0.299350601087898,0.1179463876857053,0.5738001755697342,0.005359179807778395,0.003338607459706419,0.00020504838917763437
torsiontest2000,testcase-1424,CFFSQQUADJWJBU-UHFFFAOYSA-N,CNC(=O)C1CCCC1,2-4,9,plain,0,2.0171757741481997,0.8082893616214099,0.010855774924991003,0.0598452890917184,0.6048487670096531,0.09190657923955162,0.6721334931977606,0.5450034779179347,53.42579750346741,0.2502284282820916,0.9514484154907057,0.02743282302565867,0.010262986558644856,0.004364289846192647,0.005041940382604916,0.0014495446961934409
torsiontest2000,testcase-1427,DUUADMGTZDJNRI-UHFFFAOYSA-N,CC(=O)NC1CC1,2-4,7,plain,0,15.49331012024777,0.02887287186605926,0.04997498296681216,0.49083956198683676,0.9145732726458822,1.1276909485920315,4.567987090660326,0.4237337106590454,172.26074895977808,0.13011151965445478,0.01085723443686712,0.9161456965233143,0.023022086073006227,0.03914600512707825,0.005924006541091759,0.004904971298642158
torsiontest2000,testcase-1428,DUUADMGTZDJNRI-UHFFFAOYSA-N,CC(=O)NC1CC1,4-5,7,plain,0,3.3827446500072256,0.5569417793308276,0.048202652641743275,0.018077914245716354,0.8568007134131684,0.2526554604477479,1.1479741817326554,0.8387227991674521,102.35783633841885,0.3199936695073296,0.5409711245856035,0.2785274108665529,0.13229881190610032,0.034648300456171593,0.01199733614421325,0.0015570160413584354
torsiontest2000,testcase-143,QAFMBNSVYCPGTF-UHFFFAOYSA-N,CC[C@@H]1CCCC[N+]1(C)C,2-3,10,stereocentre_adjacent,0,10.120490865083411,0.079767739155057,0.01467882020840665,0.0923502669836745,0.7587609541444722,0.336009897372936,2.6681564490195555,0.6664106871607977,14.979195561719848,0.3083170735708561,0.6647023654617248,0.13628316567735663,0.184335648652512,0.005239889879012116,0.007966596604471026,0.0014723337249235057
torsiontest2000,testcase-1432,BPBROJJPZORWGD-UHFFFAOYSA-N,CC(=O)N[C@@H]1CCCN(C)C1,3-4,11,stereocentre_adjacent,0,12.511695861117914,0.6199566232731979,0.004582477546447867,0.06012148992223214,3.278473553287544,0.2881592874281929,4.163546183503529,3.218352063365312,19.972260748959798,0.5656975358484924,0.9678752305723152,0.01674617724736834,0.010796114633868805,0.00363572444216556,0.000606939302415624,0.0003398138018666816
torsiontest2000,testcase-1433,FGRIVGLVHHUSHB-UHFFFAOYSA-N,C1CCN(CC2CC2)CC1,5-6,10,plain,0,5.9550992789445445,0.1803882109743155,0.0037967856830696347,0.028127246224312067,0.7638061523241978,0.1142532459943437,1.7973706181722953,0.7356789060998857,130.31900138696253,0.20377141417385375,0.153520590217599,0.1009669521832146,0.7417156719161166,0.0008683494125206786,0.0009801826897246019,0.0019482535808243542
torsiontest2000,testcase-1434,DQVRGSIXUGZCOV-UHFFFAOYSA-N,CN(C)CC1CC1,1-2,7,plain,0,6.178953462018399,0.20960341198275048,0.0038938602200757687,0.01944619224962327,0.831757799049027,0.1149924642580364,1.8163683318237642,0.8123116067994037,8.488210818307834,0.22638632620670307,0.13737823764205262,0.0678660109011722,0.7908618912366995,0.0006161257214708273,0.0009511980655655614,0.0023265364330393797
torsiontest2000,testcase-1435,NAWYVTFBTSYBFZ-UHFFFAOYSA-N,CC(=O)N(C)C1CC1,2-3,8,anomeric|conjugated,0,14.963610910257557,0.033719780927390315,0.029881661653556508,0.44897092570603114,0.9533638149979086,0.9101595309745639,4.601977036565857,0.5043928892918774,7.988904299583908,0.1817823352625471,0.06896965272183178,0.8671613657646837,0.03398731985992803,0.022748226577454088,0.005039113625700465,0.0020943214504019563
torsiontest2000,testcase-1436,NAWYVTFBTSYBFZ-UHFFFAOYSA-N,CC(=O)N(C)C1CC1,2-5,8,plain,0,7.907820816733874,0.6225477606720355,0.012761779639131514,0.38349284247964033,1.8765472320630991,0.46501476449537327,2.359515474999498,1.4930543895834587,4.493758668515966,0.4504908664590819,0.4307538818160707,0.5442334317459346,0.012250906798863138,0.003632130101486687,0.0015334268871464308,0.007596222650498395
torsiontest2000,testcase-1438,DNAJRSLJALYMCZ-UHFFFAOYSA-N,CCN(C(C)=O)C1CC1,3-4,9,plain,0,6.84675805477309,0.06657703790501043,0.017607710523861807,0.060035059796076366,0.5503383528375378,0.28766648375444526,2.1210077802634504,0.4903032930414615,0.0,0.18420084608066473,0.20091062418402997,0.7495348693414603,0.03194679595064787,0.0030565446246207132,0.01445351207603115,9.765382320994473e-05
torsiontest2000,testcase-1439,FVHITYIDNLWLRE-UHFFFAOYSA-M,CNC(=O)c1sccc1C,6-7,10,anomeric|conjugated,0,3.665390345151536,4.681701975539143e-05,0.058373845361818125,0.02962335584090387,0.03077844085749028,0.2964276181013669,1.2211194016579872,0.0011550850165864095,0.499306518724012,0.0029728893877493273,0.11660416219294434,0.8206693721327601,0.0043526203124774525,0.05691401797046379,0.001194656648883283,0.00026517074247105416
torsiontest2000,testcase-144,XBYFNQZZEKTLNW-UHFFFAOYSA-N,CN1C=C[N+](=O)[C@]2(O)CCCC[C@@]12C,5-6,14,stereocentre_adjacent,0,5.9102900180150755,0.7175298549665495,0.0005130009884922515,0.0018292921410408614,1.6680155903739677,0.04463793367215833,1.9691557412446978,1.666186298232927,2.9958391123439867,0.5221618119129845,0.7143606869665173,0.25394696953302004,0.03117934251197023,0.0004586468435605006,4.383881100751698e-05,1.0515333924233876e-05
torsiontest2000,testcase-1440,CANQSNOZKNKRTR-UHFFFAOYSA-N,CC(=O)N[C@@H]1CCOc2ccccc21,3-4,14,stereocentre_adjacent,0,12.483954036142677,0.33791815349142923,0.003934540460124778,0.06561494271837447,2.2050010211463413,0.24671078599475882,3.79206332717849,2.139386078427967,26.463245492371698,0.5510942626976308,0.5351638611505847,0.3432258005299113,0.11767579785937936,0.0033087509020161693,0.0003510350570810526,0.0002747545010275555
torsiontest2000,testcase-1441,LVBNJEVLRPPQRV-UHFFFAOYSA-N,CNC(=O)CC1CCOCC1,3-4,11,plain,0,5.773633651435375,0.22144330238464358,0.00873297947748754,0.24089417238848143,0.7704130305627739,0.28133350997148204,1.5736223761312695,0.5295188581742925,114.34119278779474,0.2642865363357574,0.22826747275228843,0.03013943248274891,0.7328601152874752,0.001272210237805637,0.001532523036716754,0.005928246202965148
torsiontest2000,testcase-1442,HCLXNZCYZNLDIP-UHFFFAOYSA-N,COc1cncnc1NC(C)=O,3-4,12,anomeric|biaryl,0,7.955128688365221,2.231144509379574e-05,0.07898043752801465,0.21807601195216506,0.21838374822339654,0.7232003888868432,2.463240646647072,0.0003077362712314846,0.0,0.0020769627025531224,0.7353523530720022,0.15289659559136484,0.032770613808618336,0.07553289817171949,0.001667668878978431,0.0017798704773167293
torsiontest2000,testcase-1443,HCLXNZCYZNLDIP-UHFFFAOYSA-N,COc1cncnc1NC(C)=O,9-10,12,plain,1,9.94309292791877,3.571762076418148e-05,0.0041662772803601235,0.08271893153279992,0.08465336484953376,0.21120775287717813,3.011906993120429,0.001934433316733833,0.49930651872409726,0.0019347233584728915,0.892708220486223,0.06698944046297718,0.036136061770439695,0.003042134518426566,5.908277359493357e-05,0.0010650599883386235
torsiontest2000,testcase-1444,RDOXTESZEPMUJZ-UHFFFAOYSA-N,COc1ccccc1,2-3,8,biaryl,0,2.945081582322018,1.6998523669274215e-08,0.0405940829587828,0.02100167624555154,0.021002153905575298,0.2198971389203624,1.0866254540714746,4.776600237565987e-07,0.0,5.851781669005366e-05,0.000632841584739331,0.95859466692586,0.00017840853061791039,0.03959174757472687,0.00018392725424382816,0.0008184081298121066
torsiontest2000,testcase-1445,ZYNMJJNWXVKJJV-UHFFFAOYSA-N,CC(C)Oc1ccccc1,6-7,10,plain,0,5.214770648570266,0.6202101646780136,0.027589855240131234,0.06112394797824306,1.476905563552244,0.31717854571063575,1.8747445685340804,1.4157816155740008,102.85714285714289,0.4660763354355616,0.7691058223698053,0.025452753090067084,0.1778515692999965,0.02327150149408409,0.000949378136978697,0.003368975609068447
torsiontest2000,testcase-1446,ARJYMGOQJFRJEF-UHFFFAOYSA-N,CNC[C@@H](C)OC,2-4,7,stereocentre_adjacent,0,7.90273772351793,0.4173458075621944,0.0014868801417679835,0.016227084919665777,1.380002775259054,0.08394773790929931,2.136064038266666,1.3637756903393883,118.33564493758666,0.4897957353606542,0.43644948893134333,0.07247939362510131,0.48958423730178746,0.00017600214039304555,0.0006874225314092461,0.000623455469965692
torsiontest2000,testcase-1447,KLXWQNVJWICLKR-UHFFFAOYSA-N,CNC1=NCCCN1C,1-2,9,anomeric|conjugated,0,10.895061178307515,0.39228073161536847,0.16225858671024396,1.049155060778222,2.0615713579988793,1.5502872867374609,3.0214299663216124,1.0124162972206572,5.9916782246879166,0.2841025403787218,0.23688988622603743,0.18783485505978278,0.4130166720039357,0.13093591893037448,0.02763695927693193,0.0036857085029375434
torsiontest2000,testcase-1450,RIWRFSMVIUAEBX-UHFFFAOYSA-N,CNCc1ccccc1,4-5,9,plain,0,4.151867973909248,0.8431477496200637,0.31743639530613144,0.6337981846906463,1.1086742124390518,0.8445290540212184,1.1760489569393462,0.47487602774840554,22.468793342579744,0.3265393600708889,0.05320558300618642,0.5757104055812015,0.05364761610648071,0.08227997770608735,0.04925200863683055,0.18590440896321359
torsiontest2000,testcase-1451,IIULHCCNFWQUGI-UHFFFAOYSA-N,CNCc1ccc(NC(C)=O)cc1,2-3,13,biaryl,0,3.300544880621601,0.73341392638972,0.6432935096368155,0.4824457273152593,0.9139723831363243,0.8725253278513391,1.0268297400220374,0.43152665582106503,65.90846047156725,0.2793227609057317,0.010923039877499817,0.3442509223879575,0.001532528097727218,0.25393883505183706,0.0009453865390825666,0.38840928804589586
torsiontest2000,testcase-1452,LUBJCRLGQSPQNN-UHFFFAOYSA-N,NC(=O)Nc1ccccc1,4-5,10,anomeric|amide|conjugated,0,1.3993595623178408,0.014510866414977956,0.9091011083411532,0.10962895305303888,0.11977228318850593,0.39723773986662547,0.4151794802731222,0.010143330135467046,0.4993065187239836,0.019497000285633535,0.00905044603743188,0.07525801157631164,0.006590434045103308,0.9044585448330666,0.003131023316688321,0.0015115401913981547
torsiontest2000,testcase-1453,XGEGHDBEHXKFPX-UHFFFAOYSA-N,CNC(N)=O,1-2,5,anomeric|amide|conjugated,0,15.244754984101746,0.20491508955594867,0.11295961050573246,1.0532533559304522,2.2126993330355713,1.7879487876458886,4.425909851945333,1.159445977105119,151.7891816920943,0.12975421115335278,0.03470355653863387,0.7971616512929364,0.05517518166269732,0.07343992124738986,0.018373591607629556,0.021146097650713024
torsiontest2000,testcase-1454,XGEGHDBEHXKFPX-UHFFFAOYSA-N,CNC(N)=O,2-3,5,conjugated,0,12.662805838044733,0.3272569218347478,0.15756136046279748,1.0090676869812727,2.38653075359188,1.8083594405002075,3.9128894116375896,1.3774630666106074,53.92510402219142,0.19216599409866894,0.08911642420528464,0.6976141902144348,0.055708025117483045,0.09554686720416453,0.027991589667131667,0.03402290359150129
torsiontest2000,testcase-1455,SUOVZMUZQGZAQM-UHFFFAOYSA-N,CC(=O)N(C)C[C@@H](C)O,2-4,9,stereocentre_adjacent,0,6.547226546739694,0.47241278549662374,0.0762752072750003,0.24548300937841114,1.3778205584896748,0.5975313444240004,1.9877620086437155,1.1323375491112637,1.4979195561719791,0.4369586400935028,0.6558450435687024,0.114779721069653,0.15310002808664439,0.06676333630086793,0.004560339197619539,0.004951531776512832
torsiontest2000,testcase-1456,VQMVAASPDIUGRC-UHFFFAOYSA-N,CNC(=O)C(C)(C)O,2-4,8,plain,0,5.312408235389739,0.00021195178853894358,0.006622741656329826,0.06341248341680084,0.06747766759833417,0.14369123807065984,1.5857064037379982,0.0040651841815333295,0.49930651872409726,0.010170807851167422,0.6286702012826737,0.27251155119617815,0.09219550586481838,0.004052153671910115,0.001547900169371875,0.0010226878150478356
torsiontest2000,testcase-146,FFDGPVCHZBVARC-UHFFFAOYSA-N,CN(C)CC(=O)O,2-3,7,anomeric|conjugated,0,10.119628288870445,0.06421024010483543,0.0551161030176751,0.5545145620509394,1.0502084066356565,0.9951276443469356,3.5631051802091047,0.4956938445847171,0.9986130374479671,0.07121567020575105,0.6770094661480673,0.2532941781714365,0.014580252662821171,0.022070038737248145,0.02402611738917579,0.009019946891251162
torsiontest2000,testcase-1462,XTUVJUMINZSXGF-UHFFFAOYSA-N,CNC1CCCCC1,5-6,8,plain,0,5.270095657673664,0.31448668338080576,0.0038144919630635045,0.02159297446389153,0.8965773676466792,0.10104816596590345,1.598454736627383,0.8749843931827876,107.35090152565886,0.2989421066086566,0.34910529481793084,0.0781575193697505,0.5689226938492551,0.00015862274100273958,0.0007197480295033086,0.0029361211925574564
torsiontest2000,testcase-1463,RCSSHZGQHHEHPZ-UHFFFAOYSA-N,CN[C@@H](C)c1ccccc1,1-2,10,stereocentre_adjacent,0,6.667379716527648,0.3675166679524518,0.011307818490167423,0.08379457235875393,1.0888782321175614,0.2080528993032723,1.792773953305288,1.0050836597588075,6.4909847434119285,0.4463417568150645,0.33308782535549475,0.16053931850865977,0.495065037645678,0.009769430034209417,0.00026838049794461846,0.0012700079580133885
torsiontest2000,testcase-1464,RCSSHZGQHHEHPZ-UHFFFAOYSA-N,CN[C@@H](C)c1ccccc1,2-4,10,stereocentre_adjacent,0,6.217524865438463,0.9192192801882118,0.09705617613487634,0.5154892315734503,1.7151037721472853,0.7404451037430086,1.782339136234457,1.199614540573835,179.25104022191397,0.48724297187388727,3.546160533663464e-05,0.9026695144101287,0.00023884784965844108,0.02274634660845825,0.000543492319200537,0.07376633720721755
torsiontest2000,testcase-1465,YELGXBUYFOSFJM-UHFFFAOYSA-N,CC[C@H](NC)c1ccccc1,2-3,11,stereocentre_adjacent,0,5.977223611029331,0.03921581832399932,0.0019696617072206967,0.031525980948620316,0.3417937023811339,0.08253205167555924,1.7189024638177612,0.3102677214325136,2.4965325936199747,0.0818139645016102,0.13055181239447933,0.028560852479472564,0.8389176734188274,0.0010857310909769755,9.100240378486169e-07,0.0008830205922058725
torsiontest2000,testcase-1466,BDERNNFJNOPAEC-UHFFFAOYSA-N,CCCO,2-3,4,plain,0,5.0330270532285795,1.5834370043968903e-07,0.0026801309431635574,0.0015342667913783286,0.0016416260261236035,0.07598336898163528,1.467412440775758,0.00010735923474527488,0.0,0.00012970302811820617,0.08937468966839576,0.06240748634829382,0.8455376930401467,0.002426039236509248,5.399812612785294e-05,0.00020009358052645678
torsiontest2000,testcase-1469,MUWAVAGASNZBHS-UHFFFAOYSA-N,CNC(=O)CC(C)(C)C#N,4-5,10,plain,0,6.637960647116415,0.3893402921407787,0.021550622099457226,0.11418403354504439,1.224439100955846,0.30871054745114124,1.9571145821376168,1.1102550674108016,1.4979195561719791,0.46477961778218485,0.37858028034464025,0.03945991543519153,0.5604091821207111,0.009348382186947092,0.006140426912489364,0.0060618130000207665
torsiontest2000,testcase-147,HMCGFIUGGAMSFP-UHFFFAOYSA-N,CNC(=O)CCc1ccncn1,4-5,12,plain,0,4.543706110096537,0.15265409544220526,0.07119532724653944,0.28011849151977425,0.5467204879615217,0.42576350056440254,1.2338939236809583,0.2666019964417475,137.80859916782242,0.2484132658120978,0.027439919542464466,0.26878893652467745,0.6325758166863188,0.02396569927005893,0.02114235615806131,0.026087271818419192
torsiontest2000,testcase-1470,SIXSDXBPHBHLPS-UHFFFAOYSA-N,CNC(=O)CCOC,2-3,8,plain,0,6.4349131164490245,0.21544881607084349,0.11772105083492598,0.4668308531895445,0.9333223025832779,0.7581669265409751,1.8026510795283408,0.4664914493937334,9.986130374479899,0.3478360723562207,0.11352037256744014,0.08327214293281332,0.6854864336648206,0.0452056079933984,0.0511398374965474,0.02137560534498017
torsiontest2000,testcase-1471,DTFKRVXLBCAIOZ-UHFFFAOYSA-N,COc1ccccc1C,2-3,9,biaryl,0,7.539679787732894,7.071411548331037e-06,0.003001848041700386,0.03576247678995395,0.03620420379236061,0.12154740577910123,2.12056313622048,0.0004417270024066611,0.0,0.0016856948023712239,0.9111722225893326,0.010003723617229315,0.07582220575173762,0.001253210157842742,0.0008708298328477058,0.0008778080510099383
torsiontest2000,testcase-1472,UNJDLKZEFKBDEP-UHFFFAOYSA-N,CNC(=O)C1CCC(=O)CC1,2-4,11,plain,0,1.4953949690097943,0.5769515891872028,0.057659274064689514,0.014745931072749133,0.34333881953962175,0.1094373330732339,0.4518390373508388,0.3285928884668726,1.4979195561719791,0.1546988093020936,0.40375087500026324,0.31256333344267107,0.22602651749237623,0.04876015690217338,0.004287618865125378,0.004611498297390753
torsiontest2000,testcase-1475,UVQRGQPAPKBSGC-UHFFFAOYSA-N,COC(=O)c1cnsn1,2-4,9,anomeric|conjugated,0,4.483297481085174,2.530798810680883e-08,0.003679970054672186,0.0011037560916803222,0.0011283494547881696,0.08934964942782408,1.4727793632469497,2.4593363107847446e-05,0.4993065187239836,7.015914914995019e-05,0.07854950325919846,0.9154475355702701,0.00232299111585909,0.003643800129168645,3.609303376938174e-05,7.689173415910263e-08
torsiontest2000,testcase-1476,IPBVNPXQWQGGJP-UHFFFAOYSA-N,CC(=O)Oc1ccccc1,1-3,10,anomeric|conjugated,0,7.595833901956212,0.0006496729662926994,0.0010154217653566256,0.030489931807173052,0.06665017078375654,0.08012355131770095,2.3254443947370826,0.03616023897658349,0.4993065187239836,0.01602298596558472,0.14102757568543167,0.844432626411462,0.013524376137749611,0.0005735487054471783,0.0003725811448718906,6.929191503755672e-05
torsiontest2000,testcase-1477,LNWWQYYLZVZXKS-UHFFFAOYSA-N,CC(=O)N1CCCC1,2-4,8,anomeric,0,14.68245977247716,0.0012800937213895938,0.01630475330291829,0.20556455715707467,0.27606038920324405,0.6889959998456818,5.154193585041704,0.07049583204616938,0.49930651872409726,0.04429862449841585,0.013436213719553917,0.9473226249242405,0.022936408053287373,0.0140436673529837,0.0022543396552884014,6.746294646186151e-06
torsiontest2000,testcase-1478,WBVNBTCOCIGBDL-UHFFFAOYSA-N,C#CC(=O)NC,2-3,6,anomeric|conjugated,0,14.29959036767832,6.40065030900573e-08,0.05251082359674742,0.24417061235631346,0.24417332313487192,1.0703540723334592,4.554312959496616,2.7107785584568056e-06,0.4993065187239836,0.0003673689712186002,0.002525852135191509,0.9327249820731591,0.012238342194901691,0.0469772403144283,0.001839675707671981,0.0036939075746471395
torsiontest2000,testcase-1479,BVNIREPGHLFKNZ-UHFFFAOYSA-N,CNC(=O)C1CC1,1-2,7,anomeric|conjugated,0,13.142175809683977,5.597010548350137e-07,0.04787653147392251,0.2103124757436445,0.2103359750600272,0.9432855054802749,4.207772473967734,2.349931638270797e-05,0.0,0.0006732743160212614,0.008482143148940198,0.909404777311844,0.03423654806529326,0.037849628291239897,0.008086557457958526,0.0019403457247240898
torsiontest2000,testcase-148,WBFUHHNTIXPYDM-UHFFFAOYSA-N,COC(=O)CCc1ccncn1,4-5,12,plain,0,5.7498687380575575,0.1640423162113522,0.029244038945896625,0.2782880597851425,0.6397772193911279,0.36960411469319565,1.4493193190599798,0.3614891596059854,111.34535367545078,0.2967128922114225,0.31428587500379707,0.19332031434602243,0.46314977170428395,0.016409224842426295,0.003077353853610032,0.009757460249860298
torsiontest2000,testcase-1480,BVNIREPGHLFKNZ-UHFFFAOYSA-N,CNC(=O)C1CC1,2-4,7,plain,0,4.222293167666066,0.5962142412689067,0.0005250922224638132,0.03325344416093972,1.0229048524560493,0.045014851373075426,1.3244687442499041,0.9896514082951097,32.954230235783626,0.43895055532477373,0.49248053662466107,0.4874414949139536,0.019552876238921473,0.00019011073690904906,0.00024654837987243383,8.843310568233028e-05
torsiontest2000,testcase-1481,CNROETIFBZHIOV-UHFFFAOYSA-N,CNC(=O)C1(C(=O)OC)CC1,3-5,11,anomeric|conjugated,0,13.443238024890888,4.334275424736237e-06,0.0017418547108206345,0.5409249750884794,0.5409747220759493,0.5605617135556399,3.5651289102616435,4.9746987469956316e-05,0.0,0.0019147353579670808,0.9625476403933872,0.009617670953809755,0.026092833941982283,4.7754625421299396e-05,0.0003898562711766163,0.0013042438142227188
torsiontest2000,testcase-1482,CNROETIFBZHIOV-UHFFFAOYSA-N,CNC(=O)C1(C(=O)OC)CC1,5-6,11,anomeric|conjugated,0,5.8899135671090335,2.948058110444218e-07,0.00928759787612548,0.07557461114735088,0.07558036021734378,0.18190298372782254,1.7185519646013894,5.7490699928997024e-06,0.0,0.0002780902271380845,0.2567830948586635,0.7325077238369352,0.0014215834282758166,0.0038015691333804415,0.005350867401616238,0.00013516134112879954
torsiontest2000,testcase-1483,PKAHQJNJPDVTDP-UHFFFAOYSA-N,COC(=O)C1CC1,2-3,7,anomeric|conjugated,0,12.628066599747399,8.267396310771569e-09,7.804214187556342e-05,0.045392786630014434,0.04539417262857152,0.05699399983165049,3.901560655805844,1.385998557083823e-06,0.4993065187239836,8.9231041262398e-05,0.3539008655087765,0.6366941856012646,0.009326906748083352,3.887015187430562e-06,7.366588027831799e-05,4.89246409814851e-07
torsiontest2000,testcase-1485,WKSJTVLYISAGGG-UHFFFAOYSA-N,COC[C@@H]1CN(C)CCO1,3-4,10,gauche_effect|stereocentre_adjacent,0,8.030019371537492,0.021232848029953535,0.0005571632618197012,0.005145480501634453,0.3227342953277583,0.05252560510354085,2.2145559416899934,0.3175888148261239,3.9944521497919823,0.11011600565023039,0.5096196827818246,0.1443058110305187,0.34551734292583697,0.0005039239505999958,1.0261270124275611e-05,4.2978041095429815e-05
torsiontest2000,testcase-1486,KYWXRBNOYGGPIZ-UHFFFAOYSA-N,CC(=O)N1CCOCC1,3-4,9,anomeric|conjugated,0,15.948763333144598,0.025710197266870915,0.06540388173876857,0.5676102562248524,0.9723344068218158,1.3811839582136987,4.956169402660175,0.40472415059696343,8.987517337031932,0.11347946636659545,0.01872110018636448,0.8787882168677094,0.03708680120715769,0.05189892648271288,0.008816829119718192,0.004688126136337499
torsiontest2000,testcase-1488,YWHWAQXKZWDBEK-UHFFFAOYSA-N,C[C@@H](C(=O)N(C)C)C1CNC1,4-6,11,stereocentre_adjacent,0,7.238001569232438,0.3692469865611352,0.030518230303013465,0.29409676353199815,1.1353791185099205,0.43114610007984255,1.8284889995468079,0.8412823549779223,18.973647711511802,0.4296211007659632,0.39784864095653816,0.048402941362603834,0.5232301873778445,0.022772339836959084,0.0019242974449972096,0.005821593021057168
torsiontest2000,testcase-149,FILVHGGOUFZULB-UHFFFAOYSA-N,CC[C@@H](C)NC(C)=O,2-3,8,stereocentre_adjacent,0,5.463875366462162,0.20936992921358658,0.005225684469067194,0.03424187615334874,0.7072658384366278,0.11674074284609164,1.544268767593642,0.6730239622832791,1.4979195561719791,0.17340650135963295,0.10311148485568201,0.06960444894800256,0.8220583817272482,9.549607947484622e-06,0.00461090253721873,0.0006052323239009799
torsiontest2000,testcase-1493,JPUDLQKLSRSRGN-UHFFFAOYSA-N,CO[C@H](C)C(C)C,2-4,7,stereocentre_adjacent,0,6.919216087000677,0.2002595055789316,0.010184866309465334,0.024463983607024023,0.8931896199190573,0.20283537169995905,1.995339749182997,0.8687256363120333,0.0,0.17581316649352757,0.10980844937493786,0.0771977536022803,0.8028089307133165,0.003147536732275375,0.0011348320587865257,0.0059024975184034335
torsiontest2000,testcase-1494,DEOIEELDLIWVGF-UHFFFAOYSA-N,[H]/N=C(\NC)NCC,2-3,7,anomeric|conjugated,0,7.7645052812295035,0.011193901352933433,0.002101952199740741,0.048892631407410694,0.247526546746557,0.115959442056911,2.2939738815518793,0.19863391533914632,3.4951456310679703,0.09497926144471157,0.537224988982219,0.2909195624943159,0.1697534963237243,0.0006325302169756168,0.0010369501147679879,0.0004324718679971362
torsiontest2000,testcase-1495,LINDOXZENKYESA-UHFFFAOYSA-N,CNC(=N)NC,2-3,6,anomeric|conjugated,1,12.616929234878626,0.3594415622909052,0.10511427768300544,0.8775233001901778,2.129948812968671,1.3680483402863273,3.3539780828317753,1.2524255127784931,6.9902912621359405,0.25126534989921323,0.10581183169342953,0.6008816542655646,0.18819223635800042,0.04806043688352676,0.043728822248328685,0.013325018551149983
torsiontest2000,testcase-1496,YKFLJYAKACCWMH-UHFFFAOYSA-N,COC(=O)N1CCCCC1,2-4,10,anomeric,0,16.43413743842393,0.01832232070894379,0.1291078850777802,0.8997870117407515,1.1185795688767284,1.9802429487246782,4.991143138329033,0.2187925571359769,172.26074895977808,0.13086764015538305,0.009842611360810919,0.8505328057000523,0.01051669786135665,0.10454789324035492,0.0013985647036047213,0.023161427133820564
torsiontest2000,testcase-1497,MWHKYYUTZDOAQP-UHFFFAOYSA-N,CC(C)NC1CCC1,2-4,8,plain,0,4.725291414390085,0.28769858159902206,0.005340234783045033,0.029310562388804126,0.7793199128732969,0.11007511755033293,1.4522046524255376,0.7500093504844928,108.34951456310682,0.27552456761692595,0.32784609013353144,0.07040855672443942,0.596405118358984,0.00010222478314440827,0.0013082642164947077,0.003929745783405917
torsiontest2000,testcase-1498,JSIGUUUNVYUWQT-UHFFFAOYSA-N,CNC1CCC1,4-5,6,plain,0,5.150554558436852,0.15163063451705874,0.008011361226995693,0.015328642804919992,0.5773084594908161,0.1335348701782813,1.4821233879065043,0.5619798166858961,112.84327323162273,0.22489565099182912,0.2436438592233745,0.05387859281343934,0.6944661867361908,0.0009151277495467819,0.006125618778350252,0.0009706146990986595
torsiontest2000,testcase-1499,GDTFIRYHAYIXIP-UHFFFAOYSA-N,COC1CCC1,3-4,6,plain,1,4.208921079145512,0.3543449516995914,0.009953008501325269,0.019713914569934862,0.817150685725713,0.13832364414590148,1.3724850686561123,0.7974367711557782,3.4951456310679987,0.28169380795953053,0.43478775656093926,0.015066576429561782,0.5401926585081737,0.003820133592470031,0.005949393858908046,0.0001834810499471917
torsiontest2000,testcase-15,BYIYZRMQERRUBC-UHFFFAOYSA-O,CC(=O)NCC[N+](C)(C)C,4-5,10,plain,0,9.524456856655888,0.2840790173756321,0.04400274160151615,0.2637233597958801,1.3787582748590428,0.5943312613897104,2.552730506868676,1.1150349150631627,144.79889042995836,0.4728679730309274,0.4025945535860365,0.2451074808804349,0.3082952239320124,0.029213338553063826,0.013325904455395762,0.0014634985930565613
torsiontest2000,testcase-150,UQHLFZVUHJUWGD-UHFFFAOYSA-N,CNC(=O)NC1CCCC1,4-5,10,plain,0,5.0570217714994214,0.47981627831295715,0.029389525199771095,0.08344441708739596,1.2206719981976355,0.3127360229771121,1.7600810809130212,1.1372275811102395,12.9819694868238,0.37206119437212065,0.481617808261971,0.16437932938770014,0.3246133371505579,0.018909232881743468,0.007679534902101113,0.0028007574159265142
torsiontest2000,testcase-1500,JPCBGVISUDCKTF-UHFFFAOYSA-N,CCOC1CCC1,4-5,7,plain,0,5.470485338708386,0.0007665157615462141,0.0013543086381502844,0.014481547277783216,0.04207057757894336,0.05446432529336351,1.4267713413180236,0.027589030301160146,0.49930651872409726,0.013650522847406801,0.5470955691251025,0.0994954664963343,0.35205465574041295,0.00039214455672967905,0.0007951981647217764,0.000166965916698829
torsiontest2000,testcase-1502,JTSGEWHPQPAXOR-UHFFFAOYSA-N,CC(=O)NC1CCCC1,3-4,9,plain,0,4.590022132004378,0.5331729312532885,0.021206038349638173,0.07993155886675074,1.2237913171127086,0.25632403323563546,1.6743273490200175,1.143859758245958,18.97364771151183,0.3989271225523921,0.5800983076242808,0.14600164293326495,0.25269401109281603,0.014538734369678742,0.004940677595180386,0.0017266263847790441
torsiontest2000,testcase-1503,JBDSSBMEKXHSJF-UHFFFAOYSA-N,O=C(O)C1CCCC1,4-5,8,anomeric|conjugated,0,1.8182921807747334,0.5598321124001279,0.018189833545467146,0.04769052340753602,0.4286309003552337,0.09038799973862385,0.5713050884163008,0.38094037694769767,94.86823855755893,0.17794384445824793,0.5780612241708257,0.15730618837622926,0.24644275390747786,0.003674438617421031,0.012118082229920495,0.0023973126981256198
torsiontest2000,testcase-1505,MONKBMHEHLHYQX-UHFFFAOYSA-N,C[C@@H](Nc1ccccc1)C1CC1,2-10,12,stereocentre_adjacent,0,4.587360603560228,0.69259285699237,0.018094749349026672,0.16864678942222192,0.9433210634789743,0.2257147430815832,1.1279153858142552,0.7746742740567524,20.970873786407765,0.38914103253135746,0.09037674004525995,0.3273654847381977,0.5641630258675158,0.006635957932415416,0.0005019751254196564,0.0109568162911916
torsiontest2000,testcase-1506,AFBPFSWMIHJQDM-UHFFFAOYSA-N,CNc1ccccc1,5-6,8,plain,0,5.773350231349468,0.27768457798391505,0.14466877137588718,0.5035711213187564,1.236704752980095,0.9582693945471638,2.201860939664406,0.7331336316613386,1.9972260748959627,0.21325856876461344,7.330335521112745e-05,0.8551739493307308,8.397593817074634e-05,0.08879617432700984,5.0601669828970846e-05,0.05582199537904835
torsiontest2000,testcase-1507,SKDRKPMVRPDKSI-UHFFFAOYSA-O,CNC(=O)Cn1ncn(C)c1=O,5-6,12,gauche_effect,0,6.921779966680333,0.07981606491704218,0.11830129926864524,0.2599993380691243,0.5402568952344334,0.6324697322899252,1.696328872930019,0.28025755716530915,18.47434119278779,0.25640003987731275,0.05014870603164816,0.7985188352421603,0.033031159457546456,0.08835886356757372,0.014538207343026934,0.015404228358044593
torsiontest2000,testcase-1508,YJKPIKTXJCGEJS-UHFFFAOYSA-N,CC(=O)N[C@H]1CCN(C)C1,3-4,10,gauche_effect|stereocentre_adjacent,0,7.525513391417917,0.5582074543522881,0.00512069089227138,0.18927603369602117,2.0844553524873644,0.2745088809968496,2.7848528283459726,1.8951793187913433,10.485436893203882,0.5463090315332352,0.8289645931056041,0.0488305654402013,0.11708415056192308,0.00023549081766773472,0.0014131962596901021,0.0034720038149135424
torsiontest2000,testcase-1509,ONQBOTKLCMXPOF-UHFFFAOYSA-N,CCN1CCCC1,3-4,7,plain,0,5.896621161635267,0.23722114317633616,0.0066640553863566735,0.024437127801462632,0.9006557693769135,0.15286659516033455,1.8486724527616147,0.8762186415754508,113.34257975034677,0.2787451753894132,0.28324289443603745,0.030896416724605975,0.679196633453,0.0017495518575508188,0.0021020872709092593,0.0028124162578965954
torsiontest2000,testcase-1510,FLVFPAIGVBQGET-UHFFFAOYSA-N,CN1CC[C@H](O)C1,1-2,7,stereocentre_adjacent,0,3.380300046672346,0.5123944521120243,0.004075598439833014,0.005228388246040883,0.6823454785084933,0.061077561233429924,0.9532257864049364,0.6771170902624524,100.85991678224684,0.34662597273685086,0.5225999701515365,0.19648869954489687,0.2768357318637336,0.003306938002542395,0.0006266316654928305,0.00014202877179778987
torsiontest2000,testcase-1514,NPHZKJGHKJSQKZ-UHFFFAOYSA-N,CC(=O)N(C)[C@H](C)C1CC1,3-5,10,stereocentre_adjacent,0,9.039600237389095,0.7145681418069599,0.032202274502116296,0.15381102400125293,2.532575201343646,0.5582449333148827,2.994414264154703,2.378764177342393,62.41331484049931,0.6114858070349901,0.19371562337865939,0.7422041024001336,0.0318779997190908,0.02687969088107087,0.004473904754300111,0.0008486788667453202
torsiontest2000,testcase-1517,HUKJYNXDTWJWQN-UHFFFAOYSA-N,C[C@@H](C(N)=O)N1CCCCC1,5-6,11,stereocentre_adjacent,0,11.252324462053366,0.3122552773741377,0.06499898178874963,0.38670916350394346,1.8235902018629127,0.9003590306170087,3.212554726677667,1.4368810383589692,104.85436893203882,0.5450965895368443,0.4522692814036259,0.22163173462686186,0.2611000021807627,0.039211639276261756,0.02332566849838732,0.002461674014100565
torsiontest2000,testcase-1519,GCAZSWVHWDZMSJ-UHFFFAOYSA-N,CN1CCC[C@@H](NS(C)(=O)=O)C1,5-6,12,stereocentre_adjacent,0,8.515469433623366,0.5450105134251685,0.028988406345354985,0.1919093758577282,2.2365523910021725,0.5485695507785509,3.024460848371759,2.044643015144444,58.91816920943137,0.5855754714298762,0.8022492429990827,0.11647452319668045,0.052287827458881615,0.017358681660978946,0.003539082241756334,0.00809064244261971
torsiontest2000,testcase-152,UEAFHQXNDVCTNL-UHFFFAOYSA-N,C[C@@H](Cc1ccccc1)P(=O)(O)O,2-3,13,stereocentre_adjacent,0,5.517251334269531,0.4015574322262802,0.03899247597248282,0.04950078402744305,0.9450528977425564,0.29822420028935626,1.4901339554791309,0.8955521137151133,122.3300970873787,0.44915034510336005,0.20811805698416128,0.09461209481828808,0.658277372225068,0.022561574709316457,0.014158476051984647,0.002272425211181711
torsiontest2000,testcase-1520,NOXPGSDFQWSNSW-UHFFFAOYSA-N,CNS(N)(=O)=O,1-2,6,plain,0,6.987683767045382,0.19836787288164745,0.07201719508116808,0.25132075326693404,0.8519131626517136,0.551104355370045,1.844827384078414,0.6005924093847795,141.30374479889042,0.24430305470773508,0.11058586504948767,0.4179322097009584,0.3994647301683859,0.0594538872054096,0.007892231604096345,0.004671076271662135
torsiontest2000,testcase-1521,NOXPGSDFQWSNSW-UHFFFAOYSA-N,CNS(N)(=O)=O,2-3,6,plain,0,6.257206478097942,0.2552776819157151,0.10190856354942526,0.4585566213070223,1.1001410358757675,0.7807017071983912,2.0316797473798434,0.6415844145687453,11.983356449375862,0.2962056657682714,0.22124763141881823,0.6509469721153566,0.025896832916399923,0.04050031443509985,0.03691583744276893,0.024492411671556493
torsiontest2000,testcase-1524,GXBQFPDPMJZGCH-UHFFFAOYSA-N,CNC(=O)CC1COC1,2-4,9,plain,0,1.9635260055656545,0.01081216072153065,0.005573837686259289,0.022949162544093477,0.07848730364401253,0.058573696732078004,0.7221976791929152,0.05553814109991906,3.4951456310679703,0.03436897345522101,0.9289403991287078,0.03245376591139717,0.033031997273635524,0.004283362189024173,0.0012478816057818474,4.259389145326911e-05
torsiontest2000,testcase-1525,GXBQFPDPMJZGCH-UHFFFAOYSA-N,CNC(=O)CC1COC1,4-5,9,plain,0,4.505121691850945,0.41058015788820756,0.009641725355346522,0.1124900857888205,0.8174989129928273,0.1674836917843099,1.268677587891272,0.7050088272040068,109.34812760055479,0.2933957167953354,0.18762866120158175,0.013116233638132288,0.7896133798049395,9.680952654457866e-05,0.0033035242004752293,0.006241391628326714
torsiontest2000,testcase-1526,HHOQXOUQXSMWDD-UHFFFAOYSA-N,CN(C)[C@@H]1CCS(=O)(=O)C1,1-2,10,stereocentre_adjacent,0,8.03519172302913,0.3261306382785178,0.018024528094735936,0.05723032090005762,1.2122572206458764,0.2903692528973239,2.121155942487661,1.1550268997458188,121.33148404993062,0.21111327171510638,0.19799121724250643,0.13883603458801538,0.6451482200747423,0.005674615501268266,0.0032803293101983065,0.009069583283269367
torsiontest2000,testcase-1528,LZTCEQQSARXBHE-UHFFFAOYSA-N,CCOC1CC1,2-3,6,plain,0,5.132744841335807,0.012521458191191886,0.000742142792722464,0.008327115210778968,0.15167128385341935,0.03779788313986956,1.3534078671154115,0.14334416864264038,0.4993065187239836,0.05020452296695954,0.5353746858515696,0.09145667434607581,0.37242649700963215,0.00026239869828318356,0.00042848219631581695,5.126189812346348e-05
torsiontest2000,testcase-1529,ZUVAACFIEPYYOP-UHFFFAOYSA-N,COC1CC1,1-2,5,plain,0,4.0338215942902025,0.6522306808136532,0.006528515030366091,0.0220750728755731,1.153367731806552,0.11746340950255293,1.428037552858355,1.1312926589309789,27.461858529819693,0.44156211715814,0.44760866205054733,0.20004426087230445,0.34581856204678224,0.002520367661676054,0.003778324949784969,0.00022982241890506843
torsiontest2000,testcase-153,IABRWXCXQSTUSS-UHFFFAOYSA-N,CCNC(=O)NC,4-5,7,plain,0,5.976942214474548,0.01400194556456064,0.0019133969914586152,0.0318330035891877,0.21332496340617105,0.08422328476807439,1.7828986748697504,0.18149195981698335,2.4965325936199747,0.09898127313533471,0.5243133139069892,0.35204842668671715,0.12172486241483503,0.0011054692060230142,0.0004925696369884768,0.00031535814844712407
torsiontest2000,testcase-1530,XENQPSOQHDUOKN-UHFFFAOYSA-N,CC(=O)C(=O)NC1CC1,4-5,9,anomeric|conjugated,0,17.906481003505178,0.00673873233740715,0.046803073249640025,0.4231604559163518,0.5930338624403413,1.173885006702984,5.07895571546881,0.16987340652398947,2.9958391123439583,0.09930728378483858,0.10769442423561201,0.8454559747049761,4.652780977168736e-05,0.03883576278325301,0.00011171444523907534,0.007855596021147947
torsiontest2000,testcase-1531,VQKOLBPBJRMCMR-UHFFFAOYSA-N,CNC(=O)C(=O)c1ccccc1,2-4,12,conjugated,1,9.581497178587597,0.021122883211181328,0.04014989316376472,0.5619608023081315,0.6975009654962594,0.8001731020827871,2.8978314321047245,0.1355401631881279,54.4244105409154,0.06059880878286228,0.9460368079751107,0.0011615506280130959,0.012651748233111547,0.03363603022559034,0.004745862535615658,0.0017680004025587236
torsiontest2000,testcase-1537,OVHBQCXQQODTAD-UHFFFAOYSA-N,CN(C)C(=O)C(C)(F)F,2-4,9,plain,0,10.737300443346612,2.707995293634663e-05,0.0015468863764562864,0.07940589472359612,0.08081473100624087,0.13856180661756226,2.888217877054627,0.0014088362826447515,0.0,0.003427047977149511,0.7620646775348054,0.03760301702584531,0.19878541906289285,0.0001779369035394931,3.736469682431999e-06,0.0013652130032343614
torsiontest2000,testcase-1538,UYEUXCPOLLLWHX-UHFFFAOYSA-N,CNC[C@@H]1CC=NO1,4-5,8,stereocentre_adjacent,0,7.810060186020564,0.33081313290879855,0.0021320266505106293,0.04821147651810576,1.1860814946905949,0.10665761831059659,2.0610237123209654,1.137870018172489,1.4979195561719791,0.4991496655341373,0.1682465302667991,0.2352184921263313,0.594402950956359,0.00032873217685609973,0.000659543945537636,0.0011437505281168933
torsiontest2000,testcase-1547,BWMOKBYTERTNFO-UHFFFAOYSA-N,CC[C@@H](OC)C(=O)NC,2-3,9,stereocentre_adjacent,0,4.8873514559236355,0.0384922173653617,0.005087767200814145,0.00968775776062719,0.28550805509488764,0.10419116089546346,1.454424942335127,0.27582029733426044,128.3217753120665,0.0774112337188915,0.05067367116503585,0.08024453043084107,0.863994031203309,0.0039995870244676,0.0005794367593208984,0.0005087434170256468
torsiontest2000,testcase-1548,KZVMIFXJZQUPKL-UHFFFAOYSA-N,CNC(=O)[C@@H](C)OC,2-3,8,stereocentre_adjacent,1,9.1797844338289,0.1317347650077968,0.0031431398941409823,0.15486564329428343,0.9609017649730752,0.2131699577996962,2.6174324162141795,0.8060361216787918,98.36338418862692,0.3582497611039051,0.5527439262280649,0.24270657162576967,0.2014063622520245,0.00021212692463432956,0.00027391293869663444,0.0026571000308100185
torsiontest2000,testcase-1549,KZVMIFXJZQUPKL-UHFFFAOYSA-N,CNC(=O)[C@@H](C)OC,2-5,8,stereocentre_adjacent,0,6.504200990777463,0.18950502187876248,0.04245549764425714,0.21242735931769488,0.8536247735911111,0.4452676718964885,1.9110603560447808,0.6411974142734163,0.4993065187239836,0.24774501793131296,0.6350182955511575,0.28972609868490085,0.032800108119684576,0.016234834716600633,0.017508599146787884,0.00871206378086862
torsiontest2000,testcase-1550,YXIJASJOIXCBJB-UHFFFAOYSA-N,CC(=O)N[C@@]1(C)CCN(C)C1,5-7,11,stereocentre_adjacent,0,5.7304162184591405,0.10190364150139493,0.056668917996878815,0.2419473722918257,0.6144274072749943,0.4857219132466104,1.7857159987231457,0.3724800349831686,3.994452149791954,0.2058455701111937,0.0386630595476933,0.03422868058177034,0.8704393418736577,0.05065942048253246,0.0021715050627189925,0.0038379924516273563
torsiontest2000,testcase-1551,AYWXYOLCCJIOSU-UHFFFAOYSA-N,Fc1nccnc1N1CCCC1,4-5,12,anomeric|biaryl,0,10.017424695950467,0.03971880123938091,0.03258978056032396,0.3934951593128923,0.7758304466328675,0.7222660180864735,3.3779883721374837,0.3823352873199752,0.9986130374479671,0.17191175841335335,0.06317920664995712,0.829824800702916,0.07440621208680291,0.021138956580649362,0.003206556066075607,0.008244267913598986
torsiontest2000,testcase-1552,MHXMNTZLEWUYEJ-UHFFFAOYSA-N,CC(C)N1CCN(C)CC1=O,2-4,11,plain,0,8.008416774158832,0.6106699703200232,0.0380369028273292,0.09087646192567583,2.1066984189787816,0.5330907298221768,2.6948940498103218,2.015821957053106,57.42024965325935,0.5529857429866489,0.16328070302358816,0.7563958825243677,0.042286511624714924,0.02999790506844157,0.004899856089319969,0.003139141669567665
torsiontest2000,testcase-1553,BVURNMLGDQYNAF-UHFFFAOYSA-N,C[C@@H](c1ccccc1)N(C)C,2-4,11,stereocentre_adjacent,0,6.019255780847743,0.622690432886187,0.5895187369682032,0.542670267823795,1.484949911143704,1.450272612136823,1.8337833957265903,0.9422796433199089,7.489597780859924,0.41055710405880114,0.0005409295234398166,0.4092809248901902,0.000659408618166607,0.33284499818807534,0.0003675612029318501,0.2563061775771961
torsiontest2000,testcase-1556,OKQVEVGJFAGELI-UHFFFAOYSA-N,CC(C)[C@H]1CCCCO1,2-4,9,stereocentre_adjacent,0,6.782754229818238,0.18925621163749687,0.007873372769039594,0.012292713177928438,0.8258056020191386,0.16886452920176256,1.8980752483267938,0.8135128888412101,0.4993065187239836,0.16813875535303743,0.11812332347854579,0.06999645282666701,0.8040068509257478,0.0027926050913308982,0.0007771324336829001,0.004303635244025797
torsiontest2000,testcase-1557,YKYONYBAUNKHLG-UHFFFAOYSA-N,CCCOC(C)=O,4-5,7,plain,0,4.930287670955295,5.617845137662769e-07,0.0009093222641733584,0.0015506436666066175,0.0018972959233469196,0.044011894291454655,1.4586173114924652,0.000346652256740302,0.0,0.00032473017897435564,0.07762158561114596,0.06391041391365168,0.8575586782110288,0.0006419082181817249,0.00021912231108192615,4.8291734909707304e-05
torsiontest2000,testcase-1563,ZSAKQFQRQIMIIU-UHFFFAOYSA-N,CNC(=O)Cc1cccnc1,2-3,11,plain,0,2.1302850460633636,0.3761277228498276,0.0035088532014034947,0.016146306520662967,0.42508627811786576,0.04409057672070554,0.6928095041098498,0.4089399715972028,9.486823855755887,0.15920861166667108,0.933523494448943,0.013548648921047747,0.04941900342860573,0.002887464266961412,0.0005790292827589781,4.235965168310469e-05
torsiontest2000,testcase-1564,ZSAKQFQRQIMIIU-UHFFFAOYSA-N,CNC(=O)Cc1cccnc1,3-4,11,biaryl,0,2.7167637741658837,0.06235068966198669,0.04774828139764801,0.1085693645837588,0.2573737697079393,0.2312752517866163,0.9408175724572957,0.14880440512418047,1.4979195561719791,0.05782561548132526,0.04330848644832438,0.9065017728813158,0.002441459272711731,0.03288200450078447,0.000686763382877717,0.014179513513985817
torsiontest2000,testcase-1566,KQWRILJSSKKQJM-UHFFFAOYSA-N,C=CCN1CCC1,2-3,7,plain,0,4.006286449090112,0.3433025747835266,0.01691186437544638,0.012328135934612384,0.6233388915243128,0.13887219692292144,1.0637259627365883,0.6110107555897004,122.82940360610269,0.2471889414530661,0.050584459122173665,0.3050141577884607,0.6274895187139192,0.012954249322923966,0.002882982523591883,0.0010746325289305346
torsiontest2000,testcase-1567,KQWRILJSSKKQJM-UHFFFAOYSA-N,C=CCN1CCC1,3-4,7,plain,0,5.270720334199723,0.2427758468127011,0.009164129456198997,0.018641699662934403,0.7273378067210358,0.1424901849816256,1.47579268033525,0.7086961070581014,4.993065187239949,0.31457920824510943,0.18323945006490316,0.06359559570662102,0.7440008247722769,0.005884925018353873,0.002246423364721432,0.0010327810731236913
torsiontest2000,testcase-1568,MRJQHDATBXJYEX-UHFFFAOYSA-N,CC(=O)N(C)C1CN(C)C1,4-5,10,plain,0,7.40894824831048,0.5531410743060448,0.008079318087729697,0.08383654019957006,2.036600498147995,0.25982470412104275,2.7373063452624224,1.9527639579484248,49.93065187239944,0.5501510712499086,0.9449438024603558,0.0156923012694451,0.031284578182469436,0.0057713754062176615,0.0002190843498806338,0.002088858331631401
torsiontest2000,testcase-1569,MRJQHDATBXJYEX-UHFFFAOYSA-N,CC(=O)N(C)C1CN(C)C1,5-7,10,anomeric,0,13.637745406187605,4.6486136899774185e-07,0.028332745863004157,0.16972746763663119,0.16975795685950096,0.812198835271406,4.721750108043226,3.0489222869772847e-05,0.0,0.0006744746269699899,0.006439686143531135,0.938469592231495,0.026757975761969924,0.02417749733275234,0.0034566809863865442,0.000698567543865274
torsiontest2000,testcase-1574,BDJSOPWXYLFTNW-UHFFFAOYSA-N,COCCC(=O)OC,4-5,8,plain,0,11.113992313330527,1.4897002102294727e-07,0.07190984949166193,0.7867811856474823,0.7867816424345937,0.9828493772280381,2.3332502763779615,4.5678711135810346e-07,0.0,0.0001561013689890991,0.2554533173267527,0.22103102194321517,0.45160581123837024,0.026488377430625133,0.021551421381007015,0.02387005068002979
torsiontest2000,testcase-1575,XANBEQKZEYIHTQ-UHFFFAOYSA-N,CN(C)C(=O)[C@H]1CCC(=O)N1,5-6,11,anomeric|conjugated|stereocentre_adjacent,0,7.82895823859144,0.3702473300103685,0.024217843481075134,0.22955734272821268,1.127297117778902,0.36383030197300525,1.8282956935165393,0.8977397750506892,7.489597780859924,0.21508686840932736,0.25919230323708314,0.17961849610341626,0.5369713571784254,0.00012304791970942165,0.009787926448251908,0.014306869113113806
torsiontest2000,testcase-1576,VNEWJRXBYULGIA-UHFFFAOYSA-N,CC(=O)N1CCCCCC1,2-4,10,anomeric,0,21.686288098804653,0.011172947847920256,0.047529632470221767,0.810537207478093,1.0486874214940975,1.5939034987195588,6.347133722777042,0.23815021401600456,2.4965325936200315,0.1268759153919272,0.017593306954224543,0.9054727775862443,0.029404282989309367,0.035057088531254346,0.007546393850320943,0.004926150088646475
torsiontest2000,testcase-158,SUHLUMKZPUMAFP-UHFFFAOYSA-N,COC(=O)c1cccc(C)c1O,10-11,12,plain,0,13.910633943858556,0.00028953660248282406,0.0005347725335576004,0.11919327894560304,0.14330114311409453,0.16091972345227715,4.676584061984125,0.02410786416849149,0.4993065187239836,0.00878008476619139,0.7276995288754372,0.27145291602345983,0.0003127825675453874,0.00032002720536021583,0.0001334392947760863,8.130603342129829e-05
torsiontest2000,testcase-1580,ALRNMRIFTCZDDH-UHFFFAOYSA-N,CNc1ccc(C(F)(F)F)cn1,5-6,12,anomeric,0,0.19916054629720747,0.006132641768730757,0.04456603892535704,0.00982295077374546,0.011084254606016104,0.016974241463034907,0.0663059971879287,0.001261303832270643,0.4993065187239836,0.002186307464373144,0.0024399949608244187,0.002423226124231074,0.9505707399895875,0.004998511777013733,9.35442143213814e-05,0.039473982934021934
torsiontest2000,testcase-1584,CBBFWSMELCDMPZ-UHFFFAOYSA-N,CNCC(N)=O,1-2,6,anomeric|conjugated,0,15.124478900717804,7.811013217071836e-05,0.08218356654113583,0.4994846071619984,0.5012672265290379,1.458243982956862,4.805048758041402,0.0017826193670394952,0.0,0.006911227886265487,0.00010590322141706142,0.9175696425167021,0.00014088772074506549,0.07183954535643293,1.7957437367635003e-05,0.01032606374733526
torsiontest2000,testcase-1585,YYMHHPFPTALMCY-UHFFFAOYSA-N,CN[C@H](C(N)=O)c1ccccc1,2-4,12,stereocentre_adjacent,0,8.231163322459906,0.7876804186247437,0.02738606501998093,0.2156938856653023,2.170719764697297,0.4568744443714091,2.443279311964643,1.9550258790319948,32.45492371705964,0.5224815925464559,0.7836820642637761,0.09056255432905053,0.09836931638719242,0.019651350108974192,0.005323909417484657,0.002410805493522086
torsiontest2000,testcase-1586,LVXSYHKHTJGBHN-UHFFFAOYSA-N,CN[C@H](C(N)=O)c1ccc(F)cc1,4-6,13,stereocentre_adjacent,0,5.387557532638311,0.7833168876977143,0.3408874801728243,0.2780915659012711,1.4572839240395286,0.9838052249840195,1.6400428701529521,1.1791923581382575,163.77253814147014,0.4509367303812637,0.0014182010338477675,0.6570185013265898,0.0006758174667382299,0.2571124551952309,0.000805831126446318,0.08296919385114707
torsiontest2000,testcase-1587,SNFFHBJWQFQMBC-UHFFFAOYSA-N,CCNCC(N)=O,5-6,7,plain,0,4.972644500696333,0.02624320226860782,0.013781941133411408,0.013052516814774802,0.2146279666739865,0.1557965023688249,1.3224950466051049,0.20157544985921172,0.0,0.03834232354526366,0.363262955981941,0.05842984246930648,0.5645252604153412,0.00970220443084858,0.0038331395432448377,0.0002465971593179911
torsiontest2000,testcase-1588,GVWISOJSERXQBM-UHFFFAOYSA-N,CCCNC,2-3,5,plain,0,5.1756355119578075,0.0015554489971602466,0.0022959344442579493,0.00537316934493364,0.05735933991370823,0.06958896049211685,1.4479878905278614,0.05198617056877459,0.9986130374479671,0.019663618342532312,0.1319469094643105,0.06120153626675203,0.8045556198246794,0.0019253036481287362,3.379323886486977e-05,0.0003368375572643436
torsiontest2000,testcase-1589,IEDUYFDGPFWNLZ-UHFFFAOYSA-N,CC(=O)NCc1ccccc1C,7-8,12,plain,0,5.508839893038385,0.06181910517047917,0.010485382297384611,0.11273153439604684,0.4125257603100647,0.19853813832152292,1.599990503431018,0.2997942259140179,142.30235783633844,0.13297999613156497,0.32486500017734815,0.45884017603836535,0.2058094414869018,0.0031288781640301366,0.004532232385821175,0.0028242717475333
torsiontest2000,testcase-1590,UZJLYRRDVFWSGA-UHFFFAOYSA-N,CC(=O)NCc1ccccc1,5-6,11,plain,0,1.4760528149781749,0.7149110152199337,0.01515423157353877,0.012489947822747025,0.44407249664544074,0.06582405829119473,0.5251444503093972,0.4315825488226937,158.7794729542303,0.18205861883611552,0.00026996725169436313,0.9845328922634036,4.2908911362976056e-05,0.014052333814269412,0.0002596263096655851,0.0008422714496037719
torsiontest2000,testcase-1591,UZJLYRRDVFWSGA-UHFFFAOYSA-N,CC(=O)NCc1ccccc1,6-7,11,anomeric|amide|conjugated,0,7.8682560751913115,1.2926849813838793e-06,0.0036444956160581704,0.03274121801342616,0.03286280141320778,0.15349251490398788,2.484242660120548,0.00012158339978161903,166.76837725381415,0.0009111600628853207,0.6229733252514081,0.32824548453682967,0.045136694595704054,0.002392216203831916,0.0005406753829205355,0.0007116040293057189
torsiontest2000,testcase-1593,BUCJHJXFXUZJHL-UHFFFAOYSA-N,CCC1(O)CCCCC1,2-3,9,plain,0,4.998935027979314,0.00901596165989843,0.00512889534779308,0.01484111278529824,0.1544918305712917,0.11692959198553728,1.619587405022222,0.13965071778599347,118.83495145631065,0.04171036397758768,0.018170598096459087,0.0034396912556646374,0.9732608153000832,0.0009079467054666206,0.001212337769445145,0.0030086108728813146
torsiontest2000,testcase-1594,VTBOTOBFGSVRMA-UHFFFAOYSA-N,CC1(O)CCCCC1,2-3,8,plain,0,1.176425979443593,0.07031813692073627,0.000905733740484533,0.004061724407895837,0.10077093151059137,0.012127824661764116,0.379728958775798,0.09670920710269554,0.0,0.045600122330952716,0.08846624576096124,0.007140871812157522,0.9034871486863969,0.0006397293178917682,0.00012715485051358624,0.00013884957207917852
torsiontest2000,testcase-1595,WRAGCBBWIYQMRF-UHFFFAOYSA-N,CC(=O)NC1CCCCC1,3-4,10,plain,0,5.275443865044508,0.5771766815994508,0.0020311980258272432,0.008018806059481994,1.4842179398010513,0.08841119568776844,1.9536217110095722,1.4761991337415694,99.36199722607489,0.4711880713234826,0.5505942262316458,0.2332915238409507,0.21408305190157628,0.00027032555003599074,0.0008406803539578232,0.0009201921218334296
torsiontest2000,testcase-1596,UTWKXHLTRDUFAC-UHFFFAOYSA-N,CNC(=O)c1ccc(SC)cc1,2-4,12,conjugated,0,3.4355506497668102,0.00016928347406955095,0.10952487514881737,0.03594824799516962,0.03928367835659413,0.40452761788792674,1.218033351608194,0.0033354303614245087,0.0,0.006413120638168763,0.0034889842485554103,0.8865761966620259,0.0004099439406012877,0.10736041171260442,0.0002709444551615591,0.0018935189810513943
torsiontest2000,testcase-1597,UTWKXHLTRDUFAC-UHFFFAOYSA-N,CNC(=O)c1ccc(SC)cc1,7-8,12,plain,1,1.5763409658102319,0.006529873311889604,0.062340007375472635,0.01399514382269688,0.04444113621411884,0.13107712059565513,0.5221678301767118,0.030445992391421962,0.9986130374479671,0.015229777051843979,0.01411228077133373,0.9232337482182225,0.00031396363497110955,0.06156320823991009,0.00040995728831282394,0.0003668418472497166
torsiontest2000,testcase-1598,VMOWKUTXPNPTEN-UHFFFAOYSA-N,CC(C)N(C)C,2-4,6,plain,0,8.368469718232518,0.39437966417011877,0.019366286462950324,0.07863151639651228,1.4103384344272365,0.3217968209195965,2.2436593962200995,1.3317069180307242,114.34119278779474,0.27931290394758923,0.17131744043531524,0.17820611064817504,0.6311101624535592,0.006488284849711317,0.0008374016056099549,0.012040600007629052
torsiontest2000,testcase-16,YOMFVLRTMZWACQ-UHFFFAOYSA-N,CC[N+](C)(C)C,2-4,6,plain,0,5.0676769164565485,8.56960912464531e-09,0.011557801119992479,0.024633348927585196,0.02463392846236807,0.19777483124185066,1.825482958480465,5.795347828747854e-07,0.0,5.729713724089411e-05,3.8197483652477734e-05,0.0003911914471043018,0.9880128099492506,0.00045735900366347876,3.555251406576022e-05,0.01106488960226324
torsiontest2000,testcase-1600,PXBYPAZNGMRVIN-UHFFFAOYSA-N,CN1CC[C@@H](C2CCOCC2)C1,4-5,12,stereocentre_adjacent,0,7.634716719330754,0.14447642644022762,0.006104648072157862,0.08594420826196394,0.7602212696496308,0.177465918454385,1.9890895245381497,0.6742770613876669,114.34119278779474,0.2696396041457748,0.1452052581532525,0.014471088805681522,0.8342190049689081,0.0013545654528338133,0.004063597315606961,0.0006864853037170872
torsiontest2000,testcase-1602,JCKVNLOUPZLAIM-UHFFFAOYSA-N,CN(C)C(=O)CN(C)c1ccccc1,1-7,14,plain,0,3.2740719809080474,0.02496580490363608,0.03126436423908739,0.06236403039005338,0.1904649600427674,0.21082656074994766,1.1406877407657585,0.12810092965271402,173.75866851595003,0.07701099954011814,5.039968067615857e-05,0.9686133283801511,7.190770008537662e-05,0.028180513097110896,2.183517549917979e-05,0.0030620159664773144
torsiontest2000,testcase-1604,DWGMAIPVJRBOIB-UHFFFAOYSA-N,CN(C)CC(=O)N(C)C,3-5,9,anomeric,0,17.48348447837634,0.012166070585391818,0.0773665026034569,0.6482264826517798,0.8802870938986365,1.6358067928570008,5.438364454661725,0.23206061124685662,173.75866851595006,0.10909800803330766,0.01361610830544164,0.8903684813379132,0.018648907753188167,0.06404118048287864,0.0010721889757842418,0.012253133144794022
torsiontest2000,testcase-1607,IKECULIHBUCAKR-UHFFFAOYSA-N,CC(C)C(C)(C)O,2-4,7,plain,0,6.711324870237149,0.057617201932182345,0.023064779915413176,0.04390812557232137,0.5172399180731189,0.3290196038082371,2.1475152163451345,0.4733317925007975,0.49930651872395515,0.107481296363789,0.0036623827724849623,0.004486190956304509,0.9687866463557975,0.005924633111690302,0.0004070685413951546,0.016733078262327717
torsiontest2000,testcase-1608,DKGAVHZHDRPRBM-UHFFFAOYSA-N,CC(C)(C)O,2-3,5,plain,0,1.1164195924648084,4.648195158268861e-09,0.0005454232218820133,0.0014667275643706732,0.0014669756844249266,0.00935761113528292,0.39573089355993224,2.481200542534326e-07,0.0,1.2117230856117591e-05,3.5267716438330665e-05,0.00034367786931062855,0.999075631192369,0.0004450128641725936,1.912633604650958e-05,8.128402166291006e-05
torsiontest2000,testcase-1609,LRLRVSGQWDUPMH-UHFFFAOYSA-N,CNC(=O)[C@@H]1CCC=CO1,2-4,10,stereocentre_adjacent,0,8.462905796128325,0.07897424141088884,0.007504593137230129,0.021748323098831856,0.7122503943338621,0.22053275866468763,2.533396868933122,0.6905020712350302,10.485436893203882,0.1471654564136521,0.7501848792007675,0.23837037722879187,0.003940150433210367,0.007147906621078431,0.00022669829435894266,0.00012998822179275508
torsiontest2000,testcase-161,XLKDKHRGIJWOSN-UHFFFAOYSA-N,COC(=O)c1ccc(Br)c(OC)c1,6-7,13,plain,1,6.936189411208034,1.4477271206525725e-07,0.010320147113398894,0.041280242387387124,0.041287183183985034,0.20629237544942156,1.990030145964598,6.940796597909582e-06,0.0,0.00021292468767363914,0.9041424710058289,0.01182069417006041,0.07371668771071192,0.008148423916958216,0.0002894287865760937,0.0018822944098645844
torsiontest2000,testcase-1610,IHMXVSZXHFTOFN-UHFFFAOYSA-N,CC[C@H]1CCCO1,2-3,7,stereocentre_adjacent,0,4.794343875837512,0.0855675932348067,0.002953889205820325,0.06461696760431361,0.44323308522178034,0.10398600306901291,1.500429805679882,0.3786161176174667,116.33841886269067,0.13519863641387408,0.08156430816260388,0.02443642524777739,0.8910453773837982,0.00031333323375476067,0.0019063975946968105,0.0007341583773687542
torsiontest2000,testcase-1611,MKDUUUBNJFUNJR-UHFFFAOYSA-N,CNC(=O)[C@H]1CCCO1,4-5,9,anomeric|conjugated|stereocentre_adjacent,0,8.988541062164586,0.2598060358339362,0.0011363544610965978,0.03013363112311138,1.372903406955623,0.0956461254651141,2.69300970293821,1.3427697758325117,2.995839112344015,0.1252770092340051,0.8167501633183109,0.18100103220014857,0.0011124500204441213,0.0009955251747848317,1.0169286449766175e-05,0.00013065999986199985
torsiontest2000,testcase-1612,LBMOLPUVXZSPAA-UHFFFAOYSA-N,CC(=O)NC1CCC1,1-3,8,anomeric,0,16.461334061343223,0.016626347949132463,0.07966046348431605,0.5112329544535721,0.7769953793736344,1.3790176795940983,4.56649460141021,0.2657624249200623,0.4993065187239836,0.06766405046189479,0.011896296736777369,0.8971534867503747,0.01128975302853191,0.06666136764312439,0.0031338141494084643,0.009865281691783198
torsiontest2000,testcase-1613,LBMOLPUVXZSPAA-UHFFFAOYSA-N,CC(=O)NC1CCC1,3-4,8,plain,0,4.087986092461506,0.5073932311064991,0.06102824683222968,0.03605861918807875,1.0292457738128484,0.35855278887817316,1.4444931291329062,0.9931871546247697,44.93758668515949,0.347573857334772,0.5511508586783925,0.12972152985723584,0.25809936463214195,0.058177381601815036,0.0028016297109112764,4.923551950337262e-05
torsiontest2000,testcase-1614,QMKKJBRRKIKWFK-UHFFFAOYSA-N,CNC(=O)C(C)(C)C,2-5,8,plain,0,0.7243540354247671,1.167269063114232e-06,0.031988214414859356,0.004446882085178453,0.004456036907263096,0.047469482688796964,0.2642813770834965,9.154822084643348e-06,118.33564493758668,0.00012760102056565733,0.00043221272668613484,0.0005060958086803269,0.9670734770497742,0.0008949283891567652,0.0006254134164229309,0.03046787260927966
torsiontest2000,testcase-1615,CGZDWVZMOMDGBN-UHFFFAOYSA-N,CCc1nccs1,2-3,7,anomeric|biaryl,0,0.2886347511666827,0.0033046338699481755,0.04542181804829536,0.007829384474920409,0.009141731592807581,0.019168335856640604,0.08246768919352812,0.0013123471178871724,0.0,0.0019563487052477744,0.1244094189145548,0.7150416988640618,0.11512706417308811,0.003698234280410491,0.022832826939439988,0.01889075682844489
torsiontest2000,testcase-1616,NFPJTZMNUVTWMW-UHFFFAOYSA-N,C/N=C/c1cncs1,4-5,8,conjugated,0,6.755777198530268,1.525050113656948e-08,0.0017735852430879751,0.001344978123114464,0.001369635630246702,0.08823946458934952,2.09501238128907,2.4657507132237874e-05,0.4993065187239836,0.00014937143783450626,0.06792340157676205,0.9211920601456324,0.009110953034517708,0.0017673129248479873,4.390388948334522e-06,1.881929291653495e-06
torsiontest2000,testcase-1617,TXSYCGNBSUBNMQ-UHFFFAOYSA-N,C=NNc1ccccn1,2-3,9,anomeric|conjugated,0,7.984432951256167,4.613218702206709e-08,0.024929318675639665,0.24082384870640572,0.2408245995632209,0.5034161561359318,2.810234699698532,7.508568151681771e-07,10.984743411927866,0.00017253756300719127,0.6071842669813999,0.34181252003863705,0.026073894304323476,0.01704267377637995,0.007769343331104689,0.0001173015681550256
torsiontest2000,testcase-1618,OJJHLEYJDRXJAH-UHFFFAOYSA-N,C=NNc1ccc(OC)cn1,3-4,11,biaryl,0,8.886275623633992,6.296194309924566e-08,0.016151219210043245,0.254045927658558,0.2540469517577562,0.44499234250323455,2.8859762695458104,1.0240991982213288e-06,0.0,0.00041014996665718784,0.6869240880329849,0.2692524878981557,0.027672204858815958,0.008748260411830999,0.007025254554953283,0.0003777042432589634
torsiontest2000,testcase-162,PCMXDGWHDKNRJZ-UHFFFAOYSA-N,CNC(=O)[C@@H](C)N1CCCCC1,4-5,12,stereocentre_adjacent,0,10.988121895527001,0.7167263194400894,0.09924464540694987,0.6479996849447032,2.5196145354997475,1.1139226690170574,2.948155073029458,1.8716148505550443,109.34812760055479,0.6064026094768571,0.4475241015404126,0.21381954517757512,0.23941170787506233,0.08309690900189408,0.0025585655761863222,0.013589170828869474
torsiontest2000,testcase-1621,MGDNHIJGIWHQBL-UHFFFAOYSA-N,CCN(C)C(C)=O,2-3,7,plain,0,7.303008528106147,7.265277934201874e-05,0.004164850545066589,0.09533406778668801,0.09733625029472961,0.17664248736793303,2.3062437029744056,0.0020021825080416,176.25520110957007,0.008378635180367145,0.4480710664058943,0.5349386156443698,0.012825467404669345,0.001087822735853349,0.0023424468398739423,0.0007345809693392983
torsiontest2000,testcase-1622,JEOOZIIBAOUYSH-UHFFFAOYSA-N,CN[C@H](C)CN(C)C(C)=O,5-6,10,stereocentre_adjacent,0,7.731251834076829,0.13758213497571645,0.009374350337774442,0.11596292450703993,0.7112700054037369,0.21679876500536188,1.8954730968382179,0.5953070808966969,2.9958391123439583,0.253766239294883,0.15293133110597926,0.12039210596220289,0.7173022125940436,0.003974483526921053,0.00422338596978625,0.0011764808410671382
torsiontest2000,testcase-1623,XHFGWHUWQXTGAT-UHFFFAOYSA-N,CNC(C)C,2-4,5,plain,0,5.405118651047815,0.2835721328501783,0.0032624861284011545,0.020354404639663363,0.8730988067056621,0.09581114027586904,1.6392569595094908,0.8527444020659988,108.8488210818308,0.2918294867126688,0.30666389148093715,0.06834933633459517,0.6217242860560664,0.00016107145016780764,0.00043014977653982713,0.0026712649016935198
torsiontest2000,testcase-1624,BNPVXXRRBFHHGN-UHFFFAOYSA-N,CN1C(=O)N[C@@H](c2ccc(F)cc2)C1=O,3-4,15,stereocentre_adjacent,0,2.3452895618393086,0.8102851552651417,0.05963058215114589,0.0408222638535557,0.7192059907417007,0.19902228939096872,0.7987329357700141,0.678383726888145,160.7766990291262,0.2712861406672969,0.0005947701911403319,0.9397729148447461,1.732812967555234e-06,0.05071267321961655,0.0003742752446028053,0.008543633686926544
torsiontest2000,testcase-1625,PVGKKACSLZHMQT-UHFFFAOYSA-N,CCN1C(=O)CNC1=O,5-6,9,plain,0,4.269927258195821,0.0004905240845658929,0.01521653961428937,0.024070675585472587,0.041686002006578425,0.19108040972974907,1.5368742816567198,0.01761532642110584,176.75450762829405,0.01857155850739893,0.006397125956758291,0.9780379434365588,0.00034839099239348473,0.014362542559020879,0.0008116576047263681,4.233945054212502e-05
torsiontest2000,testcase-1626,ULXUYACFGDRGCP-UHFFFAOYSA-N,CCCN1C(=O)CNC1=O,6-7,10,plain,0,3.5236971767735668,0.00015960738703610963,0.00033903004315393733,0.017538443982320975,0.023111149993387464,0.02808515607557702,1.191465026170024,0.005572706011066488,121.33148404993062,0.003764717294891992,0.001541811465996973,0.0014528929929010141,0.9966662654979481,0.00013229679263454977,0.00019773844534730548,8.99480517208208e-06
torsiontest2000,testcase-1628,MHUVYSOPLIZBRC-UHFFFAOYSA-N,CNC(=O)NC1CCC1,1-2,9,anomeric|conjugated,0,14.174878904479556,0.2227498831870392,0.12088522867157303,0.975507807892358,2.113431528640027,1.6909095169338935,4.090419120588503,1.1379237207476691,54.92371705963944,0.09833285528383856,0.050072489903089656,0.77830285853061,0.05073942289472727,0.07378272261774196,0.02275150456563698,0.024351001488194083
torsiontest2000,testcase-1629,MHUVYSOPLIZBRC-UHFFFAOYSA-N,CNC(=O)NC1CCC1,4-5,9,plain,0,4.631982426799368,0.5155670694152213,0.04842101647594692,0.07206485658726607,1.0791208612024057,0.3377470648064494,1.5012653166522796,1.0070560046151396,151.7891816920943,0.3678468436124315,0.4920187369891691,0.15516377114194238,0.30439647539294146,0.04728114835280355,0.0009936135918037694,0.00014625453133959395
torsiontest2000,testcase-163,PCMXDGWHDKNRJZ-UHFFFAOYSA-N,CNC(=O)[C@@H](C)N1CCCCC1,5-7,12,stereocentre_adjacent,0,8.153442149166949,0.2187747553214011,0.0932531361763619,0.637915626137052,1.3794953084430543,1.0220760531132054,2.691719123025317,0.7415796823060024,55.42302357836337,0.3437031186191788,0.8414816655651338,0.05838429199736255,0.006880906261141768,0.029393406677130297,0.037253860697644185,0.026605868801587405
torsiontest2000,testcase-1630,GRDSPXXZEBFXHZ-UHFFFAOYSA-N,CC1(c2ccccc2)CCC1,3-5,11,plain,0,2.694387660420034,0.6830005599449117,0.3665575683447738,0.03674421145157766,0.7547235145375285,0.5534679083340901,0.9128811021976526,0.7179793030859508,94.36893203883494,0.3142618250056556,5.762717724732321e-05,0.6330195347724574,0.0003652697055212738,0.3327143731287914,0.0003443416003619969,0.03349885361562048
torsiontest2000,testcase-1631,AOZLXUSJCLULOD-UHFFFAOYSA-N,CN1CCC[C@@H](OC(=O)N(C)C)C1,6-7,13,stereocentre_adjacent,0,6.996325619227719,0.5457480565355709,0.0033848802990561594,0.03612049698139389,1.8204303856153963,0.14781983133274718,2.4639908323080513,1.7843098886340023,23.467406380027796,0.5211094991869657,0.5669111396369068,0.21008710244907977,0.21961687761495735,0.0028367182616664674,0.00044126709334295843,0.00010689494404673343
torsiontest2000,testcase-1632,YBIYFJLLJFMDFQ-UHFFFAOYSA-N,c1cc(N2CCCCC2)ncn1,5-6,12,biaryl,0,15.132219382270705,0.12481761610154785,0.16536397333564007,1.1189322020965182,1.984874626327006,2.193811177940494,4.773378101731917,0.8659424242304878,8.48821081830792,0.20418068524039373,0.007896999427473964,0.8034445257903009,0.023294501446585097,0.12196621632986364,0.02171909064882875,0.021678666356947672
torsiontest2000,testcase-1633,LJXQPZWIHJMPQQ-UHFFFAOYSA-N,Nc1ncccn1,4-5,7,conjugated,0,13.61676041368628,0.1736671419000056,0.17161728616708133,1.0775321743941975,2.235858224597344,2.225705400591157,4.822940239062541,1.1583260502031467,49.93065187239944,0.09580217310162646,0.00027696151899770044,0.8278972750633035,0.0002084772506174242,0.12527329183962793,4.546116176755879e-06,0.04633944821127665
torsiontest2000,testcase-1634,SKPBVBDYKFUVCG-UHFFFAOYSA-N,C[C@@H](c1ccccc1)N1CCOCC1,2-9,14,stereocentre_adjacent,0,8.766727206064388,0.33543606012542465,0.03584522612444734,0.06962747853576011,1.2815727019991603,0.42407812171291276,2.210609496237655,1.2119452234634003,0.9986130374479671,0.2764494091802169,0.22452289417639604,0.09459141875288585,0.6450404609462705,0.03017257203224903,0.0003882799125384578,0.005284374179659851
torsiontest2000,testcase-1635,OGVGQYZRJXSMGC-UHFFFAOYSA-N,c1ccc(Nc2nccs2)cc1,5-6,12,anomeric|conjugated,0,1.5670041744597256,0.036822024267542566,0.5323356580115757,0.12169833002369476,0.14888289752135628,0.34806668008331365,0.4632186147838281,0.027184567497661516,1.4979195561719791,0.03118885465433198,5.884991460311302e-06,0.46695014899645393,0.0007083080005102091,0.47547070281727793,3.4292753887171267e-05,0.05683066244041059
torsiontest2000,testcase-1636,WHPNQTWJYVXUTG-UHFFFAOYSA-N,CC(=O)N(C)[C@H]1CCc2ccccc21,2-5,14,stereocentre_adjacent,0,13.691078111238312,0.682624017007953,0.022280256798227257,0.3496048000102623,3.4014638528008816,0.7041791237669396,4.110038678042724,3.0518590527906193,58.41886269070736,0.7119233515647211,0.2913714677762312,0.6298479774187754,0.056500298006766106,0.01683239926536131,0.0027717443683723153,0.002676113164493631
torsiontest2000,testcase-1637,AAITUINAJUSLGN-UHFFFAOYSA-N,CN(C)C(=O)[C@]12CCC[C@H]1NCC2,3-5,13,stereocentre_adjacent,0,8.354578837344889,0.06919672769525952,0.06410061583504567,0.41891767489852666,0.7016987577622501,0.6848671190271721,2.180603800139216,0.28278108286372344,2.4965325936199747,0.1311734358657497,0.2332353322586375,0.1000156619742251,0.6026483899320917,0.0037282708953015877,0.03087603888492194,0.029496306054822143
torsiontest2000,testcase-1638,UACHTLSFWMFLBL-UHFFFAOYSA-N,CN(C)C[C@H]1CCOC1,3-4,9,stereocentre_adjacent,0,6.174313128081849,0.281401609362312,0.1654893737992727,0.32949446621063216,0.8564000844203423,0.6899546101533676,1.5261303698751503,0.5269056182097102,18.973647711511774,0.31090165495791966,0.22186158222911645,0.05024960336794207,0.5623994406036686,0.03205444233737257,0.06268746725694646,0.07074746420495366
torsiontest2000,testcase-1639,TXIOGJHPPVXTOY-UHFFFAOYSA-N,CCN1CCN(C)CC1,3-4,9,plain,0,5.9592875831294805,0.27881771068366074,0.005584450636801304,0.021568425121510307,1.0119806764546184,0.14480220682900105,1.9161995424522562,0.9904122513331081,111.84466019417476,0.272674065143117,0.24857329531423655,0.10580202459286352,0.6400402294560986,0.0010905906479478152,0.0005864484782149359,0.003907411510638553
torsiontest2000,testcase-1640,SJGKIXYZIBZILH-UHFFFAOYSA-N,CN[C@H]1CCN(C)C1=O,3-4,9,stereocentre_adjacent,0,8.17920640174998,0.534596786999082,0.0012974865684389362,0.00955298599790211,1.8926504894068379,0.09372823596911796,2.5885389625198245,1.8830975034089357,17.975034674063807,0.5086756627258531,0.6115166980945453,0.1342834399125084,0.25290237542450716,0.0005116240012231645,5.135136856844088e-05,0.0007345111986473308
torsiontest2000,testcase-1641,DNBWGFKLIBQQSL-UHFFFAOYSA-N,CNCc1ccncc1,2-3,9,plain,0,5.8911197239067405,0.10877271832101965,0.0048233246707210225,0.027454475860286133,0.54137988838191,0.11711948434633858,1.6396222749568807,0.5139254125216238,105.85298196948679,0.19470534903674513,0.23592084884039916,0.15331889126952414,0.6059369352193557,0.00435769317179226,3.6083755718342796e-05,0.00042954774321041987
torsiontest2000,testcase-1642,RTLOIBDOXNOTAQ-UHFFFAOYSA-N,CNCc1ccncc1F,2-3,10,biaryl,0,5.615132292907219,0.19462123840815668,0.03388913606680452,0.5322879428113222,0.914733560998369,0.6161937476234223,1.7682871818855104,0.3824456181870468,20.471567267683753,0.2962484182629986,0.6904407643377206,0.208653229231749,0.06701687036372567,0.003896112764703843,0.008700804984205258,0.021292218317895423
torsiontest2000,testcase-1643,WPRKVIPHGOHZAL-UHFFFAOYSA-N,CNC(=O)C(N)=O,1-2,7,anomeric|conjugated,0,14.960776398918824,3.1711276429678822e-06,0.05494268456530108,0.2524789024887734,0.25263850265734317,1.208512946968479,5.048351200647186,0.00015960016856975123,0.0,0.0005029511970177758,0.005125856026538108,0.9294306908599594,0.010500768548201433,0.048434463544545676,0.0021931617685973467,0.004315059252158058
torsiontest2000,testcase-1644,UVDWWRWYRBTJBX-UHFFFAOYSA-N,NC(=O)C(=O)NC1CCC1,4-6,10,anomeric,0,20.93626164906891,0.004984213379384109,0.08119803374873447,0.7870808101554193,0.8806636516298346,1.778225362645166,5.650921097928325,0.09358284147441531,2.4965325936199747,0.07561921653777813,0.15556560392840574,0.7617168972609845,0.0015194650618753516,0.06293064757206247,0.0010313854672672816,0.0172360007094047
torsiontest2000,testcase-1645,IOLREVKITJLZPU-UHFFFAOYSA-N,CNC(=O)C1CCC1,1-2,8,anomeric|conjugated,0,13.589871791715268,9.944088660436482e-07,0.04974320085553894,0.22537289898811905,0.225414141513347,0.9903527576546957,4.32977003633334,4.124252522794136e-05,0.0,0.0032535939465647306,0.007130892296574846,0.918930395670311,0.024195511177575,0.046618283902588466,0.00182282840955562,0.0013020885433948507
torsiontest2000,testcase-1646,IOLREVKITJLZPU-UHFFFAOYSA-N,CNC(=O)C1CCC1,2-4,8,plain,0,2.0181525876396336,0.6148667281080307,0.008190572138515779,0.012202858097841555,0.5170039809285505,0.06088926157205944,0.6592601785874223,0.5048011228307089,11.983356449375862,0.20030325990410064,0.9627902315836736,0.01164688043222807,0.017372315845582485,0.007318519145050001,0.0006667285603143086,0.00020532443315146752
torsiontest2000,testcase-1648,OAIMPIBWVYTJBB-UHFFFAOYSA-N,CN1CCC(NS(C)(=O)=O)CC1,5-6,12,plain,0,4.908402197761461,0.7123404838011527,0.025026353079418934,0.165568261913581,1.4005637512555105,0.30881251308968716,1.6560912716504006,1.2349954893419295,133.8141470180305,0.4557632076700326,0.612003127554001,0.16738511655900326,0.1955854028075768,0.012513762320409166,0.008094120459277779,0.0044184702997319926
torsiontest2000,testcase-1649,UHNHTTIUNATJKL-UHFFFAOYSA-N,CNS(C)(=O)=O,2-3,6,plain,0,7.963425551191904,0.18184136048196886,0.0681827265864928,0.41482622799317725,1.1551552039397144,0.7796764010722685,2.562017558883438,0.7403289759465371,1.4979195561719791,0.2023764380406445,0.19984121571354455,0.7140587057798478,0.017917351920115024,0.04351513500589513,0.01684555844474875,0.00782203313584893
torsiontest2000,testcase-1651,ZPVFXWAIPNKSLJ-UHFFFAOYSA-N,CCOC(F)(F)F,2-3,7,anomeric,1,4.656052056758199,3.552309821773676e-09,0.008032393562143515,0.05064213184265084,0.050642195458203094,0.13089692461906996,1.3477346433230815,6.361555225653515e-08,0.0,3.0360822101551972e-05,0.7852304617687154,0.12222689941208618,0.0845102452570549,0.0032630096748028966,0.004761921694514393,7.46219282622554e-06
torsiontest2000,testcase-1652,JRHMNRMPVRXNOS-UHFFFAOYSA-N,COC(F)(F)F,2-3,6,anomeric,0,2.646063636871986,2.547532291735143e-08,0.0007219434406270246,0.005280388580331843,0.005282521021491698,0.025811090730525774,0.9403237437768733,2.13244115985535e-06,0.0,6.945868250657094e-05,6.755731954066088e-05,0.00019907069602629105,0.9990114285438061,0.00019886244765710456,0.00013227819017447046,0.0003908028027954496
torsiontest2000,testcase-1653,WMBCUXKYKVTJRF-UHFFFAOYSA-N,CNCC1CCOCC1,3-4,9,plain,0,5.164448496856494,0.13803784948717485,0.0012159576077044353,0.007300336861491881,0.5976442460660636,0.0565611350224281,1.6084799288055407,0.5903439092045717,5.492371705963933,0.16314209968357482,0.13952128407858905,0.03259348525713108,0.8266692730565753,0.0005905823298687241,0.00017910711525566164,0.0004462681625800495
torsiontest2000,testcase-1654,HPXRVTGHNJAIIH-UHFFFAOYSA-N,OC1CCCCC1,5-6,7,plain,0,1.190077867853688,0.060944420010699156,0.0006957812995610015,0.0003983680691590106,0.08921994981853444,0.009541257481984082,0.3614027129648084,0.08882158174937543,2.9958391123439583,0.035023051452703687,0.014020006751181481,0.05629845909199644,0.9289857528572611,0.0005278642039142015,0.00011591757209795811,5.1999523548841936e-05
torsiontest2000,testcase-1655,BDSFWCKDQOCPGE-UHFFFAOYSA-N,CC(=O)N[C@@H](C)C1CC1,3-4,9,stereocentre_adjacent,0,5.872289624909172,0.4681905572259269,0.002235350103336686,0.011016576310361554,1.3300827252393268,0.09256009103685409,1.9438356469685267,1.3190661489289652,85.38141470180301,0.4507298537450205,0.513661854287212,0.3115021841487049,0.17260061146074632,0.00047818505053845634,0.0016342483285549942,0.0001229167242432358
torsiontest2000,testcase-1656,LDAXOBBKDCKYBE-UHFFFAOYSA-N,CC(=O)N[C@H](C1CC1)C(F)(F)F,4-8,12,stereocentre_adjacent,0,5.333981160947587,0.011962021297903072,0.0038006783453580985,0.10785310295525123,0.21060573115699846,0.14842222589221837,1.6574577964200679,0.10275262820174723,122.33009708737865,0.04906845453469536,0.001143352921084763,0.000992451975522121,0.994063516758035,0.0008785102406655572,0.0009569689501917748,0.0019651991545007667
torsiontest2000,testcase-1657,FQUGWXTXUSCQSO-UHFFFAOYSA-N,CNC(=O)[C@@](C)(O)C1CCC1,2-3,11,anomeric|stereocentre_adjacent,0,8.949602430278901,0.22525629562639063,0.4894299473509108,1.1730523843198006,1.4579140387832854,1.7333375714009427,2.168686912413019,0.28486165446348477,170.76282940360608,0.2565062038636669,0.020812728288182387,0.28448578378179673,0.2052715405791099,0.06113489745683224,0.2202074566653717,0.2080875932287069
torsiontest2000,testcase-1658,FQUGWXTXUSCQSO-UHFFFAOYSA-N,CNC(=O)[C@@](C)(O)C1CCC1,2-4,11,stereocentre_adjacent,0,5.18192298442591,0.02660638768795878,0.011753669387724703,0.05874857320142016,0.2741048146289686,0.1873974182087433,1.6424429253436919,0.21535624142754842,3.495145631067942,0.04353500927985353,0.06874275355078134,0.9099174859188898,0.009586091142604261,0.011305781370223722,0.0003099464318173686,0.00013794158568361157
torsiontest2000,testcase-166,LFVBTAFBWUVUHV-UHFFFAOYSA-N,CC(=O)N[C@H](C)CO,2-3,8,stereocentre_adjacent,0,6.87457590692793,0.450136421412836,0.018833419235319462,0.17833081030747072,1.411871808119453,0.33745080609011496,2.0951240190455414,1.2335409978119822,13.980582524271824,0.3977531003098829,0.3710476748222837,0.1454569748155685,0.46466193112682824,0.007710744368268695,0.011028175948042378,9.44989190083909e-05
torsiontest2000,testcase-1661,NOBVTKCADZWKHR-UHFFFAOYSA-N,C=C(C)CNC,2-4,6,plain,0,6.082196831674082,0.4498800930951373,0.04391477251606115,0.4778957925657334,1.1659422261940418,0.5820565178838435,1.6560406518272597,0.6880464336283083,1.9972260748959911,0.33939648360424746,0.008018729991806979,0.3763581858355622,0.5717083116565697,0.006673347291343662,0.027129777600849902,0.010111647623867586
torsiontest2000,testcase-1662,LRYZZKANUDTPIU-UHFFFAOYSA-N,C=CCN/C(N)=N/C,3-4,8,anomeric|conjugated,0,8.686600135843037,0.0931514052980229,0.0008285356618030721,0.05480690505538397,0.7548476532170879,0.0896945416068571,2.4673116419535743,0.7000407481617039,4.993065187239949,0.30840131611759086,0.5271860094482428,0.35160540341473,0.12038005147522422,0.00039993415813042554,0.0003423327530134798,8.626875065916695e-05
torsiontest2000,testcase-1663,FCUWHENJGJHLLJ-UHFFFAOYSA-N,C=NCCc1ccccc1,3-4,10,plain,0,6.358133337838808,0.06679343486410218,0.001217577372832369,0.01504383416832927,0.4401738958186845,0.061270824857733254,1.7022387466956688,0.4251300616503552,112.34396671289875,0.2359964684006503,0.18838209406104744,0.14383989588709076,0.6665604326790293,0.0008700533726322466,9.024336788145561e-05,0.00025728063231866675
torsiontest2000,testcase-1664,CAGXPPQTXUCBOY-UHFFFAOYSA-N,CNCC(=O)N(C)C,1-3,8,anomeric,0,13.60298382662586,0.003692425994630708,0.03785131106736329,0.31083231852391113,0.4127131379971477,0.9231898076060883,4.478904294681045,0.10188081947323657,0.49930651872409726,0.05883069256978968,0.014784729532250782,0.9116922357335837,0.035671723666802366,0.02850047778668102,0.007942895608964126,0.0014079376717181455
torsiontest2000,testcase-1666,PJANNYASDIVGBF-UHFFFAOYSA-N,CN(C)C(=O)CNC1CCC1,5-6,11,plain,0,10.351526752929203,0.615327493110222,0.014921974281814424,0.9222953489506315,2.1561936934724413,0.9709505818537626,2.650251487275921,1.2338983445218097,98.86269070735091,0.541528458051182,0.7728692615382402,0.08142410151251565,0.13078466266742972,0.005186207682381675,0.001334578575423117,0.008401188024009633
torsiontest2000,testcase-1667,PJANNYASDIVGBF-UHFFFAOYSA-N,CN(C)C(=O)CNC1CCC1,6-7,11,plain,0,3.7234613922191784,0.19626620385633195,0.06707813465291505,0.05508367876258178,0.5341325175438357,0.3154422181650515,1.200500194546919,0.4790488387812539,114.34119278779474,0.16328520418437556,0.3086915753315964,0.05255099645700342,0.571679293558485,0.04667124201542479,0.01843562693117871,0.0019712657063115525
torsiontest2000,testcase-1668,COPVGBIHILMFJH-UHFFFAOYSA-N,CNC(=O)[C@@H]1CCNC1=O,2-4,10,stereocentre_adjacent,0,10.686338616127614,0.6638583812510311,0.0009192793765966771,0.03138455944414079,2.8248128040604286,0.10969663115598868,3.466913743979674,2.7934282446162877,36.94868238557558,0.6002568415854143,0.9849053862346068,0.0013337987861283657,0.01284153560266816,0.0003083571986121096,0.0001116995441439597,0.0004992226338406078
torsiontest2000,testcase-1669,BDVHVHJDMDYWPR-UHFFFAOYSA-N,CNC(=O)[C@H](C)C(C)C,2-4,9,stereocentre_adjacent,0,6.821983664383879,0.020614679117876594,0.01683414259806514,0.04346679021299892,0.26552700880284485,0.24066803782996057,1.8249246361359857,0.22206021858984593,1.4979195561720644,0.06760500119461543,0.15588547954624452,0.030433648028580486,0.7968467298271099,0.0039206034633952214,0.004959230626841268,0.007954308507828647
torsiontest2000,testcase-1670,IXHFNEAFAWRVCF-UHFFFAOYSA-N,CNC(=O)C(C)C,2-4,7,plain,0,1.4309915775666013,0.5830139217270564,0.04855539530460806,0.004370983864448492,0.3378540478765291,0.09759063577737986,0.44246037498551427,0.3334830640120806,2.4965325936199747,0.15307197804154044,0.43340158059072587,0.29027982947795195,0.22776319462671396,0.045985814340443694,0.0013877514189571379,0.0011818295452072334
torsiontest2000,testcase-1673,NIRPSVKKWDMVBQ-UHFFFAOYSA-N,C[C@H](C(=O)N(C)C)c1cnccn1,2-6,13,gauche_effect|conjugated|stereocentre_adjacent,0,4.381348375056405,0.9506499097396572,0.020098403417237825,0.037946586795803317,1.2532048871690185,0.18604584045511932,1.2852925650252975,1.2152583003732151,50.92926490984746,0.44790616846398523,0.5130901994234177,0.4506782109808805,0.01613318617846416,0.01492608164306538,0.0006690261928831135,0.004503295581289329
torsiontest2000,testcase-1674,ITAJICNQXAXEEY-UHFFFAOYSA-N,CC(=O)N1CC[C@H]2CCCC[C@@H]21,2-4,12,anomeric,0,18.944883450574707,0.08876152409370845,0.06050909138827845,0.8971546825305567,1.9133961747152257,1.658906381154302,5.743100184817302,1.016241492184669,9.486823855755887,0.2265430614104841,0.019051782128190576,0.9127119466104775,0.0077271798730533785,0.04157851009483575,0.0016491177726639535,0.01728146352077874
torsiontest2000,testcase-1675,HROJCBHEZGPGPE-UHFFFAOYSA-N,CC(=O)N(C)CC1CC1,1-2,9,plain,0,6.941244087385712,0.04515255171863499,0.00715191400512417,0.10841763100364947,0.493617544963852,0.22019707605849173,2.2688685358372602,0.38519991396020253,4.993065187239949,0.09925967562424869,0.4639429231503488,0.5174430107804876,0.011462152064039402,0.0009711479378815475,0.005728974328060228,0.00045179173918239514
torsiontest2000,testcase-1676,HNRMPXKDFBEGFZ-UHFFFAOYSA-N,CCC(C)(C)C,2-3,6,plain,0,4.801082000107272,7.504477419306223e-10,0.008498364177055628,0.01782683016969161,0.01782689251737894,0.15965932599131766,1.7211775005012269,6.234768732890639e-08,0.0,1.9649546954669498e-05,1.871121157932296e-05,0.0002669431350678573,0.9912159814762971,0.0003388835921484374,2.9674572698050683e-05,0.008129806012209142
torsiontest2000,testcase-1677,GKZOJSZSGYEWSA-UHFFFAOYSA-N,C=C(C)CN(C)C,2-4,7,plain,0,7.352851132192882,0.44070889473106967,0.12406395636198145,0.5763767670159305,1.4233117783160059,0.899431708763646,2.04331353609178,0.8469350113000753,119.33425797503469,0.2862709620704772,0.010742074604095314,0.32516768149149866,0.5400262875424245,0.020406291058470905,0.08010869820751719,0.023548967095993353
torsiontest2000,testcase-1678,YZBVIYJNUQVTTQ-UHFFFAOYSA-N,C=CCN1CCCC1,3-4,8,plain,0,6.093640909792157,0.16799910005273563,0.004841147314914678,0.030684172739672975,0.7068164286518763,0.12373680102567351,1.7231076610867495,0.6761322559122034,133.8141470180305,0.29236004691292533,0.16838899115738296,0.1059824564108595,0.7207874051168428,0.0018451298740794178,0.0011900944761796888,0.0018059229646555717
torsiontest2000,testcase-1679,BJRIOOHBMKGZDX-UHFFFAOYSA-N,O=C(C1CC1)N1CCCC1,3-4,10,anomeric|conjugated,0,17.0311014605104,0.0031160373678961713,0.029537170215563836,0.6323842127984736,0.6962713813988528,1.097512519557787,5.257466379157894,0.06388716860037924,0.4993065187239836,0.09259113174066476,0.028185472165560537,0.89748244218708,0.044794915431795604,0.021885886407991214,0.006034947202030141,0.0016163366055424817
torsiontest2000,testcase-1683,PVVRRUUMHFWFQV-UHFFFAOYSA-N,CNCC#N,3-4,5,plain,0,5.440768131200457,0.2028218257150785,0.0007738646053889329,0.004702559001988529,0.6321390547851435,0.03932808719040235,1.403608704564943,0.627436495783155,4.993065187239949,0.30219751225061753,0.10695750921927573,0.17765322305392275,0.7146154031214125,0.000535424728646151,0.0002189299302231649,1.950994651961697e-05
torsiontest2000,testcase-1684,DXXQJVHTEFQHMF-UHFFFAOYSA-N,CNC(=O)[C@@H]1CC=CCC1,2-4,10,stereocentre_adjacent,0,3.5960385460057296,0.7000160983995933,0.031075699455145902,0.020640352890761486,0.7581996755589021,0.16101898270561066,0.9061109044223146,0.7375593226681406,170.76282940360613,0.3233651684180076,0.2580056315248429,0.5706230876711074,0.14029558134890383,0.026754799447292612,0.0015531167828244396,0.0027677832250288473
torsiontest2000,testcase-1685,BDDCBPFVFOJBRV-UHFFFAOYSA-N,CC(=O)N[C@@H](C)C1CN(C)C1,2-3,11,anomeric|amide|conjugated|stereocentre_adjacent,0,16.14098235522397,0.08335381247371491,0.0030620411671702743,0.2000116211087727,1.5093889129936915,0.3496111042478192,5.1857868089307,1.3093772918849187,17.475728155339795,0.46257784669250634,0.7940971525092438,0.13225584605809487,0.07058496026549095,6.713860544046936e-05,0.0020721417910088717,0.0009227607707209337
torsiontest2000,testcase-1688,TZJDIRILBUFGGS-UHFFFAOYSA-N,O=C(C1CC1)N1CCC1,3-4,9,anomeric|conjugated,0,17.44089709056425,0.08659633809124158,0.16471102564085632,1.036835906288219,1.8232893018609049,2.313749865789956,5.200981274280911,0.7864533955726858,141.8030513176144,0.2064931242140338,0.039862644924235725,0.7492402772442368,0.04618605219067119,0.13083318426930313,0.011520793635521897,0.022357047736031296
torsiontest2000,testcase-1689,TZJDIRILBUFGGS-UHFFFAOYSA-N,O=C(C1CC1)N1CCC1,4-6,9,plain,0,5.587490574805997,0.38065839295832593,0.005400524115636243,0.09093399672166885,1.11683096951912,0.16077207716152292,1.8064505353565883,1.0258969727974512,38.94590846047157,0.43963766065705856,0.8813228499766592,0.11152197511933945,0.0017546507883649735,0.0010896084059973232,0.0040103423507146995,0.00030057335892422096
torsiontest2000,testcase-169,GBIJDAFZEDNJCA-UHFFFAOYSA-N,C=CB(OC(C)=O)OC(C)=O,3-4,11,conjugated,0,5.62668907729676,0.26006880061033155,0.0976120067350558,0.3664287339489981,0.948301300282297,0.6491526069795147,1.753798447572026,0.5818725663332989,17.475728155339795,0.44023057963797085,0.6999810881578951,0.11605956366739502,0.08634734143965424,0.04389226666876943,0.03719545578233123,0.01652428428395513
torsiontest2000,testcase-1690,CYYGEQOKJGVLFO-UHFFFAOYSA-N,O=C(c1ccccc1)N1C[C@H]2C[C@@H]1C2,5-6,14,anomeric|conjugated,0,23.809562756854575,0.22037815398681462,0.12589970107105797,2.0806580674253885,3.518140504040534,2.9878032626164077,6.391317660996414,1.4374824366151455,140.80443828016644,0.3812114552936589,0.08296913610973436,0.5932817490659386,0.19784941375326912,0.07279132353379712,0.04523562457749775,0.007872752959763096
torsiontest2000,testcase-1691,GEZAHTYEQSVVEH-UHFFFAOYSA-N,CN(C)C(=O)c1ccccc1F,2-4,12,conjugated,0,9.824112886795774,0.0002180190692628354,0.23875224786834506,0.4798152506614964,0.4813208819820469,1.3472032116231218,2.6206472881827683,0.0015056313205505378,0.0,0.00997225803601883,0.10203746200473826,0.6554214145236439,0.0037888756032727305,0.2018065584717639,1.036883640929216e-05,0.03693532056017187
torsiontest2000,testcase-1692,OXPDQFOKSZYEMJ-UHFFFAOYSA-N,c1ccc(-c2ncccn2)cc1,4-5,12,biaryl,0,6.081767776049674,3.5602573662124656e-09,0.01370635799264213,0.0023461124687523126,0.002349754004315746,0.25658947043872365,2.1915918475082314,3.6415355634334193e-06,0.4993065187239836,4.9708409053233796e-05,2.0285040571377488e-09,0.9862936399211908,5.7662985278474575e-11,0.013540559279699332,2.302346039620808e-09,0.00016579641059676103
torsiontest2000,testcase-1693,XSCYITPLDKUZJB-UHFFFAOYSA-N,Cc1cncnc1N,7-8,8,plain,0,7.910958103107987,7.166074693290182e-09,0.07544203153414676,0.18152299390191326,0.181523148417539,0.7896285982872344,2.803745419370732,1.5451562573876032e-07,0.0,5.1215031540981805e-05,0.016418384382249233,0.8652036928657382,0.04293589121786585,0.06489733881841551,0.010440633971418386,0.00010405874431286706
torsiontest2000,testcase-1695,BJIHIPDTTHLJFL-UHFFFAOYSA-N,CN(C)C(=O)[C@H]1CNCCOC1,3-5,12,anomeric|stereocentre_adjacent,0,7.305434817797504,0.30295190930147053,0.04864824368473793,0.2823358321157865,1.1538208818562625,0.5298054730516456,2.052078468438277,0.871485049740476,116.83772538141471,0.30599170148525373,0.18916560942745775,0.38152004286528224,0.3806661040225222,0.020626349435076793,0.025429378891809473,0.002592515357851654
torsiontest2000,testcase-1696,KXZJRFBELXXWSR-UHFFFAOYSA-N,C[C@H](O)[C@@H]1CCN(C)C1,4-5,9,stereocentre_adjacent,0,9.703562504437286,0.17893079129127618,0.03250048974949757,0.2888383853303348,1.1305394134720184,0.5481131491425355,2.600051016744042,0.8417010281416836,1.4979195561719791,0.4314274936101198,0.30799078165231714,0.13992293963160826,0.519585788966577,0.012382253767612959,0.016150031774416724,0.003968204207467885
torsiontest2000,testcase-1697,RLXLLTQIRWKDHD-UHFFFAOYSA-N,CC(=O)N1CCSC[C@H]1C,5-6,10,anomeric|conjugated,0,15.691411936248187,0.00925056349535308,0.046189813127040256,0.33406963934907447,0.5856193102040531,1.1255054274484444,5.012042506777772,0.25154967085497865,3.4951456310679987,0.035530464102569256,0.02205330774788049,0.8907962438085545,0.04096063531652469,0.038256701264549046,0.006720876916178067,0.0012122349463131446
torsiontest2000,testcase-1699,XFHXZLONBKDICT-UHFFFAOYSA-N,CNC(=O)N1CCC[C@@H]1C,2-4,10,anomeric,0,13.326580358087085,0.07399591647832991,0.04816048245952451,0.5830426958317203,1.1339120364462336,0.9775103133017856,3.622425934471476,0.5508693406145133,1.9972260748959911,0.13415080807583213,0.03355410890038427,0.8572072905589033,0.06107811808118805,0.031268989214106674,0.014052301768342618,0.002839191477075219
torsiontest2000,testcase-17,YOUGRGFIHBUKRS-UHFFFAOYSA-N,C[N+](C)(C)Cc1ccccc1,2-5,11,plain,0,4.983735091343988,0.00012447688066804545,0.0028629763739022587,0.030115080514184146,0.035860532115147246,0.09810865577556528,1.7453134102386658,0.005745451600963101,121.33148404993062,0.009165962524062774,0.00014138612753673128,0.0004771125799106381,0.9965185249186505,0.0002417688427684044,4.343822457743751e-05,0.0025777693065564167
torsiontest2000,testcase-170,GBIJDAFZEDNJCA-UHFFFAOYSA-N,C=CB(OC(C)=O)OC(C)=O,4-5,11,conjugated,0,5.020646960823797,0.015542282380519626,0.0130840017055653,0.01311452992024556,0.2204886621862509,0.20236857851311477,1.7655132626027372,0.20737413226600535,3.4951456310679987,0.06395187603334267,0.00022655044608133472,0.9866105403784103,7.890746994303136e-05,0.012881629381633787,1.949779302066168e-05,0.00018287453091085334
torsiontest2000,testcase-1700,BVILVAUSJARHKH-UHFFFAOYSA-N,CC(=O)N1CCC[C@@H]1C1OCCO1,7-8,13,anomeric|stereocentre_adjacent,0,6.1800112227210775,0.49990278769967683,0.018382284062491705,0.19148716064705928,1.1626006149769226,0.2915838672645135,1.6331330909943322,0.9711134543298633,137.80859916782242,0.4133243757464674,0.03466010262800621,0.5806993088648686,0.3662583044446335,0.01475419833452095,0.00014401444246159198,0.003484071285509164
torsiontest2000,testcase-1701,FUXAOUWVSFSMJN-UHFFFAOYSA-N,CC(=O)N[C@@H]1CCCN(C)CC1,3-4,12,stereocentre_adjacent,0,14.352136414614506,0.7992345911655246,0.008800340640285934,0.5638749648377691,4.2737288925105545,0.7180299220864501,4.772100913218112,3.7098539276727855,59.916782246879336,0.7044536200173122,0.9788402895770474,0.005559841730589396,0.006799528052077266,0.0023159324256104025,0.0021246966861050145,0.004359711528570517
torsiontest2000,testcase-1704,PNVITRDQPMVZAX-UHFFFAOYSA-N,CNC(=O)[C@@H]1CC=NO1,4-5,9,anomeric|conjugated|stereocentre_adjacent,0,10.615978875779547,0.13305828832865588,0.004129924839538752,0.07117366297704043,1.198414399117321,0.2224540984422202,3.280357165199777,1.1272407361402805,8.987517337031903,0.1659553227793704,0.9471361122762043,0.04818272087620846,0.000551242008048476,0.0036251176616699326,0.00014521975868737747,0.0003595874191814418
torsiontest2000,testcase-1709,QPUWPQRMPSONGV-UHFFFAOYSA-N,CCN1CCCOCC1,2-3,9,plain,0,6.209335996361915,0.3161097342635354,0.004436389168778957,0.027364645538908033,1.1513528917327638,0.13907712153313975,2.047415334486696,1.1239882461938557,0.0,0.2892895005531353,0.20982689903576446,0.1748374970234506,0.6108992147720058,0.0015304531293332288,9.331394716627464e-05,0.0028126220922794526
torsiontest2000,testcase-1710,QDLQQFYNFWYKPM-UHFFFAOYSA-N,CO[C@H]1CCCC[C@@H]1C,7-8,9,stereocentre_adjacent,0,7.576123650476802,0.3014580793029567,0.00758774132944224,0.06453267533298139,1.2733941855747226,0.21183450531096848,2.3171792960704676,1.2088615102417413,16.97642163661581,0.393522825938196,0.5305943745873309,0.3445124993905064,0.11730538469272038,0.005010458326251527,0.0018764024025975062,0.0007008806005932056
torsiontest2000,testcase-1711,FALQUGITXCDROJ-UHFFFAOYSA-N,CNC(=O)C1(N)CCCCC1,2-4,11,plain,0,7.898041386215482,0.14142472918563168,0.10131826265005714,0.3979890219468593,0.8832001452932973,0.7770138634763404,2.1340095204961025,0.48521112334643796,2.4965325936200315,0.06664795236740968,0.29962425195967,0.5417199767139514,0.05733750867632138,0.0789941059958881,0.008861265621699524,0.013462891032469495
torsiontest2000,testcase-1712,FALQUGITXCDROJ-UHFFFAOYSA-N,CNC(=O)C1(N)CCCCC1,4-5,11,plain,0,7.0362469017272815,0.6235615413441822,0.015371089561532816,0.23137772837077233,1.8287631237356803,0.36695566362868526,2.3089015677535465,1.597385395364908,38.44660194174759,0.5177783315759474,0.6824535673634401,0.11914807243138809,0.18302727064363902,0.005784233855986879,0.00486521669985167,0.004721639005694266
torsiontest2000,testcase-1723,BZLVMXJERCGZMT-UHFFFAOYSA-N,COC(C)(C)C,2-3,6,plain,0,3.9116574465297163,0.004777719765949103,0.028923773446978388,0.11089517616905539,0.1383814701035421,0.23189880315355266,1.2026601197279436,0.027486293934486705,130.81830790568654,0.017859359074876673,0.0013718657886911936,0.0013915060544560272,0.9683128547098744,0.004209914797644761,0.0014931086070615128,0.023220750042272115
torsiontest2000,testcase-1724,CZZTXRVBXKBAFE-UHFFFAOYSA-N,CN(Cc1ccccc1)C1CC1,2-3,12,plain,0,6.156902716960758,0.27201424067780006,0.007095917639645431,0.029234278829261974,0.9853486139300045,0.16174090761531504,1.888665451459856,0.9561143351007425,12.482662968099874,0.2794499571554103,0.1269785784847705,0.194080824084144,0.67184467979144,0.00456995944166451,0.0002550624395819075,0.0022708957583990135
torsiontest2000,testcase-1725,WVDDGKGOMKODPV-UHFFFAOYSA-N,OCc1ccccc1,4-5,8,plain,0,1.755639118666295,0.947607381985207,0.0424363699953119,0.020058358941191158,0.602582559897412,0.12901609555515436,0.6189987243562348,0.5825242009562209,44.93758668515949,0.23363359311187007,0.00026526242128028897,0.9572879948984159,1.0372684991822995e-05,0.03941600429035395,0.0002837535406540053,0.0027366121643039526
torsiontest2000,testcase-1726,WVDDGKGOMKODPV-UHFFFAOYSA-N,OCc1ccccc1,5-6,8,plain,0,1.6336538080358878,0.0017487494911329064,0.006135915395175276,0.016005466938329167,0.027645695145629118,0.04515526586787659,0.5392695478824977,0.01164022820729995,0.0,0.010359333538128531,0.534721444510001,0.0103677356736492,0.44877490442117457,0.004648328083138906,0.0003836168716083808,0.0011039704404279885
torsiontest2000,testcase-1727,SKINMBLSWSKYCG-UHFFFAOYSA-N,CC(=O)NC1(C#N)CCOCC1,3-4,12,anomeric|amide|conjugated,0,5.496989588544238,0.06684378463486973,0.0417114135365251,0.049989011510870186,0.39592127864368315,0.3142545188066937,1.5199301003529808,0.34593226713281294,114.84049930651872,0.08674188763367474,0.004898236075751224,0.04261581180050976,0.9107745385872138,0.013411365195034717,0.028029282978968686,0.0002707653625216976
torsiontest2000,testcase-1728,NDVWOBYBJYUSMF-UHFFFAOYSA-N,C[C@H]1CCCC[C@@H]1O,7-8,8,stereocentre_adjacent,0,1.3852447560057044,0.035450417449373474,0.0004405194782078939,0.00048021379370687936,0.07404538593583984,0.008267881074471838,0.3932588321942381,0.07356517214213296,3.9944521497919823,0.030063870448897138,0.1305162300289646,0.08088755753284535,0.7881556929599822,0.00014063834995240202,0.0002524994172244719,4.738171103101996e-05
torsiontest2000,testcase-173,NGWNLUZOEYRHAX-UHFFFAOYSA-N,CNC(=O)NC1CCNCC1,4-5,11,plain,0,6.112643765984103,0.5691198582080734,0.002035099066187736,0.03989605194261844,1.6056629061423375,0.103947765278444,2.1281128777103366,1.5657668541997192,18.474341192787847,0.4807891065877048,0.6442135165981929,0.1347953258956965,0.21895605843992283,0.000976887309812984,0.00034139663467761656,0.0007168151216971361
torsiontest2000,testcase-1731,FIUYYKGOPZCCRI-UHFFFAOYSA-N,COCCSC,3-4,6,plain,0,5.891326060751453,0.045847894255479506,0.0024220588552281,0.030570895259264323,0.3483108524098708,0.0854070001656738,1.620709936659839,0.3177399571506065,109.84743411927877,0.1609673473861055,0.36731152945588486,0.12018407133055545,0.5100823403583317,0.0015233558862849884,0.00035110336530360287,0.000547599603639509
torsiontest2000,testcase-1735,BZVQHCSAMAIMNV-UHFFFAOYSA-N,CC(=O)NC[C@H](C)N(C)C,2-3,10,stereocentre_adjacent,0,7.72190125961788,0.8343822701548069,0.032381496429178404,0.2473778170511101,1.7104794446712017,0.41516886192760666,1.869312138633581,1.4631016276200917,132.3162274618585,0.6216724777789461,0.45232739200552763,0.2799831527137225,0.23530795885157155,0.0058758605147829586,0.010122270632900955,0.016383365281494488
torsiontest2000,testcase-1736,AFHFOACROHQPEQ-UHFFFAOYSA-N,CC(C)N(C)C1CC1,2-4,8,plain,0,7.266468361369334,0.03764378122276809,0.012146970609328586,0.06399060873764695,0.38782980572909187,0.22651460891455036,1.972559291976201,0.3238391969914449,138.8072122052705,0.12913548754066106,0.13892088101868263,0.23868002568638227,0.6102521226856065,0.0005599547761916695,0.004315735850593999,0.007271279982542916
torsiontest2000,testcase-1737,UONGQILKBBDHDJ-UHFFFAOYSA-N,CNC(=O)C(=O)N(C)C,1-2,9,anomeric|conjugated,0,18.2532340020407,0.00036223208189134563,0.054088590910787125,0.8031253500416267,0.8091674511851816,1.4490116297109528,5.247703714817713,0.006042101143554968,0.9986130374479956,0.006532109412535963,0.1461826212597993,0.797526874195357,0.002201913634056593,0.053576764729682,0.00036468951652921997,0.00014713666457590288
torsiontest2000,testcase-1738,UONGQILKBBDHDJ-UHFFFAOYSA-N,CNC(=O)C(=O)N(C)C,2-4,9,conjugated,1,19.971298672433477,4.697811055450652e-07,0.0582234835997658,1.0416845732757893,1.0416895879875507,1.5427066561494853,4.82950800488823,5.01471176139745e-06,0.0,0.001187312793609765,0.8564180762130055,0.05892363350156339,0.026434806685665484,0.031258479544420084,0.013329014477193679,0.013635989578152041
torsiontest2000,testcase-1739,UONGQILKBBDHDJ-UHFFFAOYSA-N,CNC(=O)C(=O)N(C)C,4-6,9,anomeric,0,16.50180444715079,2.9948846551186622e-05,0.07926949791117112,0.651776865270988,0.6524146688527604,1.6206456769898865,5.3103162385820175,0.0006378035817724559,0.4993065187239836,0.011991205099422664,0.019422640115634774,0.8712394231418924,0.030068438831301694,0.06737581217007013,0.00214375801547902,0.009749927725621976
torsiontest2000,testcase-1740,LJGFIWDOHOWUOY-UHFFFAOYSA-N,CN1CC[C@@H](C(=O)O)C1,4-5,9,anomeric|conjugated|stereocentre_adjacent,0,8.263242782617453,0.5880183478663311,0.005472253841582632,0.05888536460375403,1.938512055441675,0.19597590285088584,2.5274963095365086,1.879626690837921,6.9902912621359405,0.6001168106827218,0.5370344596147952,0.2787927501823197,0.17870053636130245,0.00336520077595583,0.0013709900863931206,0.0007360629792336821
torsiontest2000,testcase-1745,ONPSGGXNIQWLNW-UHFFFAOYSA-N,CC[C@@]1(C)CCC(=O)N1,2-3,9,stereocentre_adjacent,0,5.817435584322084,0.007882597773987697,0.0077788749789497414,0.023423150419122088,0.16234687233117476,0.1612974729288487,1.8095793454704192,0.13892372191205266,118.33564493758666,0.043632430488851674,0.03149996213312699,0.00980765024848217,0.950913512639441,0.00030194408136791166,0.006129605749203053,0.0013473251483787773
torsiontest2000,testcase-1746,AZYTZQYCOBXDGY-UHFFFAOYSA-N,c1ccc(N2CCCC2)nc1,3-4,11,plain,0,8.935119917441625,0.010443494011271245,0.01254196013453085,0.16805987512460616,0.35413769014486507,0.38070757781830805,3.054920634837734,0.1860778150202589,3.495145631067942,0.08664843157736599,0.005569113543353239,0.9771196288491422,0.004769297472973775,0.011322884278616763,0.001164712325778787,5.436353013530003e-05
torsiontest2000,testcase-1747,YQOPNAOQGQSUHF-UHFFFAOYSA-N,CC(C)N1CCCC1,5-6,8,plain,0,7.86511443631025,0.27125529043614244,0.030115249675757547,0.4534139848874191,1.0409889371757195,0.5505175743058582,1.8554406072539054,0.5875749522883005,3.4951456310679703,0.27350915186144115,0.22410931218462757,0.03323116897797911,0.7125442691616357,0.017889561672196918,0.003371284498093044,0.008854403505467583
torsiontest2000,testcase-1748,WDTGTFSMVDDCPB-UHFFFAOYSA-N,COC1CCN(C(C)=O)CC1,2-3,11,plain,0,6.920684797805734,0.7248369826864142,0.0034776923452697964,0.03452307397221387,2.304146968872824,0.1632746272196732,2.706303789931193,2.2696238949006102,108.8488210818308,0.5578558070705761,0.8822602075210245,0.0016067191474633637,0.11265538098624234,0.0004520686259854023,0.0020241480240124907,0.001001475695271903
torsiontest2000,testcase-1749,KOBACBDXOYORNV-UHFFFAOYSA-N,CN(C)C(=O)N1CCCC1,2-4,10,anomeric,0,12.658398672938347,0.09039895235564858,0.054378976599109646,1.2780375278932543,1.5499337788018088,1.4477274712795134,3.1842062653419116,0.2718962509085545,2.4965325936199747,0.2767184482542341,0.12394097067028842,0.424605654647156,0.39707439808344613,0.01732979803658289,0.020049452985624328,0.016999725576902436
torsiontest2000,testcase-1750,IFXFIQIQIRZTIA-UHFFFAOYSA-N,CC(=O)N1CCCC[C@H]1CN,7-8,11,stereocentre_adjacent,0,7.230316229106393,0.5045117174495638,0.001897572460813718,0.01326008168970649,1.4710617535147543,0.09118396843558862,2.0710302085029975,1.457801671825048,122.3300970873787,0.5026698536213753,0.46167032954879156,0.04748367777097228,0.4889484202194223,0.0009417492371325365,0.0008357297569878995,0.00012009346669328215
torsiontest2000,testcase-1751,MFSUKOCGNJOMDD-UHFFFAOYSA-N,CCONC(C)=O,2-3,7,plain,0,3.955692482442828,0.008098956576927153,0.012420627009315517,0.011394354061659244,0.1042834190257464,0.12887503404826284,1.1518986609474287,0.09288906496408715,1.9972260748959343,0.0406852777816018,0.2952175870344293,0.10408801931990155,0.5882737666363534,0.0057018310335997776,0.0062833144361356535,0.0004354815395800876
torsiontest2000,testcase-1752,OWRHJTUZVUYYNA-UHFFFAOYSA-N,CNC(=O)NOC,1-2,7,anomeric|amide|conjugated,0,15.065968321228866,0.19714188359132545,0.053417074673177335,0.9074233046680473,2.3169049852886134,1.4334627334495393,4.886304229953746,1.4094816806205661,145.7975034674064,0.48277712381651233,0.43831081164334235,0.4752839864002839,0.03298812728319642,0.02604326647293301,0.009098572572208653,0.018275235628035666
torsiontest2000,testcase-1753,OWRHJTUZVUYYNA-UHFFFAOYSA-N,CNC(=O)NOC,2-3,7,anomeric|conjugated,0,12.16301199424197,0.4819571316301971,0.005940520404974661,0.05148154406531205,2.460475142036254,0.27791624505365575,3.543768691143033,2.408993597970942,18.47434119278779,0.5839012139239783,0.14859238574635295,0.8383331367597231,0.007133957088949189,0.005761273791033873,0.00014678022786585368,3.246638607493488e-05
torsiontest2000,testcase-1754,OWRHJTUZVUYYNA-UHFFFAOYSA-N,CNC(=O)NOC,3-5,7,anomeric,0,14.844705808733124,0.008385828560839496,0.08725409463294849,0.5421584079015662,0.6536183873290404,1.296428444389418,4.023378821068283,0.11145997942747421,1.4979195561719791,0.038909322409775196,0.18129911550156255,0.7207356429953806,0.010711146870108395,0.07216844840661717,0.0019729803933575397,0.013112665832973781
torsiontest2000,testcase-1755,YZRRFOJKQOSXEA-UHFFFAOYSA-N,CONC(=O)NCc1cccnc1,5-6,13,plain,0,7.472166356456,0.03311689704275925,0.00497043094598624,0.03683174839182756,0.38979917560099936,0.15478301497093758,2.132717525822935,0.3529674272091718,178.75173370319004,0.193069477354032,0.5548027495264723,0.3837465119577804,0.056480307569761155,0.0042994477567805615,0.0003717048567186869,0.00029927833248699176
torsiontest2000,testcase-1756,DTNMSQWPKAEWFC-UHFFFAOYSA-N,Cc1cccnc1N1CCCC1,7-8,12,plain,0,9.340653697319794,0.24343908914557044,0.15151689449546554,0.5380640193741576,1.3473772672927602,1.1132141545301169,2.5607933468136186,0.8093132479186026,135.3120665742025,0.3109026817491544,0.12023372784944514,0.48120774200884353,0.24704163564624587,0.0591028794658915,0.05770674154074503,0.034707273488829
torsiontest2000,testcase-1759,XVAIDCNLVLTVFM-UHFFFAOYSA-N,COc1ccc(NC(C)=O)cc1,1-2,12,biaryl,0,2.7163704198319465,2.626121261192977e-06,0.053193849642824274,0.018277247379438203,0.018341739258949573,0.21947750612787215,0.9484814039636139,6.449187951136984e-05,0.0,0.000530562670199875,0.01025851885283682,0.9363569478599912,0.0001906836443476055,0.0520290389863692,0.00023641585087349714,0.000928394805581572
torsiontest2000,testcase-176,GIKNJMSYQSDBRR-UHFFFAOYSA-N,CCCNc1ccccn1,7-8,10,plain,0,4.186598169151694,0.1015368011366774,0.016946258748133384,0.17442847674470371,0.45948321407255416,0.24613733815959063,1.3453900116485356,0.28505473732785047,0.0,0.16080301152045687,0.052161737873860504,0.058717842167094164,0.8721741612109121,0.007563547509541528,0.004067698519817944,0.005315012718773913
torsiontest2000,testcase-1760,OCHYJSATRBHPLB-UHFFFAOYSA-N,O=C(Nc1ccccc1)C1CC1,5-6,12,anomeric|conjugated,0,12.347199817479122,1.015998002742907e-05,0.06223908455246105,0.21223480037160927,0.21258087891697677,0.9724562430490099,3.809924376308673,0.0003460785453675008,0.0,0.0020284546016891623,0.004530589556081974,0.9141377806518198,0.019092545239637056,0.0559686110426221,0.001903888136602309,0.00436658537323664
torsiontest2000,testcase-1761,DOAPHUAVDBBCPO-UHFFFAOYSA-N,CNC(=O)C1(C)CC1,2-4,8,plain,0,3.31600791082019,0.6489481833162883,0.00939843630683282,0.03532662355491755,0.7961875684667521,0.10203219738052001,0.988007034852618,0.7608609449118345,34.95145631067959,0.37741921626075964,0.3700970026858547,0.555590095450908,0.06491446555640441,0.008241770708480842,0.00037863240994859943,0.0007780331884033784
torsiontest2000,testcase-1762,HAFZFDYLKWVTAH-UHFFFAOYSA-N,CC[C@H]1CCCCN1C(C)=O,2-3,11,stereocentre_adjacent,0,6.418556640448514,0.5734913637231924,0.01046533520917046,0.021032301751931368,1.3756293552805836,0.18699435886497345,1.816420092195031,1.3545970535286522,124.82662968099862,0.43561113628891024,0.5546068580270621,0.01670290030759413,0.4182249064561734,0.0008583678529649158,0.006262068852469264,0.0033448985037362808
torsiontest2000,testcase-1763,IMNDHOCGZLYMRO-UHFFFAOYSA-N,CN(C)C(=O)c1ccccc1,2-4,11,anomeric,0,17.722705873195082,0.11236949435704166,0.12116063580420894,1.1221351876056311,1.9846738931527574,2.0368051286573725,5.010669514188948,0.8625387055471263,141.8030513176144,0.2093383641656847,0.08115568606632967,0.7043448513874363,0.09333882674202515,0.08971325478176047,0.017159925611888692,0.014287455410559775
torsiontest2000,testcase-1764,IMNDHOCGZLYMRO-UHFFFAOYSA-N,CN(C)C(=O)c1ccccc1,4-6,11,conjugated,0,5.192833216686267,4.069439606150769e-05,0.5514272936544776,0.3332471683145536,0.3333522115657737,1.0295062591403492,1.3534138633372206,0.00010504325122012714,0.0,0.002586831979912795,0.013036126340860687,0.42795956475325164,0.0075770152514101465,0.4737470105098107,1.7892705301195845e-05,0.07766239043936567
torsiontest2000,testcase-1765,HLLRBZHXXIENHR-UHFFFAOYSA-N,CN(C)C(=O)c1ccc(CF)cc1,7-8,13,plain,0,0.367190771328751,0.6794351954178784,0.029916306914409142,0.0028425330671753954,0.10343051830029666,0.021880651960608156,0.12546484617343617,0.10058798523312126,85.88072122052705,0.04402454037363564,0.9578345389839471,0.006747396262756471,0.005501757838887237,0.026497104810646606,0.00010996925418233005,0.003309232849580207
torsiontest2000,testcase-1766,FGNCGVGFKAHBTH-UHFFFAOYSA-N,CC(=O)N1CCCC[C@@H]1C,7-8,10,anomeric|conjugated,0,17.410536178620532,0.013391582108314296,0.06392093962962099,0.5898089488397924,0.8445488247728369,1.4463580793342472,5.256686638427898,0.2547398759330445,6.4909847434119285,0.09860311790349452,0.015067519199343701,0.8874316216093142,0.033579919561721176,0.051562763068276465,0.0074144294450025905,0.004943747116341923
torsiontest2000,testcase-1767,JWOUISARGMVATP-UHFFFAOYSA-N,CN(C)C(=O)[C@]1(C)C=CCC1,2-3,11,anomeric|conjugated|stereocentre_adjacent,0,6.268307708203793,0.2509368756792314,0.056476197044860066,0.28167131250418204,0.9284968213513604,0.5054793764971861,1.7884973356441256,0.6468255088471784,97.86407766990294,0.19742709962545302,0.22382288271198567,0.12332642563062503,0.5963744946125292,0.0010141786535505714,0.021899906906217386,0.03356211148509211
torsiontest2000,testcase-1768,VZSRJNKREOFLHV-UHFFFAOYSA-N,N[C@H]1CCc2ncncc2C1,1-2,11,stereocentre_adjacent,0,2.288861589098815,0.028491566882156635,0.001686621685342667,0.002629317854989459,0.12008850360355205,0.029329218830848228,0.7112824249181764,0.1174591857485626,0.9986130374479671,0.050528680350928404,0.03997923270930974,0.0011205376669026468,0.957213607938445,0.0008108232714375084,0.00010541984672908088,0.0007703785671760778
torsiontest2000,testcase-1769,IAGROJPXACRRDT-UHFFFAOYSA-N,c1cnc(N2CCCCC2)nc1,4-5,12,anomeric|biaryl,0,15.437241355190054,0.11986001742720054,0.15670139113383727,1.127064344924843,2.197662645398233,2.4338836759822695,5.564792346526426,1.0705983004733899,41.442441054091546,0.1573675631409484,0.0001227824635484131,0.8430851424439241,9.068395869036438e-05,0.12095605031561295,1.3757647509481668e-05,0.03573158317071483
torsiontest2000,testcase-1770,CXPHOJGKXLTVJV-UHFFFAOYSA-N,CN1CC[C@@H](C(F)(F)F)C1,4-5,10,anomeric|stereocentre_adjacent,0,5.154838920163456,0.016493149186162077,0.0004948929565400491,0.010074511315251219,0.23267384570543787,0.04150766469065809,1.8100677818217081,0.22259933439018664,117.83633841886268,0.08527370697194227,2.8989605076872842e-05,0.00013559742497832708,0.9993405200134047,0.00021158127927330895,4.746480149970198e-06,0.00027856519711676994
torsiontest2000,testcase-1771,DXIDBOGURSGGDZ-UHFFFAOYSA-N,COC1(C)CCC1,2-3,7,plain,0,3.8687033799942583,0.2633307256867437,0.012917979444493355,0.029145827914985326,0.5860241499313588,0.13287170749806898,1.140956372899753,0.5568783220163734,12.482662968099874,0.22879249215713499,4.130046150517639e-05,0.058500669046649065,0.9285400510473524,0.007933033141528741,0.0036196388652324956,0.0013653074377321188
torsiontest2000,testcase-1772,FQNHTSXZQJNZDI-UHFFFAOYSA-N,O=C(NC1CCC1)c1ccsc1,4-5,12,anomeric|conjugated,0,16.531185988802463,0.03469472036328135,0.11991467313595998,0.82517382771346,1.113498470529201,1.6164341358513146,4.097796070841988,0.288324642815741,1.4979195561719791,0.05648174675889527,0.024719029765746484,0.7945753477870494,0.060790949311244104,0.09174472468245999,0.010973237922884054,0.017196710530615927
torsiontest2000,testcase-1773,PDSWHCYJSJFEKD-UHFFFAOYSA-N,CNCCF,2-3,5,plain,0,7.10442996371421,0.15566963784474208,0.001591288015400157,0.0026298928095049175,0.709827458482222,0.07181478773381937,1.7990706454602432,0.7071975656727171,131.31761442441052,0.33996466337455933,0.2495153942629591,0.18774066198335607,0.5611526557382847,0.0014678993246997906,3.4124600381594694e-05,8.92640903187718e-05
torsiontest2000,testcase-1778,HNJBEVLQSNELDL-UHFFFAOYSA-N,OC1=NCCC1,4-5,6,plain,0,9.675834543100791,0.0007891205933332477,9.35088982829278e-05,0.0014111222412118351,0.08413948919895844,0.028994019826885847,2.9947966723837913,0.08272836695774662,0.4993065187239836,0.016114259817942417,0.2881069853277631,0.7092506898658401,0.0025488159081140348,8.162758544271686e-05,1.1108947111570141e-05,7.723657286408163e-07
torsiontest2000,testcase-178,VOBKUOHHOWQHFZ-UHFFFAOYSA-N,CC(=O)Nc1ccccc1Br,3-4,11,biaryl,0,14.67972726537846,3.284806451089763e-06,0.03311927692602175,0.21900633659695734,0.2191264738634961,0.7607062468334848,4.009002387916911,0.00012013726653875567,1.9972260748959627,0.0010069612706954199,0.8425229013329236,0.06683496520342588,0.05752285653762883,0.027371619100498124,0.004740479649273304,0.001007178176250316
torsiontest2000,testcase-1785,ISFCRWPZUSUIJP-UHFFFAOYSA-N,CC[C@@H](C)C(=O)NC,4-5,8,stereocentre_adjacent,0,5.591934341617161,0.16189936948879002,0.003915771038053349,0.03141992820200374,0.6130649457063287,0.10026848678757472,1.5219669918627268,0.581645017504325,0.4993065187239836,0.22786355253572366,0.15589199323212752,0.014709712549121777,0.8254825231806973,0.00017133499947817932,0.001168500386231113,0.002575935652344057
torsiontest2000,testcase-1786,SILGRKFIVIVPKA-UHFFFAOYSA-N,CNc1ncccc1[N+](=O)[O-],2-3,11,anomeric|biaryl,0,13.661414527217858,2.2689617808924773e-08,0.04805233658739724,0.24115737281102068,0.24115815301223623,0.9247143570515601,4.079579782512875,7.802012155500027e-07,0.4993065187239836,7.613466404462457e-05,0.3837422541080319,0.563764167351355,0.004441241953215574,0.044422585873398375,0.0024070090904758077,0.0012227416235230633
torsiontest2000,testcase-1788,BCIYTPHVSYTZBC-UHFFFAOYSA-N,CC(=O)N1C[C@@H]2[C@@H](CO)[C@@H]2C1,6-7,11,stereocentre_adjacent,0,4.200206028763205,0.8365583303715601,0.009464147800748519,0.03529700174544638,1.1404268276990226,0.12627497013821537,1.2467664818189221,1.1051298259535762,26.962552011095795,0.40485176255811783,0.009566454749282206,0.15658194291847144,0.8243874545314979,0.006070982020496352,0.0018227944786573793,0.0015703713015947866
torsiontest2000,testcase-1789,FIPWLXXANFYDRV-UHFFFAOYSA-N,CNc1nccc(C(=O)N(C)C)c1[N+](=O)[O-],11-12,16,conjugated,0,6.468476850131992,0.054067094582764375,0.061829549916761053,0.11057639456395296,0.5059851839953545,0.539465771943211,2.1263420869340144,0.39540878943140156,163.7725381414702,0.1978303027034429,6.677778464763642e-05,0.9378544469240562,0.0002492253745350744,0.058661035347781484,0.00013633883999890505,0.003032175728980656
torsiontest2000,testcase-179,KRIOVPPHQSLHCZ-UHFFFAOYSA-N,CCC(=O)c1ccccc1,2-3,10,conjugated,0,5.765742091345601,3.847362550975753e-08,0.0039500017799447085,0.028525127427796768,0.028526702266300795,0.10019036351750947,1.5284326036487366,1.5748385040273427e-06,0.0,0.00011574322076759236,0.5753524502365964,0.14449729282949128,0.27620025515396757,0.0014648113034056824,0.0013710123694439984,0.0011141781070950277
torsiontest2000,testcase-1790,FBPFIBWWUJLZJI-UHFFFAOYSA-N,O=C1CNC(=O)N1CC1CC1,3-4,11,plain,0,4.568102622870356,0.9190815168665918,0.0015329737963632492,0.015050265624464192,1.196848587165466,0.05114070142046991,1.2484163731922782,1.1817983215410017,12.482662968099874,0.42990203571117136,0.0016474074786488806,0.3000653371086924,0.6967542816162954,0.001037242528430716,8.829328133342652e-05,0.00040743798659910696
torsiontest2000,testcase-1791,FBPFIBWWUJLZJI-UHFFFAOYSA-N,O=C1CNC(=O)N1CC1CC1,4-5,11,anomeric|amide|conjugated,0,5.044540572620463,0.11556756674902828,0.003984326837889328,0.054358899292538634,0.6090490413931243,0.12506639142239317,1.785249766707971,0.5546901421005856,5.991678224687973,0.17363745552612253,0.00755909217020424,0.9869565085518606,0.0015000724400458293,0.001967143528878863,0.0018761970522440511,0.00014098625676641372
torsiontest2000,testcase-1792,IIEWJVIFRVWJOD-UHFFFAOYSA-N,CCC1CCCCC1,2-3,8,plain,0,4.6808609310828615,0.18277010727047358,0.005239207745419995,0.01649486345285859,0.6613221671304274,0.11314180895612706,1.5465004436485004,0.6448273036775688,116.33841886269067,0.18722013000453155,0.17722451419261023,0.05154102103709644,0.7659952570248735,0.000826763015351959,0.0011190555760351546,0.0032933891540328814
torsiontest2000,testcase-1799,CKQYFZPCICOPMQ-UHFFFAOYSA-N,CNC(=O)[C@H](C)N,2-3,7,anomeric|amide|stereocentre_adjacent,0,7.085148395417491,0.5293647611156699,0.020352938189045128,0.2745353125846704,1.7158582862445657,0.43089317056352494,2.3440765222590936,1.4413229736598954,16.976421636615896,0.47676494396129315,0.6399554764515345,0.13324040877987825,0.20645117657954218,0.004995704200516998,0.011012278491705798,0.004344955496822331
torsiontest2000,testcase-18,RDPBRXDVEIYBBL-UHFFFAOYSA-N,c1ccc(C[N+]23CCC(CC2)CC3)cc1,5-6,15,stereocentre_adjacent,0,4.97083315619966,0.0023109915111569884,0.03204695630530526,0.1328955928943137,0.15592224741449623,0.3314887635534537,1.701595489421734,0.023026654520182516,113.34257975034672,0.04358897219312554,2.985295889064211e-05,0.0004898961826378242,0.9674332945531664,0.0006025729130092355,4.030042466868574e-05,0.03140408296762734
torsiontest2000,testcase-180,WNMQSIGDRWCJMO-UHFFFAOYSA-N,CC(C)(C)N1CCCC1,2-5,9,plain,0,5.434962251456454,0.05866310380310833,0.028245600035190683,0.07108657480427588,0.4726748087804827,0.3319567829061403,1.9306643213969363,0.4015882339762068,122.82940360610263,0.09688234396230963,0.00016811236548385763,0.0009142996714584684,0.970671987927867,0.0007753369293682347,3.9875546553931216e-05,0.02743038755926852
torsiontest2000,testcase-1800,CKQYFZPCICOPMQ-UHFFFAOYSA-N,CNC(=O)[C@H](C)N,2-4,7,stereocentre_adjacent,0,6.2090856661088765,0.21453512710451245,0.09608695100639669,0.43154444261816516,1.0207850549387814,0.7546638184128718,2.0433276999851455,0.5892406123206162,1.9972260748959911,0.15542006425505062,0.3447457940829074,0.5370990047365026,0.022068250174193237,0.005034627065577957,0.04624524036866817,0.04480708357215057
torsiontest2000,testcase-1801,FDYLEQIJNGFKPH-UHFFFAOYSA-N,CCCNC(=O)CN,6-7,8,plain,0,3.9020817674463615,0.009913365787109682,0.001875404782277096,0.027722220714835915,0.12917762812864042,0.061481238313777976,1.2674827886608513,0.1014554074138045,124.32732316227464,0.029362254852780597,0.018110422851616983,0.014400750194246763,0.9656134221718592,9.197570754274206e-05,0.001718259194940158,6.516987979419609e-05
torsiontest2000,testcase-1802,AOKJWZFGBHMYQS-UHFFFAOYSA-N,CCCN(C)S(C)(=O)=O,2-3,9,plain,0,4.6445829643053,0.06097339785215773,0.018741121306990807,0.09660941554443561,0.3291047408112134,0.1993873807808368,1.2777350874678062,0.23249532526677777,2.4965325936199747,0.1596252496148235,0.08901560643189928,0.03179221516821256,0.8604510570928975,0.015273714802307223,0.0031461667445539638,0.0003212397601296207
torsiontest2000,testcase-1803,OPDWKYYREJZWQH-UHFFFAOYSA-N,CCN1CCCS1(=O)=O,2-3,9,plain,0,3.22447587933857,0.2844280625935867,0.12235807364269313,0.2725810414717043,0.6019358602389799,0.44520391441000523,1.0425708099436544,0.3293548187672756,100.85991678224687,0.21731997804274003,0.26834897070289143,0.2622652634245321,0.34702769222988344,0.03966274632624254,0.013880225953941755,0.06881510136250883
torsiontest2000,testcase-1805,DFDDLFCSYLTQBP-UHFFFAOYSA-N,CNCC1CCC1,2-3,7,plain,0,5.884707849298138,0.04670577308250468,0.0026861913053674276,0.012803447081941132,0.3228371705646385,0.07841365890448947,1.4926985896614746,0.31003372348269737,3.994452149791954,0.11755844141876741,0.384327835305971,0.051150529977502426,0.5618354434111592,0.0011984264760896983,0.0007831120048455955,0.0007046528244321336
torsiontest2000,testcase-1806,DFDDLFCSYLTQBP-UHFFFAOYSA-N,CNCC1CCC1,3-4,7,plain,0,4.6699007375282235,0.16689011298924233,0.0017910674808660652,0.00756573897428096,0.5697728632434145,0.059503549044403144,1.39461487660705,0.5622071242691336,110.34674063800276,0.21186730957466418,0.06396343135925335,0.017787776545447522,0.916457724614433,2.4876183541908164e-05,0.0009912708654969573,0.0007749204318271998
torsiontest2000,testcase-1807,HMDSHIZGTPRJHT-UHFFFAOYSA-N,CN[C@@H]1CCCC[C@@H]1C,2-3,9,stereocentre_adjacent,0,9.535917984321713,0.23364365099502848,0.011146527764153723,0.05101789702140039,1.3304680317444333,0.29483523649197557,2.7509496424688535,1.279450134723033,6.4909847434119,0.32686108859557506,0.8645715577891484,0.019748711147127472,0.10453320329957043,0.005121553985304676,0.004087205774658213,0.001937768004190836
torsiontest2000,testcase-1808,GWESVXSMPKAFAS-UHFFFAOYSA-N,CC(C)C1CCCCC1,2-4,9,plain,0,6.97129507290083,0.0001086586551704777,0.019087641371799142,0.01788064685926924,0.02726077808801679,0.2733169125749787,1.9741411931266397,0.009380131228747552,135.3120665742025,0.0038072360830813897,0.15478439680801898,0.1268146325128725,0.6993133293073095,0.005986649196783841,0.0008051695727040797,0.012295822602311223
torsiontest2000,testcase-1809,ZYVYEJXMYBUCMN-UHFFFAOYSA-N,COCC(C)C,2-4,6,plain,0,4.979708170489175,0.09028580971518183,0.001130558057943476,0.0032062974312460166,0.49673922982843116,0.05567721602863699,1.6531426381520986,0.49353293239718515,4.993065187239949,0.12647982046265294,0.07862878366628898,0.029415930359603513,0.890824727916164,0.000670611973377851,5.579419992362024e-05,0.00040415188464200505
torsiontest2000,testcase-181,PGDJNYRGYGTFFG-UHFFFAOYSA-N,CNC(=O)N1CCCC1,2-4,9,anomeric,0,10.714043164043687,0.002682861237456797,0.023386604308622726,0.3942319548329135,0.4291062238874042,0.6369573705497912,3.2951357046020733,0.0348742690544907,2.4965325936200315,0.0495918265425395,0.04100392624155908,0.8561479225924072,0.07946154685741094,0.010012534929776398,0.01177582560848606,0.00159824377036027
torsiontest2000,testcase-1810,XSHOOAPBEBHNBU-UHFFFAOYSA-N,CCN(C(C)=O)c1ccncc1,2-3,12,anomeric|amide|conjugated,0,6.699512283317745,0.0014213105814928331,0.007199741457140328,0.10204425124617002,0.12994483517954952,0.2078476012887893,2.1364465168186744,0.027900583933379505,175.25658807212204,0.021872325447716386,0.4422343402061062,0.5312842836688769,0.019281634667876725,0.0017250769039041118,0.0049559848697697355,0.0005186796834664804
torsiontest2000,testcase-1811,MPBMBTVWEVCXNU-UHFFFAOYSA-N,CC(=O)N(C)c1ccncc1,2-5,11,conjugated,0,3.1070444485521875,0.06127029223265943,0.34100070714898995,0.26535107681692877,0.35019690948342735,0.6008989733312937,0.9606296380226982,0.08484583266649859,176.25520110957007,0.1023750040788401,0.030803983536187393,0.621188746953568,0.007006562361254643,0.27822682613414423,0.017202651060298696,0.045571229954547036
torsiontest2000,testcase-1815,RUOHPJPVXPCDKL-UHFFFAOYSA-N,CCC1(C(=O)NC)CCC1,2-3,10,plain,0,5.673765194485895,0.012506505514264719,0.00446811497564033,0.04063848083124693,0.20837182237053226,0.12873775206108617,1.8279224481331455,0.16773334153928532,2.4965325936199747,0.07418742076064964,0.06527223950604427,0.013680595759489048,0.9165790497588264,0.0005489488416790667,0.003468752465809101,0.0004504136681521624
torsiontest2000,testcase-1816,UEFZQMULYHGDFH-UHFFFAOYSA-N,CNC(=O)C1(C)CCC1,2-3,9,anomeric|conjugated,0,1.6514682267443277,0.6660976920621177,0.10853575710189639,0.025124465487705774,0.46846839782207716,0.1904947192432147,0.5737236881138899,0.4433439323343714,3.9944521497919254,0.17376397137016586,0.542574617891757,0.31959524162102554,0.029294383385321192,0.10497029621103722,0.0026531623317275132,0.0009122985591316545
torsiontest2000,testcase-1817,HVTYCAHOTNCMHD-UHFFFAOYSA-N,O=C(Nc1ccccc1)C1CCC1,2-4,13,anomeric|conjugated,0,12.730744921020232,2.041923057905004e-05,0.06848108980407192,0.2700422873196196,0.27059192761049133,1.0341686473916045,3.8243400295432317,0.0005496402908717335,0.4993065187239836,0.002654020923058095,0.008939005787539445,0.9151691424580017,0.0074107619503868145,0.05982081462581703,0.0004374491318961146,0.008222826046358767
torsiontest2000,testcase-1818,VJPHAMJNGICSLT-UHFFFAOYSA-N,CNC(=O)C1CCCCC1,2-4,10,plain,0,1.4483984597027302,0.5757923828026322,0.05706675102009269,0.005205852634977608,0.33371898288003826,0.10517666352702694,0.4397699733258034,0.3285131302450607,1.4979195561719791,0.15036347490049368,0.40355652323595603,0.30976971035406464,0.22960701538988648,0.04871071768215953,0.003775336807156739,0.0045806965307764215
torsiontest2000,testcase-1819,UXNHSCSOCKZTDI-UHFFFAOYSA-N,CNC(=O)CN(C)C(C)=O,2-4,10,anomeric,0,19.142327482288238,0.011337839250609778,0.04981558677773925,0.6101863013496863,0.8269498278223684,1.3194918381913652,5.27715151395365,0.21676352647268204,4.493758668515966,0.11242686983364643,0.006699294382128392,0.8976046776546069,0.0458804411855254,0.03829008635874029,0.0057903843756898265,0.005735116043309128
torsiontest2000,testcase-1820,UXNHSCSOCKZTDI-UHFFFAOYSA-N,CNC(=O)CN(C)C(C)=O,4-6,10,gauche_effect,0,10.004221257870086,0.043880671321042425,0.016942720369530415,0.21448200259921257,0.6548704917554223,0.4402565510866442,2.961565257095428,0.44038848915620976,1.4979195561719791,0.11152256285809803,0.14501277736195,0.8134555891704506,0.02458891309806891,0.002426996013354467,0.002244857226602937,0.01227086712957301
torsiontest2000,testcase-1821,UXNHSCSOCKZTDI-UHFFFAOYSA-N,CNC(=O)CN(C)C(C)=O,6-7,10,anomeric|conjugated,0,8.793379519775044,0.9592925449765831,0.013864430624490082,0.10250922434637866,2.559923059683849,0.3241423256129301,2.6135885136998156,2.45741383533747,110.34674063800276,0.6658168150560752,0.8760104962800424,0.08741361654744724,0.02271145654802032,0.011279943639389117,0.001470861634958852,0.0011136253501421109
torsiontest2000,testcase-1823,YNQLUTRBYVCPMQ-UHFFFAOYSA-N,CCc1ccccc1,2-3,8,biaryl,0,0.8851529062958434,4.092067361999769e-05,0.12921275681173133,0.011804463684460392,0.011995876538516297,0.12051795534218658,0.3338700381352497,0.0001914128540559043,0.0,0.0009446207888776229,9.094250378141397e-06,0.8707646435290476,1.3505408842940975e-05,0.1197912136836065,0.00021489188664590853,0.009206651241478918
torsiontest2000,testcase-1824,VDILAOANERKSHE-UHFFFAOYSA-N,CONC(=O)C(C)C,2-4,8,plain,0,5.6269944212108385,0.6732505193805597,0.02073169465769086,0.04186387864683749,1.5615118707720612,0.2770971524468715,1.9028562443841137,1.5196479921252237,67.90568654646324,0.5087579587654361,0.5059036296586046,0.330987647471998,0.14237702821170647,0.0177506907639188,6.524084364657252e-06,0.0029744798094074026
torsiontest2000,testcase-1825,SOZXKDHEWJXRKV-UHFFFAOYSA-N,CONC(C)=O,2-3,6,anomeric|amide|conjugated,0,12.968736192357028,0.035649268212352786,0.04871159213452356,0.45014274854461855,0.824901281843226,0.9249567385333614,3.688676948276753,0.3747585332986074,128.32177531206662,0.17306132076006872,0.4604222822362345,0.47204871429534895,0.018817411333893034,0.03475995854648852,0.009919592978776332,0.0040320406092587
torsiontest2000,testcase-1826,SOZXKDHEWJXRKV-UHFFFAOYSA-N,CONC(C)=O,3-4,6,anomeric|conjugated,0,15.665447941748425,0.4022601701348537,0.05985438254718059,0.9299359752813623,3.7276453106525507,1.6744153443607033,5.7669904029390056,2.7977093353711884,2.4965325936200315,0.374458030440757,0.011176257202773193,0.9238454937640228,0.005123866486023456,0.035855132893088254,0.000335597812254329,0.023663651841838006
torsiontest2000,testcase-1827,BGAFKRNFTPBVMG-UHFFFAOYSA-N,CC(=O)NO[C@H]1CCCCO1,4-5,11,stereocentre_adjacent,0,6.9139547242666595,0.5952289082107287,0.015929002282314222,0.0920716834086775,1.4908221551705358,0.26024658825504143,1.9308483140312547,1.3987504717618584,0.0,0.49758895525831937,0.5898765578263618,0.1512776851800011,0.24291675471132315,0.000954272130833262,0.012576345138983746,0.0023983850124972153
torsiontest2000,testcase-1828,VCTHVEWNIKUJCO-UHFFFAOYSA-N,CNC(=O)[C@@H](OC)C(C)C,2-4,10,stereocentre_adjacent,0,6.454847540182527,0.02316815066371136,0.006842626082705557,0.01403260173025524,0.26970592388853865,0.14704637822470645,1.7695786000412073,0.2556733221582834,0.4993065187239836,0.11511606305578258,0.06225623906790911,0.09009704165153672,0.8408040931978488,0.0025439990684654476,0.0012971751968748634,0.003001451817365246
torsiontest2000,testcase-1829,ZXNNVOLXHKFKMT-UHFFFAOYSA-N,CC(=O)NC1(C)CCCCC1,3-4,11,plain,0,6.100918377691414,0.63666955281086,0.005327552650876971,0.013009670938935871,1.7094535367140062,0.15690944389278758,2.1423764200869426,1.6964438657750704,120.83217753120664,0.4592123832127829,0.44948804922358027,0.38688678804636484,0.15829761007917778,0.003784624825854227,0.0009085870707248032,0.0006343407542979417
torsiontest2000,testcase-183,ANGYWYGWVFZLCQ-UHFFFAOYSA-N,CC(=O)NCC1CCN(C)CC1,5-6,12,plain,0,4.317738301760983,0.0824853696441665,0.0033900238282090225,0.025066715733995167,0.39197744060870765,0.08316937367285668,1.3622492061517057,0.3669107248747125,122.82940360610263,0.11586203984973631,0.06957489783275979,0.016021382963143125,0.9110136953758882,0.0013715344635381213,0.0014193696281692585,0.000599119736501643
torsiontest2000,testcase-1830,KFCZJTBNVVJPKU-UHFFFAOYSA-N,CNC(=O)N1CCCN(C)CC1,2-4,12,anomeric,0,16.555028708127793,0.07380689581178715,0.06207811447238641,0.8139234524786463,1.4631456396120048,1.3805338383547794,4.548855670100711,0.6492221871333586,0.0,0.1802566487613759,0.02614338306067009,0.8235797870443837,0.08819871542255993,0.03115261202561781,0.022198166710198156,0.008727335736570441
torsiontest2000,testcase-1831,KPLNYJPGYGPMDF-UHFFFAOYSA-N,CC(=O)NCC(C1CC1)C1CC1,4-5,12,plain,0,4.547162828384899,0.042666801382038544,0.01731033195688863,0.05060053284586364,0.2980122910616839,0.19378663202131607,1.422693828920279,0.2474117582158203,7.988904299583908,0.12569164473294117,0.030329785264306394,0.06070593667488739,0.8916539461039176,0.007444359555248987,0.008363486694313747,0.0015024857073258951
torsiontest2000,testcase-1832,KVFFWLOANKFMDH-UHFFFAOYSA-N,CC(C1CC1)C1CC1,2-3,8,plain,0,4.411200500035193,0.9182131674753338,0.02821211067350602,0.01961170868050741,1.1237859814573452,0.1979306840889851,1.172763279628132,1.1041742727768378,23.966712898751723,0.4031646014104842,0.07068372959915349,6.45827087084666e-05,0.9010395770186319,0.003876891454423922,0.017969103814107486,0.006366115404974609
torsiontest2000,testcase-1836,TYKALBWEPNHUGZ-UHFFFAOYSA-N,CS(=O)(=O)C1CC1,1-4,7,plain,0,4.718912142387126,0.7159047777632266,0.00213343242619004,0.012035044309317417,1.4445019254357863,0.07976559404231064,1.7072072127640345,1.432466881126469,31.95561719833563,0.5005346168395057,0.33500969132268243,0.33023339124199363,0.3326234850091339,0.00020346879427868208,0.00011446412566022709,0.0018154995062511312
torsiontest2000,testcase-1838,PAVMRYVMZLANOQ-UHFFFAOYSA-N,CC(=O)N[C@@H](C)c1ccccc1,4-6,12,stereocentre_adjacent,0,1.30782207287848,0.043884894732962226,0.18444109834769828,0.14153730869818817,0.16543063656978702,0.22551826111247983,0.4326232259669533,0.02389332787159884,3.4951456310679703,0.03533784667562655,0.0038616695848000568,0.810838854790384,0.0008583772771178797,0.022553679989900904,0.0028812663993149227,0.15900615195848247
torsiontest2000,testcase-1839,RIZAKOWAFYZHGV-UHFFFAOYSA-N,CC(=O)N[C@H]1CCOC1,3-4,9,gauche_effect|stereocentre_adjacent,0,6.793089493003208,0.40436553554701204,0.022660146787051135,0.3237884683523413,1.4303510882314119,0.46218364549301794,2.214749572308028,1.1065626198790706,5.492371705963933,0.4230941573085625,0.7030491945059203,0.08054336582720593,0.19374729287982256,0.009664620032977552,0.004551653735779406,0.008443873018294176
torsiontest2000,testcase-1840,XDPCNPCKDGQBAN-UHFFFAOYSA-N,O[C@@H]1CCOC1,5-6,6,stereocentre_adjacent,0,2.511565813154448,0.143637856357835,0.04488780278417653,0.10059247132323902,0.2839569981488621,0.17931688066560703,0.7078307678948411,0.1833645268256231,97.86407766990288,0.11486276564178083,0.5712239967303933,0.008768250802622541,0.37511994968280765,0.036086707846845874,0.006308085097915944,0.0024930098394147083
torsiontest2000,testcase-1844,CRTMNLMGAHLKCN-UHFFFAOYSA-N,COCCC1CC1,2-3,7,plain,0,5.369480057939654,0.02234679679123791,0.0013646963281522056,0.004218835929526541,0.22118683378970685,0.0548127132865507,1.4793637693592896,0.2169679978601803,115.83911234396669,0.10795383054642317,0.1921428024630037,0.10568235182802295,0.7008101493808212,0.0011139408369961433,0.00010236907698785902,0.00014838641416820342
torsiontest2000,testcase-1845,SEIAKPVXZWHHTC-UHFFFAOYSA-N,CC[C@H](NC)C1CC1,2-3,8,stereocentre_adjacent,0,5.155902811267879,0.09778468342522396,0.003722083099285755,0.014874248238788867,0.48641918169542897,0.09601532670798023,1.554863115836533,0.4715449334566401,0.4993065187239836,0.11934125076173,0.09555330581947509,0.08557283974510835,0.8151517713361308,0.0027484790446230707,0.00027109191879803163,0.0007025121358646524
torsiontest2000,testcase-1846,MNOTZLJPSPXHLO-UHFFFAOYSA-N,C[C@H](NC1CCC1)C1CC1,2-3,10,stereocentre_adjacent,0,5.129175723617664,0.14763909922723847,0.006575048167731152,0.04279377979476034,0.5275466743390804,0.11892831262806565,1.3691117330255917,0.4847528945443201,3.4951456310679703,0.22970256068479225,0.13342630954819878,0.1778697348059003,0.6821289074781698,0.001357594562930202,0.0015033420028567365,0.003714111601944213
torsiontest2000,testcase-1847,NSYBDFQROOSVMA-UHFFFAOYSA-N,Fc1ccc(C2CCC2)cc1,3-4,11,biaryl,0,0.6182667842367664,0.31427827950773674,0.9848859180487627,0.010927226185470292,0.12174926526042561,0.21493577228641525,0.2165744478881296,0.11082203907495532,100.8599167822469,0.05133234039036776,0.002345048014564188,0.012343484950109116,0.00042554898656399574,0.965630601122753,7.19382975020404e-07,0.019254597543034546
torsiontest2000,testcase-1848,LHPZMAVVVASJPR-UHFFFAOYSA-N,CN1CCCC[C@@H](S(C)(=O)=O)C1,2-5,12,stereocentre_adjacent,0,5.320879166480154,0.0703992414624712,0.006220770153025664,0.020040293023348574,0.42133301762465136,0.12669909848882424,1.5862963736303062,0.4012927246013028,5.492371705963933,0.12523384965973366,0.09327563997599908,0.07024351332599302,0.8302600765449821,0.0006133029614762413,9.585736752761399e-07,0.005606508617874147
torsiontest2000,testcase-1849,RUOFIIKCANAEBW-UHFFFAOYSA-N,CCN1CCCCCC1,6-7,9,plain,0,5.975980201328639,0.3475362809232684,0.026649378779211776,0.2360687416488773,1.0767761384569903,0.37465009401474425,1.7976541802913664,0.8407073968081129,96.86546463245492,0.34536672626094683,0.19983008687426204,0.21814814787304523,0.5553723864734809,0.011575372297849761,0.009448402011895516,0.0056256044694665015
torsiontest2000,testcase-185,DJQUVKALZASWTJ-UHFFFAOYSA-N,CN(C)Cc1cccs1,2-3,9,biaryl,0,5.329704101081006,0.9305095539638248,0.02411801172411125,0.07207500357388189,1.457056096216711,0.2451261046862635,1.5103545925978281,1.384981092642829,130.81830790568654,0.46898921063803467,0.023316457407809337,0.9363710627731939,0.016194468094885638,0.01639949172466618,0.006409558792463611,0.001308961206981457
torsiontest2000,testcase-1850,KVNRLNFWIYMESJ-UHFFFAOYSA-N,CCCC#N,3-4,5,plain,0,3.922980849078158,3.327850163701689e-08,0.00042234907541771854,0.0025134718239167254,0.002523629259138225,0.025605836156878895,1.2399422581733472,1.0157435221499686e-05,123.32871012482661,0.00012003065001751834,0.004544678053232867,0.019459457507594136,0.9755735153637553,0.00022846388683771284,0.00013213827516693664,6.174691341306905e-05
torsiontest2000,testcase-1852,UYFBSIJFMJLIAZ-UHFFFAOYSA-N,c1ccc(NCC2CC2)cc1,3-4,11,plain,0,4.984344987082295,0.898425686201123,0.01055061806645393,0.15243416435234203,1.2587605633486503,0.20388847995012088,1.3270226152685631,1.1063263989963081,24.965325936199747,0.45650721333296645,0.0788734837651861,0.28616741881902835,0.6244084793493315,0.0030959468095684375,0.005221954034923431,0.0022327172219620615
torsiontest2000,testcase-1853,UYFBSIJFMJLIAZ-UHFFFAOYSA-N,c1ccc(NCC2CC2)cc1,4-5,11,conjugated,0,6.781454285723157,0.040068564744687785,0.01920420805171125,0.1591563536099863,0.3761647053039576,0.2846204292047324,1.7101434189085918,0.2170083516939713,7.489597780859924,0.1424274229129521,0.5115833673570506,0.09456704170462857,0.3746453828866097,0.013807684727206235,0.0022536522456551612,0.0031428710788498552
torsiontest2000,testcase-1854,PSKWYWANKQMURA-UHFFFAOYSA-N,CNc1ccc(OC)c(F)c1,5-6,11,plain,1,2.438948497059755,0.0013031560513831022,0.03767910046391924,0.023825057321253208,0.03261239608213504,0.12209402438338986,0.6173592359615306,0.008787338760881828,0.0,0.008850545004452233,0.4248072871789629,0.011937702459571575,0.5255759098975462,0.035939982032959915,0.00043734011146185904,0.001301778319497467
torsiontest2000,testcase-1855,OHLVGBXMHDWRRX-UHFFFAOYSA-N,COCC(F)(F)F,2-3,7,anomeric,0,3.7847021441557445,9.652143032461918e-07,0.000710423097595158,0.002200574864393771,0.002564307872033021,0.03578385328356827,1.3400049276448498,0.0003637330076392501,0.0,0.0006620355928707795,7.138272120468796e-06,0.0006196849384614507,0.9986627536918229,0.0006360788774374694,1.602974526967611e-05,5.831447488801269e-05
torsiontest2000,testcase-1856,UGPSGKBXOZVVCV-UHFFFAOYSA-N,CC(=O)NC[C@H]1CNCCO1,4-5,11,gauche_effect|stereocentre_adjacent,0,6.206916673516389,0.26697237714080224,0.0476608123590183,0.34321171868903355,0.9165369275713086,0.49672143528838303,1.6802127548593542,0.573325208882275,124.82662968099862,0.373869331842474,0.21222339701671755,0.060402476615021766,0.6797133140092426,0.014529751287703544,0.022139453435439927,0.010991607635874827
torsiontest2000,testcase-1857,GXRKYXSPKANNAK-UHFFFAOYSA-N,CN(C)C(=O)[C@@H]1CCCNC1=O,3-5,12,stereocentre_adjacent,0,15.536997562798206,0.7843341388305527,0.04294325025937002,0.34196643418923767,3.4622824244959225,0.8757068617176696,3.9053002419499374,3.120315990306685,160.27739251040225,0.6193434333672867,0.6235652202420412,0.21289231055426683,0.12059921894432205,0.029504976012297256,0.009813873292419627,0.003624400954653139
torsiontest2000,testcase-186,OJEGAMHXVWSGDH-UHFFFAOYSA-N,CNC(=O)CSC,2-3,7,anomeric|conjugated,0,4.800342540023848,0.4536241717620951,0.0052342123194467904,0.221809826501013,1.0257128607806247,0.2465189169121322,1.5033407674981698,0.8039030342796117,24.466019417475735,0.3804845384665748,0.8787332469781033,0.1028412276060923,0.013191313096357515,0.00029299212620298725,0.0033901810089446314,0.0015510391842991716
torsiontest2000,testcase-1860,RSHOGRPEOYNOBS-UHFFFAOYSA-N,COCC(=O)NCC(=O)O,2-3,10,anomeric|conjugated,0,7.131324046466034,0.2750813726752571,0.05130546422187533,0.366010097828614,1.2062696607144985,0.6167384298769607,2.2218519982649676,0.8402595628858844,46.934812760055536,0.26937154235918176,0.4886992307279564,0.45389873571628164,0.006096569333886707,0.02671893010342086,0.015126200961038243,0.009460333157416227
torsiontest2000,testcase-1861,UFYYXGYSAXZHIH-UHFFFAOYSA-N,CC(=O)N[C@H](C(=O)O)C1CC1,4-5,11,anomeric|conjugated|stereocentre_adjacent,0,4.763245178328361,0.4861680161777981,0.00015767865801751723,0.011606558992207807,0.8956105759904764,0.0198700658816051,1.2844203948553239,0.8840040169982686,17.475728155339766,0.32559631031956543,0.31312930314879456,0.6140444626726324,0.07266855552055561,1.945801094431604e-05,4.040744798498821e-05,9.781319908821299e-05
torsiontest2000,testcase-1862,UFYYXGYSAXZHIH-UHFFFAOYSA-N,CC(=O)N[C@H](C(=O)O)C1CC1,4-8,11,stereocentre_adjacent,0,4.455437472672202,0.9246362379173009,0.010986309264256191,0.030931648300134135,1.1267083386011163,0.1266056756659822,1.1716928394284982,1.0957766903009822,115.8391123439667,0.4116969990949753,0.18611639067664376,0.07189874561188954,0.7309985544472105,0.004452715673756865,0.005596725128036649,0.0009368684624626774
torsiontest2000,testcase-1863,OUIGJCVSVHDWBF-UHFFFAOYSA-N,C[C@@H]1[C@H](N(C)C)CCN1C,3-4,10,stereocentre_adjacent,0,18.106689596548676,0.2815747663863853,0.3742438748072271,2.196851009743483,2.887768065395197,3.08145759659705,4.159635215879056,0.6909170556517141,8.48821081830792,0.4252872486825507,0.045973922924809986,0.4347655095281711,0.14501669273979192,0.13002487131090532,0.03375406881974548,0.21046493467657623
torsiontest2000,testcase-1864,SSDWQEONEAXDEB-UHFFFAOYSA-N,C=CC(=O)N1CCC[C@H]1C,6-7,10,anomeric|conjugated,0,17.90960871562129,0.014714571948733938,0.033570764709261375,0.5856211050299106,0.8848161965394348,1.1604633094434504,5.499246838419711,0.29919509150952417,5.9916782246879166,0.10887064104900952,0.022900631433245586,0.8933979092105208,0.05013069464697226,0.023098833543872786,0.00875940066900368,0.0017125304963849111
torsiontest2000,testcase-1865,SLENVLASKTZHDW-UHFFFAOYSA-N,C=Cc1ccccc1C#N,2-3,10,biaryl,0,3.2677639814501163,7.028473787485596e-08,0.12127008193435716,0.013071113112658635,0.013074176925695742,0.37199966993729044,1.0676530065134215,3.0638130371074546e-06,46.93481276005548,8.198786150508111e-05,0.19452784204278137,0.6841229269866947,7.91490361667139e-05,0.12123112887332164,2.9359683511649418e-05,9.593377523874217e-06
torsiontest2000,testcase-1866,NAJUGSSKVSSPDZ-UHFFFAOYSA-N,COC(=O)[C@H](C)C1CC1,2-3,9,anomeric|conjugated|stereocentre_adjacent,0,2.0460653125774115,0.7162176558779039,0.020348243774241825,0.0030751121468652345,0.5192187987326349,0.08756922618291156,0.6135157619204231,0.5161436865857696,179.25104022191397,0.20389062813320763,0.21284660239095035,0.703978000561074,0.06282715327373392,0.0196215492741106,0.0006454849373102765,8.12095628209461e-05
torsiontest2000,testcase-1867,NAJUGSSKVSSPDZ-UHFFFAOYSA-N,COC(=O)[C@H](C)C1CC1,2-6,9,stereocentre_adjacent,0,4.553036276134662,0.9340273188746908,0.024174879046444397,0.0724292646159436,1.1130402117425127,0.19280775022502522,1.151517116524205,1.040610947126569,26.96255201109571,0.4120223599880111,0.05200239407290303,0.1224233223568446,0.8013994045238079,0.0015462085880434528,0.008201227135825556,0.014427443322575385
torsiontest2000,testcase-1869,QZKLQFHRGSEEPF-UHFFFAOYSA-N,CS[C@@H](C)C(=O)N(C)C,2-3,9,anomeric|stereocentre_adjacent,0,4.69656402990222,0.6745217457120852,0.009732189177199023,0.08332097390643912,1.0837840801230627,0.1542384192996206,1.3183376409424388,1.0004631062166236,114.84049930651872,0.45056286196417267,0.36937005278647767,0.41313172451950875,0.20776603351681447,0.0001814187504657485,0.006869701328515852,0.0026810690982174215
torsiontest2000,testcase-187,YPGCWEMNNLXISK-UHFFFAOYSA-N,C[C@@H](C(=O)O)c1ccccc1,6-8,11,stereocentre_adjacent,0,3.0880068714614026,0.4061170164667796,0.03180814927322973,0.21119375777214117,0.5403290333917156,0.2529349386294069,0.8084988361868213,0.3291352756195744,159.77808599167827,0.2242945036162175,0.3913796651424509,0.5490563103594178,0.027755875224901617,0.001955375284970899,0.01508267992840637,0.014770094059852466
torsiontest2000,testcase-1871,SBJPKUSFMZKDRZ-UHFFFAOYSA-N,CS[C@H](C)C(=O)O,1-2,7,stereocentre_adjacent,0,4.393007404345553,0.18130247194270882,0.021060895416786164,0.027872641568629616,0.49950598578466143,0.17225081399303382,1.1716140582726027,0.4716333442160318,3.994452149791954,0.1646888317006082,0.1475597297037268,0.4629379194278398,0.36844145545164725,0.013334434078694698,0.0011898844896344534,0.006536576848457014
torsiontest2000,testcase-1872,SBJPKUSFMZKDRZ-UHFFFAOYSA-N,CS[C@H](C)C(=O)O,2-4,7,stereocentre_adjacent,0,3.345424269908108,0.38911026846784447,0.022395642525692466,0.016512329023706685,0.6054110105849154,0.14612498946289224,0.9703205166183588,0.5888986815612087,4.993065187239949,0.27625780059430627,0.3408573730489393,0.5938061622182644,0.042940822207103914,0.01990153315997421,0.0010740645384918683,0.001420044827226389
torsiontest2000,testcase-1873,FPULJIHNWKBSCZ-UHFFFAOYSA-N,CC(=O)N1Cc2ccccc2C1,1-3,12,anomeric,0,15.547022791928612,7.028306855718156e-09,0.023413424115527257,0.206073679509781,0.20607418973276087,0.8619733929667658,5.473803376677539,5.102229798659152e-07,0.0,0.0001730977645825383,0.014256329452913621,0.9359632112431022,0.026367035188456837,0.019457610542894358,0.003711326969150371,0.00024448660348252863
torsiontest2000,testcase-1874,ZPSMRFWMCKSRPK-UHFFFAOYSA-N,O=C(C1CC1)N1CCCCC1,3-4,11,anomeric|conjugated,0,19.729548292409163,0.054496349157305245,0.14975505859770785,1.377212052940733,1.9407735545662754,2.6523816612533366,6.017376722514766,0.5635615016255424,12.48266296809993,0.2623103495956788,0.027148972250355834,0.765131717545342,0.057964251606594255,0.10993568066260782,0.021964296480530065,0.017855081454569984
torsiontest2000,testcase-1875,RNHBNRIBPSITHO-UHFFFAOYSA-N,CN(C)C(=O)C1(C)CC1,2-4,9,plain,0,6.517762396862963,0.6566428063419971,0.01691149759951346,0.22052671567349813,1.7724870923072418,0.3581792695459411,2.1815307530958212,1.5519603766337435,171.26213592233006,0.5029526311706535,0.3536956258460479,0.581521458762117,0.04787141779232184,0.000794034227831894,0.01466938975392963,0.0014480736177519358
torsiontest2000,testcase-1878,QLTKICRXGFPDCL-UHFFFAOYSA-N,CC(=O)N[C@@H]1CCCN(C)[C@H]1C,3-4,12,stereocentre_adjacent,0,12.911253511207178,0.6321278083078008,0.004690472844622765,0.052794859146120435,3.4867750680230554,0.304922127189818,4.385338683626347,3.433980208876935,22.46879334257983,0.5974556763300705,0.9756058916429657,0.012454332524423547,0.007249302987987655,0.0035637857847605624,0.0008497639966467998,0.0002769230632154031
torsiontest2000,testcase-1879,LPCWDBCEHWHJGX-UHFFFAOYSA-N,CCN1CCCC[C@@H]1C,5-6,9,plain,0,9.831602720398223,0.34550536725812053,0.02722603061616701,0.056982853348008046,1.7311210423375192,0.48901896126878436,2.944056617479659,1.674138188989511,119.83356449375867,0.4584715790556282,0.32856254944764157,0.40406176591297166,0.2401496540232195,0.018405914011482737,0.004051129530235489,0.004768987074448788
torsiontest2000,testcase-188,AYIXGVABNMIOLK-UHFFFAOYSA-N,CN1CCC[C@H](C(=O)O)C1,5-6,10,anomeric|conjugated|stereocentre_adjacent,0,11.243920853477903,0.32826503017916536,0.009694483063389542,0.051841992330252856,1.925617030339727,0.3348351623457452,3.360096601260873,1.8737750380094742,29.958391123439668,0.6146476515483865,0.7807028632029447,0.11815605826203672,0.09144659547162913,0.006689859698479237,0.0011155296097314499,0.0018890937551788547
torsiontest2000,testcase-1880,JUJFZZAZRUJOBU-UHFFFAOYSA-N,CN(C)CCF,2-3,6,plain,0,6.552203937084414,0.043857005321045264,0.0019240449801050214,0.01443782235961747,0.3731055441414175,0.07941321400591687,1.7803312865151453,0.3586677217818,5.991678224687945,0.15355321159459237,0.3735136163485812,0.24926678775038982,0.375295550920924,0.00038844513166479887,0.00024130452712272927,0.0012942953213174934
torsiontest2000,testcase-1881,HXXAUIXTYRHFNO-UHFFFAOYSA-N,CNC(=O)c1ccccn1,1-2,10,anomeric|conjugated,0,17.18016167654423,2.79824815065551e-07,0.04995402890158235,0.2979117581255145,0.2979238107870012,1.170796826111694,5.074705004433361,1.205266148668338e-05,0.0,0.0005088924100240947,0.25322506464960237,0.6964714252575392,0.0003494811912760342,0.045005155921955406,3.9902777608247235e-05,0.004908970202018687
torsiontest2000,testcase-1882,MJHCBNPVMDFHJQ-UHFFFAOYSA-N,CNC(=O)C1=CCCC1,1-2,9,anomeric|conjugated,0,13.06707931557321,0.000983281254364014,0.05278322486583733,0.26087116654346315,0.28884040108099307,0.9451956361737384,3.96288844294729,0.02796923453752992,1.4979195561719791,0.014642017200233693,0.09535865623080995,0.7958687830647185,0.05598933583863411,0.04388717258149255,0.007841431133306145,0.0010546211510386284
torsiontest2000,testcase-1883,MJHCBNPVMDFHJQ-UHFFFAOYSA-N,CNC(=O)C1=CCCC1,2-4,9,conjugated,0,3.7484275995229837,0.0061413143912467235,0.021568686116341804,0.04021251204236146,0.10861191006721993,0.193308107786793,1.288084295637759,0.06839939802485848,4.493758668515966,0.057209180958463744,0.036681227853216015,0.8714096119982544,0.07034047403218788,0.02026395507954786,0.0003465460837842346,0.0009581849530097094
torsiontest2000,testcase-1884,CWEGCQIIDCZZED-UHFFFAOYSA-N,c1ccc(CN2CCCC2)cc1,6-7,12,plain,0,6.000247861200478,0.22965311840012198,0.0789601582673984,0.3876394155559647,0.9290565478961381,0.6287841850965069,1.8040052274271963,0.5414171323401734,3.495145631067942,0.31284159356174557,0.2533461433361172,0.026012905991330874,0.6416807924051535,0.03728571184113239,0.0218404310855904,0.01983401534067561
torsiontest2000,testcase-1885,GAGITJRONXSBFC-UHFFFAOYSA-N,CCCC1CCC1,2-3,7,plain,0,5.2653874273528345,0.010085315296337138,0.004293212649918833,0.009671988718497055,0.13818153958546825,0.0904538247732844,1.3726168385812156,0.1285095508669712,0.9986130374479671,0.06706835064978296,0.20813849680964236,0.05019761311554639,0.7373706774248924,0.001711483006931775,0.0015173052275947569,0.0010644244153923009
torsiontest2000,testcase-1886,HGVMMXPFXSHEKH-UHFFFAOYSA-N,CO[C@@H]1CCN(C)C1,2-3,8,stereocentre_adjacent,0,5.749305681063561,0.4356763703771389,0.00959247494300108,0.05991442964164782,1.2303960364978241,0.19194349721709605,1.8628261025537307,1.1704816068561763,13.980582524271881,0.4013717073387572,0.5162327200985939,0.07307098622218906,0.40110381873621587,0.008678091783275936,0.000264967756256944,0.0006494154034681994
torsiontest2000,testcase-1887,KJQRYKIIRAARDC-UHFFFAOYSA-N,CC(=O)N(C)[C@@H]1CCN(C)C[C@H]1C,8-9,13,stereocentre_adjacent,0,15.703166314109694,0.7695175822974497,0.09236333266857732,0.3757084709051342,4.428274370830069,1.5741382296568982,5.043880723534536,4.052565899924935,149.29264909847439,0.7212008776823536,0.07034257670377615,0.8343338732439406,0.0029602173837059037,0.07812449325856657,0.004226635369263584,0.010012204040747173
torsiontest2000,testcase-1888,NYABMBZLFIIBCU-UHFFFAOYSA-N,C#CC(=O)N(C)C,2-4,7,anomeric,0,16.191455029969802,1.3380845874654175e-06,0.061668838481067495,0.5459314774472449,0.5459640243953445,1.3913613269803145,5.182350887494392,3.2546948099621e-05,0.0,0.0008715997706322081,0.011826358058820855,0.9083928013454726,0.018112002114639023,0.05075692494144917,0.0015940099555419918,0.009317903584076331
torsiontest2000,testcase-1889,IPZCJUOJSODZNK-UHFFFAOYSA-N,CNC(=O)C(=O)NC,1-2,8,anomeric|conjugated,0,18.394745923171286,8.089015925930345e-07,0.04946308543828295,0.32918056761154996,0.3292171853643174,1.258010545726921,5.469280858553906,3.661775276742052e-05,0.4993065187239836,0.0006233209115853567,0.1958124356534592,0.7546672631875728,5.7215720685143284e-05,0.044150806533752696,0.0002765453075581747,0.005035733596972071
torsiontest2000,testcase-189,QCQSLMQVCQKCMM-UHFFFAOYSA-N,CC(=O)N(C)C[C@@H]1CCCO1,2-3,11,stereocentre_adjacent,0,7.136918778996915,0.2762070911594658,0.012607261253915297,0.18410051811331804,1.0435907726939246,0.2864546002567,1.9632039026161108,0.8594902545806066,9.986130374479899,0.35688553005605733,0.40934895208923244,0.0120997221182206,0.5659440645386317,0.010989049772990651,0.0012724826692680933,0.00034572881165655166
torsiontest2000,testcase-1890,IPZCJUOJSODZNK-UHFFFAOYSA-N,CNC(=O)C(=O)NC,2-4,8,conjugated,1,16.976670047995867,4.9171974933504466e-06,0.016745913297664228,0.4174822856692979,0.41761749695416706,0.7475512199087009,4.810157393362188,0.00013521128486915224,0.4993065187239836,0.005358501501090177,0.8977179999171796,0.06845240932343254,0.017083677461723675,0.010871875627593893,0.003666445076485216,0.00220759259358512
torsiontest2000,testcase-1891,YOMZUWSWKXUEHR-UHFFFAOYSA-N,CC(=O)N[C@H](C)c1cccs1,3-4,11,stereocentre_adjacent,0,8.426974565139972,0.40755760531858676,0.004091033415466211,0.10750015691598025,1.6033803813631928,0.19299230743664966,2.5082050618328156,1.4958802244472125,26.463245492371698,0.5214922823828507,0.549332508160208,0.2818303235494949,0.1647461348748307,0.0005649708369188978,0.0028180840936560146,0.0007079784848912981
torsiontest2000,testcase-1892,SYRKANZKKKAWNJ-UHFFFAOYSA-N,C=C1CCC(C(=O)OC)CC1,5-6,11,anomeric|conjugated,0,0.9775605460745282,0.6635550853533941,0.03334130212667738,0.005415550417025948,0.2864808235768065,0.06443328435221078,0.3516665257322945,0.2810652731597805,21.96948682385576,0.12392598110913425,0.6396892449262245,0.18745685003912776,0.13951260290797046,0.0323601095973423,0.000348401642290559,0.0006327908870445186
torsiontest2000,testcase-1893,MAYNRHVBTKYGSD-UHFFFAOYSA-N,CC(=O)O[C@@H](C)C(F)(F)F,4-6,10,stereocentre_adjacent,0,4.787048116908409,0.019255732129495867,0.0006805574343031922,0.005296192032788609,0.23559945268650273,0.04459651326399648,1.697407444621674,0.23030326065371412,2.4965325936200315,0.07257632963399831,3.8859990702339394e-05,0.0004902186413317509,0.9987903639336626,0.0004889275799581163,2.210056019829577e-05,0.00016952929414678025
torsiontest2000,testcase-1894,ZYTPCLPBFINSKL-UHFFFAOYSA-N,CNC(=O)[C@@H](C)N[C@H](C)C(C)=O,4-6,12,stereocentre_adjacent,0,8.008743146550842,0.4225756128658189,0.09575138100867553,0.4568142421863727,1.5642324746716039,0.8460608986682521,2.346296503116265,1.107418232485231,19.472954230235814,0.5156794528238161,0.3509261115666935,0.36540345148304126,0.18791905594158964,0.022168858063929903,0.06137431265996937,0.01220821028477625
torsiontest2000,testcase-1895,IIMQMKFCEJVQAB-UHFFFAOYSA-N,CN[C@H](Cc1cncs1)C(=O)O,2-3,12,stereocentre_adjacent,0,10.13218294782564,0.274498641281856,0.08663816493407855,0.316054407273267,1.2398868654845323,0.7440275441077739,2.310074856263341,0.9238324582112654,6.4909847434119,0.3345243733486092,0.2211269814861937,0.17132976892177926,0.5209050846579486,0.03489482369144211,0.03733173170123161,0.014411609541404836
torsiontest2000,testcase-1896,GDFAOVXKHJXLEI-UHFFFAOYSA-N,CN[C@H](C)C(=O)O,2-4,7,stereocentre_adjacent,0,10.162555326125585,0.05449688723578197,0.028647291969421427,0.38771542046914315,0.9244766281070528,0.7215050473815603,3.6158833538301205,0.5367612076379096,48.93203883495147,0.17815381005682643,0.7710861875755838,0.19226393873503592,0.008002581719958915,0.008419042871188371,0.015413675123279728,0.004814573974953329
torsiontest2000,testcase-1897,GDFAOVXKHJXLEI-UHFFFAOYSA-N,CN[C@H](C)C(=O)O,4-6,7,plain,1,14.295689626480453,0.004170676965282756,0.00032609867336754335,0.04586134821438181,0.2978133414359642,0.09419966792925298,4.556709185270711,0.2519519932215824,1.9972260748959343,0.07070818891763977,0.062190167818303804,0.937091935784147,0.00039179772418169295,1.3339175258731053e-05,0.0002719900014741618,4.07694966346505e-05
torsiontest2000,testcase-1898,OJCSTRVKGJJLRT-UHFFFAOYSA-N,CN[C@H](Cc1cncs1)C(C)=O,3-4,12,biaryl,0,4.531360578839667,0.19753697699269554,0.01841561672185646,0.0440952732760331,0.6360751430505627,0.1986997254090076,1.4283843078698855,0.5919798697745295,155.28432732316227,0.20356893852247895,0.018788994058220265,0.9325094912744818,0.030285897945441384,0.010822915775705369,0.006243950382979699,0.0013487505631713914
torsiontest2000,testcase-1899,ILZIQTUVLRETQD-UHFFFAOYSA-N,CC(=O)N[C@@H]1CCCC[C@H]1C,7-8,11,anomeric|amide|conjugated|stereocentre_adjacent,0,9.80950667441357,0.5605993467339594,0.03046907065196918,0.0802607297814341,2.2119082919787925,0.5215412564443483,2.9533523711292577,2.1316475621973585,77.39251040221916,0.5416411989590374,0.30079581752025314,0.60222237160414,0.06651274022363769,0.02475331323408923,0.003750644662215701,0.0019651127556642493
torsiontest2000,testcase-19,ZUJYBNDKBLXZSP-UHFFFAOYSA-N,Clc1cccc(Cl)c1C[n+]1cccc2ccccc21,8-9,19,plain,0,6.192810440668836,2.6467030042939225e-05,0.0586728590199468,0.157325214225038,0.1578042886047418,0.5995222093403357,2.3935012251037393,0.0004790743797037922,163.77253814147025,0.007555713189866325,0.0012767436411949672,0.9376827647122099,0.0023676326266481797,0.02759123053110796,0.000183623039274361,0.030898005449564486
torsiontest2000,testcase-190,UYVGFIKOUAFDOZ-UHFFFAOYSA-N,CSCC(C)C,2-4,6,plain,0,5.568700245639775,0.16091935854440817,0.020064373449971105,0.06505659728372948,0.6717568336991793,0.2448878435535648,1.6679865980044144,0.6067002364154498,5.492371705963933,0.15078012336906502,0.17998675932555974,0.06886261709931107,0.731086250125158,0.00618763328961391,0.00913783981571039,0.004738900344646807
torsiontest2000,testcase-1902,MGBJNWLJZKYFRG-UHFFFAOYSA-N,CC(=O)NC(C)(C)C(N)=O,2-4,10,plain,0,10.132161942485254,0.10128506894246384,0.09469535033562704,0.3585981837954075,0.9669952245705246,0.9394731101559788,2.84449150876281,0.6083970407751171,154.28571428571428,0.10328777255043045,0.04976152567324264,0.39730498849172874,0.45823813549940157,0.06006929766140055,0.01895228247119773,0.015673770203028743
torsiontest2000,testcase-1903,MGBJNWLJZKYFRG-UHFFFAOYSA-N,CC(=O)NC(C)(C)C(N)=O,2-7,10,plain,0,9.993202143465169,0.7262136147667263,0.019498866466917675,0.08459780916797582,2.8774831372804637,0.4788327575751948,3.3762070180743615,2.792885328112488,89.37586685159505,0.5595195329108535,0.8865142228330359,0.08147173971126151,0.012515170988785034,0.016611819375408825,0.001314227581494374,0.0015728195100144762
torsiontest2000,testcase-1904,MZCXNQXWIHPIQF-UHFFFAOYSA-N,CNC(=O)[C@H]1CCN1C,1-2,9,anomeric|conjugated|stereocentre_adjacent,0,20.360757094982546,0.004325976770949979,0.0726836976762808,0.7160559237834414,0.7960504419951385,1.59532845764614,5.336108855372054,0.07999451821169712,0.9986130374479956,0.020930725553097895,0.2161710209651578,0.7054155168153027,0.005729764543258815,0.05870963709617025,0.0010803422500780156,0.012893718330032531
torsiontest2000,testcase-1905,MZCXNQXWIHPIQF-UHFFFAOYSA-N,CNC(=O)[C@H]1CCN1C,2-4,9,stereocentre_adjacent,0,6.384857615455985,0.06666514153847378,0.0019004501656231635,0.015507987077503529,0.5106402684891512,0.08756171110252642,1.9768725405105696,0.4951322814116477,7.489597780859924,0.1874580061696416,0.7862405476173703,0.14209909956476835,0.06975990265223816,0.0008530160255995844,0.0009024576931900579,0.00014497644683352114
torsiontest2000,testcase-1906,XUIKGNBNCYLDNK-UHFFFAOYSA-N,CC(C)(C)N1CCC1,4-5,8,plain,0,4.994901537807891,0.012665788163100369,0.007319442815489976,0.047649468682411954,0.2068612347454028,0.1602722574797797,1.7892807797410786,0.15921176606299084,114.34119278779474,0.0887015597658094,0.00017237879358979985,0.000881463859796838,0.9916267145311234,0.0007430078653916704,4.76888972754713e-05,0.006528746052822835
torsiontest2000,testcase-1907,ZOASGOXWEHUTKZ-UHFFFAOYSA-N,CCCSC,2-3,5,plain,0,5.222351337375585,0.07459347237503841,0.016640997215866746,0.050451497698015116,0.39222592871652506,0.19051990797664278,1.4250678596102457,0.34177443101850996,117.3370319001387,0.15653847139533444,0.21848980882282548,0.07199857341791939,0.6928706205433884,0.009620346204398538,0.00597894554983658,0.0010417054616316318
torsiontest2000,testcase-1908,HTLZVHNRZJPSMI-UHFFFAOYSA-N,CCN1CCCCC1,2-3,8,plain,0,6.067775893345242,0.2970511754894118,0.006260717771612402,0.025011050719204432,1.0757718277815052,0.15812525886990791,1.9734298550637093,1.0507607770623006,110.84604715672674,0.27983621550746096,0.24535665770334356,0.13028135699214166,0.6181012675329024,0.0017837041947429055,0.00036176329359223665,0.00411525028327726
torsiontest2000,testcase-191,CNFZZUWTHKIJFO-UHFFFAOYSA-N,CN1CCOC[C@@H]1C1CCCC1,5-6,12,gauche_effect|stereocentre_adjacent,0,11.083019200363196,0.6346851011204803,0.04124155615443619,0.3197686618026356,2.2495582153698472,0.6514892087148537,2.813256094542557,1.9297895535672116,3.9944521497919823,0.392632556870135,0.2393713633591405,0.28572994948615893,0.4336571310002643,0.015686664506002684,0.02291252271926831,0.0026423689291651922
torsiontest2000,testcase-1911,PAFZNILMFXTMIY-UHFFFAOYSA-N,NC1CCCCC1,5-6,7,plain,0,2.0755622796423268,0.009176728602346314,0.0011927584655235053,0.009906953400063843,0.06665540992512432,0.02574841140131044,0.6881632985454729,0.056748456525060484,121.33148404993062,0.02609044594733481,0.00015518676380124385,0.009154032594041272,0.989498022176634,0.00016541041273205318,5.279659284287893e-05,0.0009745514599485733
torsiontest2000,testcase-1912,WXDQFYNZAIFOBO-UHFFFAOYSA-N,CN1C[C@@H]2CCC[C@]2(C(=O)O)C1,2-4,12,stereocentre_adjacent,0,11.170617182739079,0.676016252048809,0.0037911035220526963,0.048499936216588574,2.4835329275009888,0.19216905901703793,3.0204009836507923,2.4350329912844,129.32038834951453,0.5990174853269403,0.6773141899959351,0.08386127927005262,0.2350334272119596,0.003301302169829292,0.0002503374086998636,0.00023946394352354045
torsiontest2000,testcase-1913,NSCATPOHERQCFD-UHFFFAOYSA-N,CN(C)Cc1ccccc1F,2-3,11,biaryl,0,6.690009500598535,0.24122603546819676,0.0931356802802704,0.7404547215731253,1.2181089013684248,0.9536606433398555,2.1039116021686834,0.47765417979529945,19.97226074895977,0.36501742185297875,0.47262999004310785,0.3401715046973072,0.09406282497931445,0.013029730973168693,0.012916993386260138,0.06718895592084158
torsiontest2000,testcase-1914,YSDBJKNOEWSFGA-UHFFFAOYSA-N,CC(=O)N1CCN(C)CC1,5-6,10,anomeric|conjugated,0,16.55391109874472,0.02792663543983728,0.07215484263689236,0.6425787753870819,1.0638268817691037,1.5066984084609794,5.113947115611461,0.4212481063820218,170.26352288488215,0.11328189560301087,0.016568880643579868,0.8835968210280117,0.027679455691516048,0.058902186861893524,0.0067519338100920255,0.006500721964906808
torsiontest2000,testcase-1915,AUYRUAVCWOAHQN-UHFFFAOYSA-N,C=C(C)C(C)(C)C,2-4,7,plain,0,2.193225157330744,2.918042210984637e-05,0.0030243111811975023,0.05732319721032835,0.05749646381491242,0.07312890817836352,0.8276817784486975,0.00017326660458406862,118.33564493758666,0.0011867665078139735,0.0002684399836755613,6.950348090771624e-05,0.9966377453542192,1.5367433186709946e-05,0.0001060795168436539,0.002902864231167138
torsiontest2000,testcase-1916,YLGYACDQVQQZSW-UHFFFAOYSA-N,C=CC(=O)N(C)C,3-5,7,anomeric,0,14.340685832954478,0.0038573283596212665,0.07616012302881964,0.5635832255759292,0.6239487984726785,1.3164404698158576,4.347642480464781,0.060365572896749264,1.4979195561719791,0.0342178563941821,0.035237014541444726,0.8164717216790393,0.07213114075069643,0.05861735342901163,0.013062839924914452,0.004479929674893548
torsiontest2000,testcase-1917,UUJWIUFWDKDAEE-UHFFFAOYSA-N,CC(=O)N(C)C1(C(N)=O)CCCC1,5-6,13,anomeric|amide|conjugated,0,10.277411415358074,0.8371765921597921,0.047051249641987175,0.08782340108807707,2.9696632122220232,0.7091697133867902,3.245395907307454,2.881839811133946,108.34951456310677,0.670386368234115,0.904892653470406,0.01646498251780701,0.03159111436979988,0.04069655368756045,0.0047288485069026855,0.0016258474475240373
torsiontest2000,testcase-1918,DAIRTVBRYXMDJC-UHFFFAOYSA-N,CCOC1CN(C)C1,2-3,8,plain,0,5.20797260326799,0.007430316727622202,0.0016297513071435986,0.010664938926029452,0.11798268444906727,0.05605326755537485,1.3631591858105452,0.10731774552303783,0.4993065187239836,0.05240202831791498,0.5023129535658803,0.10057285101142614,0.39548444411554995,0.0008824786721224555,0.0005773142214274008,0.00016995841359374237
torsiontest2000,testcase-1919,NVBHAFAVARZYFO-UHFFFAOYSA-N,COC1CN(C)C1,2-3,7,gauche_effect,0,4.435972849052632,0.42078291192651707,0.0098193073790032,0.02674873120721678,0.9525723292446006,0.14789713961095452,1.468147068267517,0.9258235980373838,4.993065187239949,0.3182652412038223,0.5222734664111808,0.016087569587373212,0.45181965662244283,0.003548603098081475,0.006144769284225411,0.00012593499669631374
torsiontest2000,testcase-192,GDCWLPUQJREVLM-UHFFFAOYSA-N,CC(=O)NCC1CCCC1,5-6,10,plain,0,4.221487328992225,0.0853496436039723,0.00346783591005657,0.03916354853977505,0.37223249609133036,0.08426845181216722,1.267661463012237,0.3330689475515553,115.83911234396669,0.19914407232408496,0.061390670899042835,0.01449211233511039,0.9206493808557902,0.0014765963131224233,0.001649282021536138,0.0003419575753980086
torsiontest2000,testcase-1921,XROPMTLHHFSTNZ-UHFFFAOYSA-N,C[S@@](=O)C1(C)CCC1,2-3,8,plain,0,6.442460201040376,0.5552797220102825,0.017083346406178788,0.04568055644602405,1.417042441666125,0.2525855615136979,1.9011951225929198,1.3713618852201008,106.85159500693482,0.48311603251769025,0.07873159642640179,0.12219133293755381,0.7819937242298657,0.009059695570742392,0.0011922877397927772,0.006831363095643616
torsiontest2000,testcase-1922,SURZCVYFPAXNGN-UHFFFAOYSA-N,CCOC(=O)NC,2-3,7,anomeric|conjugated,0,7.025272607948864,6.745684269637419e-05,0.0005957802295131147,0.03528812665713053,0.039930104880694,0.06579557005830435,2.275371549768803,0.004641978223563471,0.499306518724012,0.0065652994251343515,0.5845077877328312,0.30434421010008034,0.11055222193757522,0.00018680199119313658,0.0004057385651337033,3.2396731862749228e-06
torsiontest2000,testcase-1923,NYXHSRNBKJIQQG-UHFFFAOYSA-N,CNC(=O)OC,1-2,6,anomeric|conjugated,0,18.178807723132195,0.20794210073294037,0.1802817186151012,1.979817692018626,2.533935047530176,2.4674124850909283,3.9934658434342194,0.55411735551155,4.493758668515966,0.20923741488360198,0.3630512760987852,0.40290774789788736,0.05375925738822645,0.060423622698289624,0.060508022030273036,0.05935007388653853
torsiontest2000,testcase-1924,NYXHSRNBKJIQQG-UHFFFAOYSA-N,CNC(=O)OC,2-4,6,anomeric,0,12.876267551793717,0.000654364866998374,0.07297623012837173,0.3530171499067362,0.3664995551504008,1.098398695045431,3.866447401254882,0.013482405243664564,0.9986130374479671,0.012685031029702542,0.004041125890761779,0.9175625776528161,0.005420066328050476,0.06500264552767306,0.0011659478673704368,0.0068076367333282355
torsiontest2000,testcase-1925,PWFYXEJZPCACLT-UHFFFAOYSA-N,COC(=O)NC(C)C,4-5,8,plain,0,4.5232402129040565,0.5426685062837004,0.0013984459780404337,0.011248015465644804,1.2115998152382186,0.06252305113336254,1.6446865275501579,1.2003517997725737,103.35644937586687,0.4043923454341639,0.51856437568673,0.21980714736715862,0.26023003096807085,0.00020812303403241092,0.00031887611148009686,0.0008714468325279258
torsiontest2000,testcase-1926,LETYIFNDQBJGPJ-UHFFFAOYSA-N,CCC1(C)CCCC1,2-3,8,plain,0,5.1760600619600154,0.04480979271284718,0.01441166662712253,0.021817790558322815,0.3514471980840646,0.2001191994331946,1.6571929605653306,0.32962940752574177,4.493758668515966,0.1470990104258321,0.0009958650013234694,0.014172785429463142,0.9704196829420908,0.005714427837403584,0.0016703825155997374,0.00702685627411921
torsiontest2000,testcase-1927,MPRCFTQSLBELPF-UHFFFAOYSA-N,CNC(=O)c1cscn1,1-2,9,anomeric|conjugated,0,17.63615807390306,0.00015362372319150365,0.06753386313373218,0.4546038874278095,0.4586587719453298,1.354474275496729,4.930733597301158,0.004054884517520285,0.4993065187239836,0.011435380553354364,0.17969662936074124,0.7489879234493507,0.003781584056175891,0.05725677395569047,0.00028574176586980085,0.009991347412171905
torsiontest2000,testcase-1928,SASNBVQSOZSTPD-UHFFFAOYSA-N,CNCCc1ccccc1,2-3,10,plain,0,5.83484712059726,0.10969723706449806,0.0032131690694927376,0.018918173305141867,0.5097251654583438,0.08920684741650513,1.5380548294067293,0.4908069921532019,127.82246879334252,0.27179367205990035,0.0916435024865719,0.13190539648936964,0.7732379319545658,0.00235344758300805,0.0005650377953372412,0.00029468369114744614
torsiontest2000,testcase-1929,FLFSLFXDZURNQB-UHFFFAOYSA-N,CN[C@@H]1CCC[C@@H]2C[C@@H]21,1-2,9,stereocentre_adjacent,0,6.102906823070953,0.5637471271353314,0.002676948453205373,0.02046926238875294,1.344417293208845,0.09486675750738591,1.7904820410241613,1.323948030820092,123.32871012482667,0.39413827072362045,0.4205655082377799,0.08406554162763322,0.49269200168138155,0.0003765482444712909,0.0015608134880395305,0.0007395867206945516
torsiontest2000,testcase-193,UHXNGELYUNJESA-UHFFFAOYSA-N,c1ccc(CNc2ncncn2)nc1,5-6,14,plain,0,1.4830920405802317,0.00019782510023769537,0.0867735426153909,0.04670072404189779,0.04710374078246545,0.136980073258288,0.4396393276304739,0.00040301674056766185,0.9986130374479956,0.0029610553808459995,0.6734602363938247,0.23603591337641353,0.0037303076143707886,0.06966306652630631,0.015772183775990316,0.0013382923130942717
torsiontest2000,testcase-1930,WOHLPEUHFSHZAN-UHFFFAOYSA-N,CC(=O)Nc1ccc(F)cc1F,3-4,12,biaryl,0,10.628551225119736,6.779660765207234e-05,0.05209889705350536,0.13553373000328958,0.1374745434758142,0.6523372046600759,2.798890109942495,0.0019408134725246162,0.0,0.007187343372751819,0.8367031464354727,0.03422131522404967,0.07697664128697236,0.04288306397719714,0.008240656212037956,0.0009751768642702599
torsiontest2000,testcase-1931,ALOCUZOKRULSAA-UHFFFAOYSA-N,CN1CCC(N)CC1,5-6,8,plain,0,2.028528891794849,0.0086972835906801,0.001446891038233345,0.004184890069409674,0.06449035474606366,0.026579959034236215,0.690071082725497,0.06030546467665398,121.83079056865466,0.02786594670043204,0.007547697448504913,0.0006523609697087812,0.990353050543553,0.0007062966920974274,9.198804963475646e-05,0.0006486062965011613
torsiontest2000,testcase-1932,CNKGRRQMWOWYIG-UHFFFAOYSA-N,CO[C@H]1CN(C)CC[C@@H]1C,2-3,10,gauche_effect|stereocentre_adjacent,0,6.904395926743746,0.3846220602077169,0.007929659582325973,0.06660939041069201,1.3133243924770464,0.19976345612514806,2.115976492289419,1.2467150020663544,19.97226074895977,0.42059623406760754,0.49811374206475023,0.36676619704063634,0.1271904013122874,0.0038646421795247086,0.0029409348809793347,0.0011240825218219292
torsiontest2000,testcase-1933,BSOVIALCHYCZQT-UHFFFAOYSA-N,CNC(=O)N1CCCCC1,3-4,10,anomeric|conjugated,0,14.51049768034136,0.21773970266860698,0.12706665050953828,1.05412005815076,2.219030242218549,1.8265489112681614,4.315386357293014,1.164910184067789,146.29680998613037,0.13621894960661227,0.06275875174029774,0.7118634298279629,0.09831116792220128,0.07673913867625827,0.04449720132425801,0.005830310509022006
torsiontest2000,testcase-1934,YARKCSPKORTGRN-UHFFFAOYSA-N,CN(C)C(=O)NCC1CCC1,4-5,11,plain,0,5.932730972475838,0.03265676391963143,0.002031210446976056,0.03639848098186689,0.3381289458236475,0.09139861578944848,1.8605785099375605,0.3017304648417806,7.489597780859924,0.10897795265442554,0.5443833576765839,0.38155760797879246,0.07202782389764763,0.0004220435386417561,0.00140734526905308,0.00020182163928121965
torsiontest2000,testcase-1935,PNTPMROTKDTWEL-UHFFFAOYSA-N,CC(=O)NC[C@]12C[C@H](CO1)C2,4-5,11,stereocentre_adjacent,0,6.110990322253201,0.3165553297792949,0.1091823044860465,0.3352924925898334,1.0883404907416592,0.6943952272625673,1.8705846092308016,0.7530479981518258,3.495145631067942,0.22799974634453046,0.22689115089744016,0.06078660369554077,0.6031399409209726,0.06719495274830785,0.026638568152397995,0.015348783585340656
torsiontest2000,testcase-1937,CXYUCHDVLWUDNS-UHFFFAOYSA-N,CCC1(C)CC1,2-3,6,plain,0,4.6976083633780945,0.9245413364744268,0.015441264141532211,0.014048286681764785,1.320623624970437,0.17123759229470278,1.3734541055426877,1.3065753382886722,85.38141470180307,0.44669564972602605,0.0008671004503302657,0.07624110030964588,0.9074505350984916,0.006480866566978302,0.0016520630631768317,0.007308334511377078
torsiontest2000,testcase-1938,WJPJTFLYZKXIOV-UHFFFAOYSA-N,CC(=O)NCCC1CC1,2-3,9,plain,0,3.9457178641750943,0.06263296262656656,0.0018583418479747476,0.03130146352575603,0.3025468314394554,0.06055222344662578,1.202822246609989,0.27124536791369935,121.8307905686546,0.1350241266534918,0.022265370059656932,0.06214444821702925,0.9137318398753389,0.0002351351831841853,0.0015885407092781853,3.466595551237706e-05
torsiontest2000,testcase-1939,VKDNYQKDAXLFIL-UHFFFAOYSA-N,CNC(=O)c1ccc(O)cc1,7-8,11,conjugated,0,4.143195107753854,0.0011836856902950328,6.975219518641777e-05,0.0026382420390838987,0.0483285169715634,0.01200769927907439,1.4026126083285042,0.0456902749324795,0.9986130374479671,0.013371133635287068,0.0020919673481652806,0.9972187771256681,0.0006195033309800771,6.614519699885877e-05,1.9025811469127066e-06,1.7044170406462952e-06
torsiontest2000,testcase-194,UHXNGELYUNJESA-UHFFFAOYSA-N,c1ccc(CNc2ncncn2)nc1,6-7,14,anomeric|conjugated,0,8.323464779998176,3.63750516422789e-05,0.019907530609861425,0.12362612667917633,0.12434853257467157,0.3366350070531119,2.2226212890968076,0.0007224058954952428,0.9986130374479671,0.005525677005993364,0.6459882117305151,0.18555433099579013,0.14854992666383318,0.013981995564305889,0.003700087506226759,0.002225447539328778
torsiontest2000,testcase-1940,BCKXMQIYWWTZDP-UHFFFAOYSA-N,CNC(=O)c1ccccc1O,2-4,11,conjugated,0,9.806228485424072,8.555161675469535e-06,0.05923614727187723,0.19547134691770218,0.1957147633885011,0.8351790609372999,3.341928831256915,0.00024341647079892392,0.4993065187239836,0.0011542504137603477,0.640370106595986,0.2833771851561387,0.01701656097599806,0.05620789038802716,0.0020396806266967157,0.0009885762571533484
torsiontest2000,testcase-1941,BCKXMQIYWWTZDP-UHFFFAOYSA-N,CNC(=O)c1ccccc1O,9-10,11,plain,0,13.020936219254509,1.7074694016532016e-06,0.0012423416605851507,0.11946687752690871,0.11961378311194078,0.1995670667529936,4.536968355843443,0.0001469055850320672,0.0,0.0011018789813272798,0.775718019854197,0.2229980999840737,4.153850114410133e-05,0.00025303371636799607,0.0009749276589853987,1.438028523175576e-05
torsiontest2000,testcase-1942,PYFSCIWXNSXGNS-UHFFFAOYSA-N,CC[C@H](C)NC,2-4,6,stereocentre_adjacent,0,5.106193385348888,0.12547785546023682,0.005297938522580168,0.016483115480301236,0.5785155162807913,0.11996304716751373,1.6325909732639545,0.5620324008004901,116.33841886269067,0.15333227999447707,0.14039416644139344,0.04569864974097351,0.8086092452950527,0.002794238867611596,0.0002480321660429961,0.0022556674889255756
torsiontest2000,testcase-1943,DWLOQDLREIROFM-UHFFFAOYSA-N,CC(=O)N[C@H]1CCN(C)[C@@H]1C,3-4,11,anomeric|amide|conjugated|stereocentre_adjacent,0,5.434124912484549,0.4815193836765437,0.02666841134585056,0.05870165452339054,1.2962869261209446,0.31035444049333993,1.8670804668906043,1.2375852715975542,174.25797503467402,0.39748903172467503,0.3578239404276188,0.329802586988048,0.28570506123848277,0.01840257895575348,0.006323026694410758,0.0019428056956863242
torsiontest2000,testcase-1944,CKJMNUJMNLFIHN-UHFFFAOYSA-N,C[C@@H]1CCCN1Cc1cncs1,6-7,12,plain,0,7.204238303354941,0.22550969054988815,0.020412480099731234,0.37475175689063955,1.0191847558026323,0.4709038729839283,2.030729864280684,0.6444329989119928,2.995839112344015,0.2558131357467588,0.20591775655917482,0.20608936768658384,0.56758039565451,0.00604344297466113,0.008572011598777844,0.0057970255262922606
torsiontest2000,testcase-1945,KPPSPOPQZZDHPC-UHFFFAOYSA-N,CN(C)Cc1cncs1,2-3,9,biaryl,0,5.309245069860481,0.8684252816667689,0.023806881934307314,0.04553986567635687,1.3501476511447708,0.22801255241500248,1.4487137002935966,1.304607785468414,118.83495145631065,0.45625631025863816,0.06041846231714858,0.8694816499683421,0.04629300578020203,0.017069450829823925,0.005640426249895047,0.0010970048545883453
torsiontest2000,testcase-1946,HVCNXQOWACZAFN-UHFFFAOYSA-N,CCN1CCOCC1,3-4,8,plain,0,5.775320426619146,0.2770706724777145,0.005261393154347749,0.019032626138146495,0.9935639555760856,0.13820662341642845,1.887308221630768,0.9745313294379391,111.84466019417476,0.27133508221440444,0.25459278573539423,0.0970936006806416,0.6430522204296164,0.0010831127561998603,0.0006842141889522289,0.0034940662091956587
torsiontest2000,testcase-1947,VFJNVGKMKGPHSE-UHFFFAOYSA-N,CCN1C(=O)CN(C)C1=O,2-3,10,anomeric|amide|conjugated,0,4.410424577537924,3.7353308279838984e-06,0.01530742905747497,0.00870173974107871,0.009214776553813723,0.19427814284614506,1.5687142431084065,0.0005130368127350127,173.25936199722605,0.0011462114132743757,0.010633905659933603,0.974029604246624,2.9061035967421616e-05,0.01315660627462532,0.001965564322654615,0.00018525846019503612
torsiontest2000,testcase-1948,FQBXIFXPYPDIAE-UHFFFAOYSA-N,CN1C(=O)CN(C2CCC2)C1=O,5-6,12,plain,0,2.650251342682168,0.6801549026638997,0.10293321085898792,0.0571500187949912,0.7098955178984011,0.28113811396555904,0.8598838660410925,0.65274549910341,96.36615811373093,0.30087676946602737,0.5999586412992888,0.2660480672088701,0.031060080632853176,0.06862858222061723,0.03321939241451249,0.0010852362238581998
torsiontest2000,testcase-195,KJCJYQYRPOJUKJ-UHFFFAOYSA-N,CC(=O)NC[C@H](O)c1ccccc1,4-5,13,stereocentre_adjacent,0,7.289827789820265,0.4942239853971482,0.054083193377054764,0.3197625220565493,1.557217492484311,0.5970091156801793,2.191322851923214,1.2374549704277618,7.988904299583936,0.519320103062332,0.4406081832606423,0.19597720166099647,0.30933142170130656,0.04731792655748658,0.0035554678616630114,0.0032097989579051686
torsiontest2000,testcase-1950,ZQDZXEFWUCNPMG-UHFFFAOYSA-N,COC(=O)[C@H](C)Cc1ccccc1,4-6,13,stereocentre_adjacent,0,4.552712639153469,0.06560264108829905,0.007008819363581291,0.06452129046923119,0.3523143511384966,0.13030540754022485,1.3538034393348684,0.28779306066926535,0.0,0.16016908648096218,0.058166579253139235,0.018043131228051387,0.916781470155228,0.002775215013015314,0.0011952365255223267,0.0030383678250436503
torsiontest2000,testcase-1951,WUOZZMMDWGYARE-UHFFFAOYSA-N,CCC1(C)CCC1,2-3,7,plain,0,5.238933440938126,0.23426013309315363,0.012475841093598741,0.01886686393393735,0.7626514005215541,0.17695453642106518,1.575342253590268,0.7437845365876168,10.984743411927866,0.2586365123557105,0.0016153786411708696,0.035625748892377025,0.9502830313728533,0.0065590282969051105,0.001437166364489887,0.0044796464322037445
torsiontest2000,testcase-1952,LYPXBROZPSDRTH-UHFFFAOYSA-N,CC(=O)NC1(c2ccccc2)CCC1,4-5,14,plain,0,2.456503950932529,0.2123609420741464,0.40368043114213653,0.031997706362662505,0.3266687421710588,0.4493652488740666,0.7061925261149034,0.29467103580839626,175.75589459084608,0.10779608875226118,0.00017593105316712925,0.5959134715694332,0.0002301662352630311,0.39202694687280776,7.334867155772469e-05,0.011580135597771091
torsiontest2000,testcase-1953,LYPXBROZPSDRTH-UHFFFAOYSA-N,CC(=O)NC1(c2ccccc2)CCC1,5-6,14,anomeric|amide|conjugated,0,7.016569338622503,4.295093253350114e-05,0.0033713861554231822,0.04463956622380806,0.0464838826491629,0.1232249878931622,1.9785943396323513,0.0018443164253548402,0.0,0.0034643275442339813,0.1293596956487618,0.23959119371782556,0.6276777244779893,0.0032019306667365657,0.00015853048901661248,1.092499967000404e-05
torsiontest2000,testcase-1957,FQBKXPUZNPRRKG-UHFFFAOYSA-N,C[S@@](=O)CC(N)=O,1-3,7,anomeric,0,7.925804780621547,0.3267631443944747,0.04035578295872487,0.34385780327331633,1.2584558303947948,0.5470160478097262,2.1454732851415206,0.9145980271214784,106.85159500693482,0.5137684801624686,0.4849349361402018,0.09057596968130054,0.3841333112197732,0.014895908675504983,0.004712784332489871,0.02074708995073002
torsiontest2000,testcase-1958,ICXDAXAVTWVPKH-UHFFFAOYSA-N,CC[C@@H](NC(C)=O)c1nccs1,2-3,12,stereocentre_adjacent,0,5.346026582177728,0.13883094795230164,0.009272333630607449,0.03965546835858522,0.5676335752926783,0.15161566319104167,1.520233231992032,0.5279781069340931,0.4993065187239836,0.16316564719728144,0.009241490101115019,0.10967947875486292,0.8718066975134146,0.001865382954975852,0.006778334550607419,0.0006286161250241792
torsiontest2000,testcase-1959,RIXKDKQOFCIYLX-UHFFFAOYSA-N,CC(=O)N[C@H](C)c1nccs1,2-3,11,anomeric|amide|conjugated|stereocentre_adjacent,0,8.817566959420219,0.3537478730044447,0.011997109742796313,0.1475416964513626,1.4923179224765868,0.3107374125828984,2.501142349401286,1.3447762260252243,22.9680998613037,0.469766380982802,0.6169121884418411,0.1374240003942573,0.23366670142110524,0.009845960897437282,0.0012561727678960584,0.0008949760774629725
torsiontest2000,testcase-1960,RIXKDKQOFCIYLX-UHFFFAOYSA-N,CC(=O)N[C@H](C)c1nccs1,2-6,11,conjugated|stereocentre_adjacent,0,3.7253108312143013,0.33045717000339403,0.065976992392338,0.21554889067029004,0.6234967350938954,0.3388218285955397,1.0403171146822505,0.4079478444236053,7.988904299583908,0.1781677368565659,0.6519231477700677,0.26924347070531757,0.01285638913227667,0.03343090523208034,0.026649835214898186,0.0058962519453594755
torsiontest2000,testcase-1962,ROSSIHMZZJOVOU-UHFFFAOYSA-N,CSC(C)C,2-3,5,plain,0,3.53231864242116,0.15339251622766337,0.004466335228906952,0.016213534924439346,0.45508928131090176,0.07928145652132307,1.1613446670898686,0.43887574638646243,114.34119278779474,0.14428020961411314,0.14555778755099755,0.06041045898178833,0.7895654182383071,0.000611737602193057,0.00046542166663358475,0.0033891759600803103
torsiontest2000,testcase-1963,MAFQWUIPRRTPNI-UHFFFAOYSA-N,CS[C@H](C)CNC(C)=O,3-5,9,stereocentre_adjacent,0,6.461481741978787,0.34448280432782924,0.0069536177754406245,0.12368714668426288,1.0832987978979858,0.19666800856410155,1.8378106580363653,0.9596116512137229,120.33287101248266,0.4298763283914664,0.19611093878946476,0.2706150583677921,0.5263203850673025,0.0010134195115981388,0.004222028361041375,0.0017181699028011115
torsiontest2000,testcase-1964,ILNIRFDLPDPUTQ-UHFFFAOYSA-N,CC(=O)N1CCOC[C@H]1C,7-8,10,anomeric|conjugated,0,19.43293113389518,0.051013362192935965,0.0880768358006968,1.0542549788718392,1.6611109189753757,1.9890983956078194,5.780443462174666,0.6068559401035365,11.484049930651963,0.23747714214889695,0.015830639496501497,0.860454123698446,0.0356384010043557,0.0631064895175576,0.012383903037449366,0.012586443245689855
torsiontest2000,testcase-1965,LBVMWHCOFMFPEG-UHFFFAOYSA-N,COCCC(=O)N(C)C,4-5,9,plain,0,4.539192981144879,0.48757912877405774,0.018108545446908108,0.042719614734126686,0.9236603679252802,0.18287383193284312,1.3220611931528707,0.8809407531911535,111.34535367545078,0.38744844893565805,0.5194066646582413,0.019653635383456887,0.4428311545113937,0.011170150766714208,0.0061689090810955,0.0007694855990983996
torsiontest2000,testcase-1966,IOXXVNYDGIXMIP-UHFFFAOYSA-N,C=CCNC,2-3,5,plain,0,5.537174339406192,0.4595324317948477,0.03147425651645392,0.04875321872999904,0.9265162378627354,0.24700166815403155,1.3657451948960122,0.8777630191327364,127.82246879334258,0.31876396103801646,0.07071769028226482,0.46368177052769965,0.43412628267358166,0.02137780869425759,0.00716901341394635,0.002927434408249983
torsiontest2000,testcase-1967,IOXXVNYDGIXMIP-UHFFFAOYSA-N,C=CCNC,3-4,5,plain,0,5.807104140520096,0.04961279602569561,0.004272596515503502,0.006145676772025759,0.33609999912997485,0.09880680846788863,1.5087001383347531,0.3299543223579491,144.29958391123444,0.15660082539223705,0.11909865764389885,0.32561653891434267,0.5510122069262549,0.0037513340113908894,0.00018221217036492284,0.0003390503337476898
torsiontest2000,testcase-1968,DIARNCFHXYJNEW-UHFFFAOYSA-N,CNC(=O)[C@@H]1CCOC1,2-4,9,stereocentre_adjacent,0,3.153297745913733,0.8423780872136475,0.032251376697370306,0.09619444041739827,0.8314170166501774,0.18805463655173593,0.9049128743800856,0.7352225762327791,85.38141470180307,0.34495558666861215,0.14026520837701334,0.6854910482408628,0.1419923666847536,0.01544381342584579,0.008557806021995164,0.008249757249529355
torsiontest2000,testcase-1969,VXNZUUAINFGPBY-UHFFFAOYSA-N,C=CCC,2-3,4,plain,0,2.1651286342239473,4.062569971062621e-10,0.010571470280858634,0.0036536487619612604,0.0036536788192285475,0.07568814772426967,0.7352907220788939,3.0057267287088296e-08,0.4993065187239836,5.4402833112770445e-06,0.006493020022416546,8.849659381043636e-05,0.9828470131029143,0.006912306417207677,0.0029371551421579533,0.0007220087214930042
torsiontest2000,testcase-1970,WSSSPWUEQFSQQG-UHFFFAOYSA-N,C=CCC(C)C,3-4,6,plain,0,4.990635642840061,0.11485767932603289,0.002458331320920056,0.009782897199419318,0.5246445962844049,0.07736241379083511,1.5478142278759581,0.5148616990849856,7.489597780859867,0.1503638047785659,0.09673961270702172,0.037796877167418606,0.8630051788046396,0.0005255774954714168,4.5689159196091553e-05,0.0018870646662525476
torsiontest2000,testcase-1971,PXWASTUQOKUFKY-UHFFFAOYSA-N,CN[C@H](C)CO,2-3,6,stereocentre_adjacent,0,8.947239600413013,0.3639584915822698,0.04338425789507132,0.41527012930541374,1.3849188491911568,0.6168641497006436,2.2290066862985074,0.9696487198857431,3.994452149791954,0.47058004152340194,0.27787079289384725,0.08080574931027565,0.5979391999008056,0.02050752750034309,0.01342132962445503,0.009455400770273202
torsiontest2000,testcase-1972,OXWXMAKMIOXDQX-UHFFFAOYSA-N,CN[C@@H](C)CC1CCC1,2-4,9,stereocentre_adjacent,0,4.784145354235079,0.17362987573585004,0.006542894638109337,0.027003091841259173,0.6196310430302348,0.12316579406374788,1.485866582290416,0.5926279511889756,127.82246879334258,0.1942621801400368,0.1722063232646644,0.05082305059183242,0.7704277315053937,0.0016191265214919037,0.0010828937026459962,0.003840874413971437
torsiontest2000,testcase-1973,NEZRFXZYPAIZAD-UHFFFAOYSA-N,CCC1CCC1,2-3,6,plain,0,4.345223051524954,0.18024838049309294,0.008358971142902905,0.012138237761411673,0.5759525251209364,0.12459535790618705,1.3563496664525818,0.5638142873595248,6.9902912621359405,0.22490366260234976,0.10340781088955638,0.000592445951965239,0.8876407720155755,0.001412250264329669,0.005521645008276354,0.0014250758702968823
torsiontest2000,testcase-1974,JBPAABDDWVGTIL-UHFFFAOYSA-N,CCc1cnccc1C(=O)NC,2-3,12,biaryl,0,4.822415390459355,0.04897391434822182,0.020709383046802265,0.0676368613016603,0.3046276881105995,0.20464929922425026,1.343879323719998,0.23699082680893918,10.48543689320391,0.13699279639099443,0.25251476332012146,0.5643086788131307,0.16246717481994544,0.014746275247237513,0.0036917569241610502,0.0022713508754036963
torsiontest2000,testcase-1975,YKBZFLYERLWKEZ-UHFFFAOYSA-N,CNC(=O)c1ccncc1C,7-8,11,anomeric|conjugated,0,2.584929679171182,2.108597905394218e-05,0.40438937388806817,0.058916066722586695,0.05899661088062659,0.43082382232486693,0.6737017004308591,8.054415803989551e-05,0.0,0.0016189126031933973,0.38338896736480854,0.15379202657827143,0.05842963216885204,0.37747874026755346,0.004371225886215976,0.02253940773429871
torsiontest2000,testcase-1976,PLWAKFARFCNHJO-UHFFFAOYSA-N,CNC(=O)c1ccncc1,7-9,10,anomeric,0,16.65746984013822,0.010684444608566043,0.09371892388178069,0.8646655199344362,0.9728197544040206,1.5782355531141252,4.398604256993468,0.10815423446958439,0.0,0.029422085608379514,0.014682380513135298,0.8101542238819115,0.08144447172317248,0.06910254614508361,0.013738774064343576,0.01087760367235349
torsiontest2000,testcase-1977,AICZMNWUKVFBFK-UHFFFAOYSA-N,O=C1CCCN1C1CC1,5-6,9,plain,0,3.025112463743426,0.569737915996698,0.12143457328275235,0.047122160020654155,0.5918217007265038,0.27640667842387423,0.7829976307786614,0.5446995407058496,171.7614424410541,0.2572106523649995,0.2407673835431554,0.5998812361912456,0.03791680698284667,0.1144789103714278,0.0010371189307822634,0.0059185439805422855
torsiontest2000,testcase-1978,ZZFVMUDBGRIBDA-UHFFFAOYSA-N,CN[C@@H]1CNCCOC1,1-2,9,gauche_effect|stereocentre_adjacent,0,6.887962989101652,0.4356974335630504,0.008177562334906364,0.024275617476028473,1.255708443550391,0.17370406019123563,1.9021750064519953,1.2314328260743623,4.493758668515937,0.3833246702303409,0.38505885908968773,0.11325487784729725,0.49350870072810865,0.005837487945561778,0.0012884125311483023,0.0010516618581962844
torsiontest2000,testcase-1979,GBCKRQRXNXQQPW-UHFFFAOYSA-N,C=CCN(C)C,2-4,6,plain,0,6.875716753304005,0.1429790615599525,0.0031466121812342013,0.013724710662128515,0.7169797076361882,0.1072258923374227,1.8958425682740814,0.7032549969740597,0.4993065187239836,0.2474387229353696,0.12502275767139276,0.1869321407006976,0.6848984894466755,0.00015538314542229108,0.00025745561534194344,0.0027337734204699667
torsiontest2000,testcase-198,VIJUZNJJLALGNJ-UHFFFAOYSA-N,CCCC(=O)N(C)C,2-3,8,plain,0,8.425877733679954,0.014054772894719042,0.01466940593775207,0.6468190406050607,0.6786597601233738,0.6800181112026705,1.8496514848986756,0.03184071951831313,103.35644937586687,0.026544525133986564,0.3159092662441634,0.1946060889052694,0.47481523891281513,0.005176440325625811,0.002503958847533849,0.006989006764592409
torsiontest2000,testcase-1980,GBCKRQRXNXQQPW-UHFFFAOYSA-N,C=CCN(C)C,4-5,6,conjugated,0,6.401228437112877,0.5261834750365844,0.03753316208047624,0.0698665004099624,1.1266724617603234,0.30835030517032264,1.5517904472075688,1.056805961350361,104.85436893203882,0.3416836335828172,0.12046249344476945,0.5000753380779971,0.34192900639675716,0.02646528625040999,0.007696836013050407,0.0033710398170158393
torsiontest2000,testcase-1983,MKZRYHJQHATKLV-UHFFFAOYSA-N,O=C(c1ccccc1)N1CCCCN1,7-9,14,anomeric,0,24.368152308219578,0.05059139660969417,0.08070804067007226,1.3601049433972063,1.9411101076115762,2.215784417819918,6.305706629755714,0.5810051642143699,10.984743411927866,0.2551692189452177,0.03538972659591454,0.7398332947283852,0.14406893800562795,0.044933965613887995,0.034118951733712134,0.0016551233224721365
torsiontest2000,testcase-1984,MWVHJMSPEWASOG-UHFFFAOYSA-N,CNC(=O)[C@H]1COCCN1C,2-4,11,anomeric|stereocentre_adjacent,0,10.419956857454963,0.8403002428531277,0.057507503853499474,0.2966471357933512,2.5922906123332954,0.7361184998350019,2.8249561881044696,2.295643476539944,20.970873786407765,0.6759429692926533,0.14851884755004713,0.7473857860077996,0.046587862588653835,0.04336968808699867,0.005192273099392747,0.008945542667108057
torsiontest2000,testcase-1985,FHZVASPNPXYGBN-UHFFFAOYSA-N,C#C[C@H](C)NS(C)(=O)=O,3-4,9,stereocentre_adjacent,0,6.619121636089403,0.6903559056839337,0.0395254601714347,0.2789652219164594,1.798530183340456,0.508492997407888,2.1565400027916835,1.5195649614239966,10.485436893203882,0.5205184863749178,0.6896205946040967,0.19750976607089163,0.07334417915357686,0.008282907518329453,0.021558441781822958,0.009684110871282289
torsiontest2000,testcase-1987,VWJKIEGKFXYPIQ-UHFFFAOYSA-N,CNS(=O)(=O)c1cccnc1,1-2,11,plain,0,7.69444370130077,0.25216918248130177,0.07090808273258095,0.3380905772433116,1.1617626499512175,0.6794755350691727,2.2390504798685518,0.8236720727079059,16.477115117891827,0.26260733733603425,0.049412580119502655,0.7544978581533482,0.12518147899456816,0.04612110337341604,0.013269520102846634,0.011517459256318278
torsiontest2000,testcase-1988,OMIUMOSXILKQNP-UHFFFAOYSA-N,CO[C@H]1CC[C@H]2[C@H]1OCCN2C,2-3,12,stereocentre_adjacent,0,7.399846863991115,0.6189451420780173,0.020941422194787843,0.06502490714066629,1.7723080801553066,0.33220538847226405,2.252172549852539,1.7072831730146403,95.36754507628291,0.5640544878302269,0.7067717787052776,0.06626934256086324,0.20601745653907133,0.004045214746709174,0.01660697928532739,0.0002892281627512796
torsiontest2000,testcase-1989,NKZNPRQIONEKPT-UHFFFAOYSA-N,CN(C)Cc1ccc2ccccc2n1,2-3,14,biaryl,0,5.132276815711521,0.2825601030672702,0.1795190582569452,0.5495712152914423,0.9706821913919051,0.8418812739965396,1.6024119180454632,0.4211109761004629,1.4979195561719791,0.27213134366934677,0.6549723785206826,0.12725394694568085,0.038254616276691286,0.03780623461816815,0.07306068710426322,0.06865213653451384
torsiontest2000,testcase-199,QBDGDTBYIRYNNF-UHFFFAOYSA-N,COc1ccc(B2OCCO2)cn1,5-6,13,plain,0,5.8093868751311675,3.3010075339240787e-07,0.009771261366126332,0.025148281302060354,0.025175931220275928,0.20450173298068902,2.0532656577644115,2.7649918215574137e-05,0.4993065187239836,0.0005399982715190029,2.2963817507538932e-05,0.9901973893235533,8.38549281268337e-06,0.009707591135445342,1.0515143213544456e-05,5.315508746744518e-05
torsiontest2000,testcase-1990,AEHWKBXBXYNPCX-UHFFFAOYSA-N,CCSc1ccccc1,2-3,9,plain,1,3.337641106802039,0.007548828304660639,0.012694270258880199,0.05571420247117375,0.09657846653604926,0.11648754896591199,0.9096781752475113,0.04086426406487551,0.0,0.02823009269190009,0.015474690822259938,0.19704803323631884,0.7747830056825411,0.010033380641200762,0.002432098197596295,0.00022879142008314256
torsiontest2000,testcase-1991,AMWFIKFWXRBICX-UHFFFAOYSA-N,CSc1ccccc1NC(C)=O,2-3,12,biaryl,0,9.372292363434099,4.471064098874238e-05,0.003273899951819133,0.07686495384327059,0.07913811270142505,0.17853571118110903,2.817330737633095,0.0022731588581544615,171.7614424410541,0.009128846340975603,0.40041526974103264,0.5190934756975432,0.07721735460960506,0.00316163945680426,2.1508328026176237e-05,9.075216698869631e-05
torsiontest2000,testcase-1995,ODRLWUIGCMDZHL-UHFFFAOYSA-N,CC[C@H](SC)C(=O)NC,2-3,9,stereocentre_adjacent,0,4.903487958712503,0.046326606357847855,0.0032234977751642636,0.027458261209845135,0.3167653984737603,0.08765486913927563,1.4664282711524814,0.28930713726391516,116.83772538141471,0.08171631255640761,0.10771171194924653,0.08803571383321025,0.8010290764423789,0.0014422479027739036,3.732260094795828e-05,0.0017439272714424017
torsiontest2000,testcase-1996,WECOZIBSYPJXKM-UHFFFAOYSA-N,CNC(=O)[C@H](C)SC,2-3,8,stereocentre_adjacent,1,5.585266811482143,0.2267351438412495,0.05257987383124538,0.7427472814341509,0.9812698462663706,0.8043845783810724,1.5379586313293498,0.23852256483221967,139.30651872399443,0.3142964305277549,0.1555746330607674,0.4393416025792969,0.3525038905286903,0.0020345108936771555,0.043996885102856376,0.006548477834711853
torsiontest2000,testcase-1997,WECOZIBSYPJXKM-UHFFFAOYSA-N,CNC(=O)[C@H](C)SC,2-5,8,stereocentre_adjacent,0,5.571961073146667,0.2788832563094768,0.033734415008439156,0.21565152196070556,0.8837139412297169,0.36789354866222684,1.6370787137416534,0.6680624192690113,23.467406380027796,0.3881657430709838,0.7943647167480559,0.16809530538958908,0.0038055628539158913,0.015666938050410754,0.009472118115555992,0.00859535884247241
torsiontest2000,testcase-1998,KQZCRXVJXGYIFM-UHFFFAOYSA-N,CC(=O)NCc1cccnc1,3-4,11,plain,0,7.8982406192226335,0.020940707791983617,0.005214257618678269,0.02703448526362104,0.33075219023947394,0.1666999150854559,2.2781501750048587,0.30371770497585293,177.25381414701803,0.16514254716988583,0.5613954187303092,0.373156737667069,0.0602335859839436,0.00438323530892034,0.00045303396381037194,0.0003779883459475572
torsiontest2000,testcase-1999,MVKDNXIKAWKCCS-UHFFFAOYSA-N,Cc1cccnc1O,7-8,8,plain,0,9.046819732582662,1.934289198330211e-06,7.910227351810187e-05,0.004775481634782919,0.006185192213631632,0.025586848128308186,2.8263366241981838,0.0014097105788487135,0.0,0.000612874682732826,0.3842641238904021,0.6147686729050567,0.000888100931023278,6.903415974320119e-05,8.702757420973696e-06,1.365356353926991e-06
torsiontest2000,testcase-20,KTFPJNJKRLUABW-UHFFFAOYSA-N,CNCc1ccccc1SC,2-3,11,biaryl,0,7.901312401983887,0.41854090072951033,0.13136044342058037,0.5401756213858244,1.451867026220282,0.9283258875648079,2.1519717308129787,0.9116914048344575,14.97919556171982,0.4774233915098124,0.2599250558211172,0.47210929332307666,0.1366052074352256,0.04033420371764781,0.048483076130816684,0.042543163572115864
torsiontest2000,testcase-200,ACICOFCMUVUPII-UHFFFAOYSA-N,CC(=O)N[C@H](C)Cc1ccccn1,2-3,13,stereocentre_adjacent,0,7.413190052844584,0.16717485237054772,0.007020989296616333,0.1137456059586506,0.8195333808946244,0.20149929691082813,1.9882420387355977,0.7057877749359738,130.31900138696255,0.4421296239870025,0.08520273427198295,0.14941160662619263,0.7583646698052082,0.0058517369676898984,0.00011693871602462202,0.001052313612901813
torsiontest2000,testcase-2000,MDAJUWFLZIUPEK-UHFFFAOYSA-N,CNC(=O)C1CSC1,1-2,8,anomeric|conjugated,0,14.799488786200527,8.787030043146718e-06,0.05132358664640015,0.19528248187058833,0.1957178941463604,1.0161288867214016,4.406009249438103,0.000435412275772068,0.4993065187239836,0.0008726654959249599,0.09485703672497803,0.831743386749129,0.022075989879492653,0.044518849924497984,0.0033777584118000097,0.003426978310102158
torsiontest2000,testcase-2001,MDAJUWFLZIUPEK-UHFFFAOYSA-N,CNC(=O)C1CSC1,2-4,8,anomeric,0,2.2363374253036454,0.5555059480460803,0.06583469254177873,0.11266815362108897,0.5205626108380025,0.20809879012387322,0.6911291062144501,0.40789445721691353,106.35228848821077,0.1861187691218995,0.06159960393463836,0.5169324159739731,0.35563328754960954,0.017482785427271576,0.03003760666366477,0.018314300450842393
torsiontest2000,testcase-2004,AMCPYLPGHCJGNV-UHFFFAOYSA-N,O=C(NC1CCC1)C1CC1,5-6,10,anomeric|conjugated,0,16.582068517280277,0.014028556288538994,0.09550215338859379,0.6543623506507812,0.8363732541297245,1.5084172091203643,4.4462895707928505,0.18201090347894333,0.9986130374479956,0.0439970072327295,0.010553699016055799,0.8637704854328772,0.03017366216247323,0.07204219460041109,0.00803440744998826,0.015425551338194435
torsiontest2000,testcase-2005,UFOAYTOVTNNRKJ-UHFFFAOYSA-N,COC(=O)c1ccccc1C(C)=O,2-4,13,conjugated,0,2.4935076332185417,0.017665453389398122,0.10042773503889192,0.13080257898129635,0.15551197699212077,0.23943400974336243,0.6462125165790465,0.024709398010824418,176.25520110957,0.03778163247292772,0.007658741071866743,0.7238761670235246,0.16803735686571653,0.010378510338511391,0.07806411596519365,0.011985108735186857
torsiontest2000,testcase-2006,XLLIQLLCWZCATF-UHFFFAOYSA-N,COCCOC(C)=O,3-4,8,plain,0,5.43042310612509,0.17808572919236007,0.02401719996940929,0.16042119175065578,0.6597035561501725,0.28453099430888684,1.5248104331608592,0.49928236439951673,142.80166435506237,0.18258777167397783,0.26209287789159486,0.16407881840636926,0.5498111037326264,0.014781381385040513,0.004238334756254514,0.004997483828114262
torsiontest2000,testcase-2007,SOYPZBKNEIEUIG-UHFFFAOYSA-N,CNCc1ccc(F)cc1Cl,2-3,11,biaryl,0,7.792830289457925,0.26004959674515987,0.03688575770833099,0.36282606808357243,1.1338071509731382,0.5434237871422499,2.1374694592863017,0.7709810828895658,146.79611650485438,0.3408039438776922,0.20178266903300301,0.5518643527296981,0.2094672205289678,0.007731223111129293,0.02052744692598227,0.008627087671219424
torsiontest2000,testcase-2011,XVXPRFNJZPAPIE-UHFFFAOYSA-N,CC(C)(C)OC1CC1,4-5,8,plain,0,2.413859744439833,0.0036087515481055743,0.008457784142285934,0.01352156558198747,0.05478983921496726,0.0824008971437489,0.8839489396677134,0.04126827363297979,115.83911234396669,0.017412067085194355,6.638601983795184e-05,0.0017465120234833017,0.9897293178143927,0.0017548277941476858,1.4317594110433186e-05,0.006688638754027814
torsiontest2000,testcase-2017,RYNNQBQENNRWDW-UHFFFAOYSA-N,C[C@@H](CC1CC1)C(=O)O,4-6,9,stereocentre_adjacent,0,5.044412960764021,0.1931449383630559,0.0016164609230566618,0.07671543380289521,0.6379181186180837,0.09613400377025903,1.443027121546431,0.5612026848151884,125.82524271844659,0.20476914047404068,0.17174186041694312,0.0303319050438949,0.7963097736161054,0.0003033709183308688,0.001153225635078862,0.00015986436964693097
torsiontest2000,testcase-2018,FSOMEHAKZJDSCU-UHFFFAOYSA-N,CNC(=O)[C@@H]1[C@H]2CCCO[C@H]21,2-4,11,stereocentre_adjacent,0,5.0578215845744126,0.7961925772567434,0.00014310032790374198,0.024786277385393393,1.3651242634214489,0.030808926265421387,1.5298491686891003,1.3403379860360556,40.44382801664352,0.5197017966122895,0.6208049640116285,0.36073910643656415,0.018312829223903735,7.990106993039415e-05,3.255070412823234e-06,5.9944187560524594e-05
torsiontest2000,testcase-2019,FOTXAJDDGPYIFU-UHFFFAOYSA-N,CCC1CC1,2-3,5,plain,0,3.6657944478356512,0.8442251456407373,0.012402960783038625,0.008711170322447214,1.0531657247128976,0.1279453589380802,1.146212472299261,1.0444545543904504,25.963938973647686,0.39400516841124683,0.10511423389111879,0.017662599119925324,0.8648202062059174,0.0016639203250306065,0.007829174021770337,0.0029098664362376806
torsiontest2000,testcase-2020,CBTGNLZUIZHUHY-UHFFFAOYSA-N,COC(=O)C1CCC1,2-3,8,anomeric|conjugated,0,13.28672320698388,0.00035975548668832935,0.0034793998110447992,0.16906591422596567,0.18495919341875808,0.2880996134914721,3.9583696856199073,0.015893279192792403,0.9986130374479956,0.01261730807857261,0.3242890874879604,0.6669380290786184,0.0052934836223763,0.0022422324539339744,0.0011814948978452998,5.567245926552507e-05
torsiontest2000,testcase-2021,HWHPNCYVVJDMOE-UHFFFAOYSA-N,COC(=O)C1(C)CCC1,2-4,9,plain,0,0.8818302003201097,0.37392333738451755,0.07520346697565834,0.0035586627236164708,0.16468497657639328,0.07392374745515401,0.26927717202125906,0.16112631385277681,118.33564493758672,0.07013947961360807,0.31208535872602194,0.029438078667984112,0.5832730956303356,0.06969198215831109,0.005029627372523725,0.00048185744482352516
torsiontest2000,testcase-2022,AAGVVPCTGYOEIX-UHFFFAOYSA-N,COC(=O)CC1(C(=O)OC)CCC1,4-5,13,plain,0,6.696737852296792,0.0034432404183357933,0.007739917847520456,0.15535963142890227,0.19714803126956407,0.23926860026599786,2.074201842331518,0.041788399840661794,117.83633841886268,0.029902116632615702,0.05009605876146041,0.029677402662073898,0.9124866207289452,0.004811938615773209,0.0023008757908507963,0.0006271034408964508
torsiontest2000,testcase-2023,SGXHANSUXZAOSN-UHFFFAOYSA-N,COC(=O)CC1CCC1,2-3,9,anomeric|conjugated,0,1.2296403547516093,0.2818570707712308,0.03416483704910351,0.002499385013889703,0.18976005956113393,0.06610784703985967,0.3574072430894585,0.1872606745472442,10.984743411927866,0.07951077349773487,0.5871778598397536,0.2834413067294058,0.0952159963817372,0.03312622289682232,0.0004684359369470474,0.0005701782153341413
torsiontest2000,testcase-2024,FCYCWRUKORPVQK-UHFFFAOYSA-N,CC(=O)O[C@@H](C)C(=O)C1CC1,4-6,11,stereocentre_adjacent,0,4.860280899214558,0.5060155389627896,0.056996054514198896,0.1279016490848284,1.0596360502323852,0.37548407557132324,1.4842479769069046,0.9317344011475568,20.471567267683753,0.32143116047450365,0.34665202680796015,0.5445689609642268,0.0517829577136141,0.04096923623176197,0.014605237477071823,0.0014215808053650988
torsiontest2000,testcase-2025,HVCFCNAITDHQFX-UHFFFAOYSA-N,CC(=O)C1CC1,1-3,6,plain,0,5.965259091171902,0.7706171571973447,0.01046656839231603,0.022186411715343655,1.6582172649271574,0.19450425953785555,1.8889182429733427,1.6360308532118137,33.95284327323162,0.4981924836807755,0.1708052550329148,0.8067704014704656,0.011957775104303542,0.006271034229947372,0.003544622713908301,0.0006509114484603567
torsiontest2000,testcase-2026,SVHZXNUPPFHFQQ-UHFFFAOYSA-N,CNC(=O)CNc1ccccc1,2-3,12,plain,0,6.473545735992957,0.2555226857775203,0.015067196175315892,0.08766811634481099,0.9855404847662368,0.2539794975433121,1.9439127859598855,0.8978723684214258,14.97919556171982,0.260806320593537,0.6341690643001454,0.34871102282213057,0.002052716702408067,0.01326384926021475,0.001628959030467263,0.00017438788463387881
torsiontest2000,testcase-2028,QWYAONYIJQRHSS-UHFFFAOYSA-N,CC(=O)NC[C@@H]1CC[C@@H]2C[C@H]2C1,4-5,12,stereocentre_adjacent,0,5.174081037403084,0.2988618029565309,0.010877325176882663,0.04130434027362561,0.774580274896501,0.1532335964411435,1.4154608913558604,0.7332759346228754,7.489597780859867,0.24498781563741626,0.41703945934778797,0.04149312747221865,0.5305900880031108,0.005610114071884261,0.004965986582354484,0.00030122452264391973
torsiontest2000,testcase-2029,MCZZSCSUZONQDT-UHFFFAOYSA-N,CC[C@]1(C)CCN(C)C1,2-3,9,stereocentre_adjacent,0,5.701975487841992,0.011332520301544285,0.011039119829682295,0.03436000048423953,0.20347976257604367,0.20090435206524157,1.8842933587652326,0.16911976209180413,1.9972260748959343,0.09862793268721537,0.0012144763575948918,0.0027608963586893665,0.9849855074540336,0.007599481421860962,0.000403762067032525,0.003035876340788809
torsiontest2000,testcase-203,CYQDIMGVWXDPAG-UHFFFAOYSA-N,CNC(=O)N[C@H]1CC(=O)N(C)C1,4-5,12,stereocentre_adjacent,0,8.008118021301925,0.6031119912409288,0.03962786435117192,0.14775237225206922,1.7932261749774412,0.4813348990525612,2.3059509345351152,1.645473802725372,2.9958391123439867,0.46666022332208545,0.5117321374834977,0.13296883977878293,0.3156711583865476,0.018673816907237722,0.0176085122034952,0.0033455352404389927
torsiontest2000,testcase-2030,LSWLZQGMAHFPLN-UHFFFAOYSA-N,CN1CC[C@](C)(CO)C1,2-3,9,stereocentre_adjacent,0,10.60578731331043,0.27803793138190225,0.04010211685872681,0.46996403620530475,1.5482148378687783,0.731253334903978,2.836813014409339,1.0782508016634735,7.988904299583879,0.4744510932924726,0.18032193014722694,0.09006380143169951,0.6895121515623468,0.01778972047375848,0.01666806423837521,0.005644332146593119
torsiontest2000,testcase-2031,YGGWPDLYLUHWIQ-UHFFFAOYSA-N,CN(C)C(=O)c1ccccn1,2-4,11,conjugated,0,10.03225378273055,9.474637061763197e-06,0.08110478378384475,0.24149496007461996,0.24162608972054853,0.774997366735047,2.597063416626124,0.00013112964592856824,0.0,0.001533671425121374,0.719461693335138,0.19030976024054852,0.009123762640468899,0.06729909571836423,0.004580618895841449,0.009225069169639074
torsiontest2000,testcase-2032,VLQBSKLZRSUMTJ-UHFFFAOYSA-N,CSc1ccccn1,5-6,8,plain,1,5.349233379994985,6.638396851904863e-06,0.0027967138800561583,0.01870535112317163,0.019218154087816276,0.09242790141119293,1.711684783263018,0.0005128029646446451,0.4993065187239836,0.000424135728770354,0.26988591633579495,0.7162358168407085,0.011081552943440385,0.0026094585679435666,7.542333773686887e-05,0.00011183197437572338
torsiontest2000,testcase-2033,GGYRVEUCCUJDFK-UHFFFAOYSA-N,CCN(C)C(=O)NC,2-3,8,plain,0,6.155552866344806,0.0060133894753495384,0.015252341589716717,0.08589505969672549,0.17781345467678938,0.26241094666599096,2.009559974770831,0.09191839498006389,0.9986130374479956,0.02677173764664334,0.29449973787510636,0.6816207331967541,0.008627187338422954,0.0013773134321195377,0.01355098907733558,0.00032403908026159997
torsiontest2000,testcase-2034,YBRBMKDOPFTVDT-UHFFFAOYSA-N,CC(C)(C)N,2-4,5,plain,0,2.2502417714858893,0.001965030660213451,0.0013378835347817005,0.003990861843110712,0.03535579173761382,0.02926026832700577,0.792495558828103,0.03136492989450311,121.33148404993062,0.016181248165929373,5.4408498790901165e-05,0.00041654211658500445,0.9981911658498422,0.0003059214241087618,4.658268689441016e-05,0.0009853794237785285
torsiontest2000,testcase-2035,GELMWIVBBPAMIO-UHFFFAOYSA-N,CCC(C)(C)N,2-4,6,plain,0,4.973639197880402,0.004743338980990891,0.0061795105953505155,0.018145721650053806,0.11957243286116978,0.136113449705921,1.7161453627120713,0.10142671121111597,122.82940360610263,0.028762051864986312,0.0003722876083123708,0.0010343737861393829,0.9924138280101976,0.0008136427502808597,0.0001312097814458259,0.00523465806362383
torsiontest2000,testcase-2036,ZCPADTVDGNXMOD-UHFFFAOYSA-N,CNCC(=O)N1CCCC1,5-6,10,anomeric|conjugated,0,19.440585554402787,0.015247770767208192,0.03345671635533561,0.7169091445046579,0.9877536745263606,1.235726309077986,5.549208196129419,0.2708445300217027,1.9972260748959911,0.06688002068770428,0.018356537329038844,0.9200011788858288,0.02818556742979685,0.02255738649581769,0.007527065917938988,0.003372263941578935
torsiontest2000,testcase-2037,RFAAXZOWTXYPAG-UHFFFAOYSA-N,CN(C)C(=O)CNC1CC1,4-5,10,plain,0,10.6140399708529,0.6232106366487995,0.06425116166716707,0.4434842171551554,2.2742627514420364,0.8424049357026412,2.8601539012350123,1.830778534286881,107.3509015256588,0.5501096037021473,0.8047759219624316,0.05507733017462969,0.07589558619577157,0.03643138215172039,0.01968413348071612,0.008135646034730559
torsiontest2000,testcase-2038,RFAAXZOWTXYPAG-UHFFFAOYSA-N,CN(C)C(=O)CNC1CC1,5-6,10,plain,0,5.590104127128143,0.6811796667809457,0.0315626051451909,0.0191793365925951,1.3756742082039888,0.2967140131621784,1.6667539724315312,1.3564948716113936,25.963938973647686,0.4786129251677676,0.15940426003133087,0.5636286390369943,0.24540449578648382,0.015212277302919828,0.015915641361515773,0.0004346864807552971
torsiontest2000,testcase-2039,VEBLEROFGPOMPB-UHFFFAOYSA-N,CNC1CC1,2-3,5,plain,0,5.583479473745683,0.6067559799609742,0.006023269396136965,0.015221329852013885,1.1930049631931607,0.11982542568486908,1.531515626842219,1.1777836333411469,23.467406380027796,0.44540480131188986,0.2037135491742888,0.35959311159711416,0.43067006983246003,9.804165037456618e-05,0.004680801816430078,0.0012444259293323207
torsiontest2000,testcase-2042,VLWRKVBQUANIGI-UHFFFAOYSA-N,CNc1ccc(F)cc1,2-3,9,biaryl,0,4.790860616602004,0.30352253530653023,0.14370762412452806,0.4244020121573205,1.0647548643001412,0.7947377626032353,1.8225935742798876,0.6403528521428208,21.969486823855732,0.21591522681260578,6.77912168670843e-05,0.8561137796058249,0.00011080505277994705,0.0866198592835028,6.52124228718909e-05,0.05702255241815338
torsiontest2000,testcase-2043,HUZZYIJZZCBOOF-UHFFFAOYSA-N,CNC(=O)[C@H](C)c1ccccc1,2-4,12,stereocentre_adjacent,0,3.9271066232468,0.21132359795282682,0.0020962955302313234,0.04127299036948166,0.6322884939154885,0.07518251169398368,1.3731258846099321,0.5910155035460068,40.94313453536756,0.2149690515817828,0.9514729179350361,0.04007585583736185,0.0063549306973707574,0.0010873793435676109,0.0005562463834575876,0.00045266980320612514
torsiontest2000,testcase-2044,HUZZYIJZZCBOOF-UHFFFAOYSA-N,CNC(=O)[C@H](C)c1ccccc1,4-6,12,stereocentre_adjacent,0,2.6690304423100315,0.38886027787448996,0.07866849102451852,0.14927376103677906,0.5925797072073753,0.29801740335717053,0.9316684519486796,0.44330594617059627,158.28016643550626,0.19392907138327883,0.00213529397078727,0.9165015490868169,0.0026946659178773637,0.07387750575406078,0.0032075877400440426,0.0015833975304136887
torsiontest2000,testcase-2045,ISWSIDIOOBJBQZ-UHFFFAOYSA-N,Oc1ccccc1,4-5,7,conjugated,0,3.495269837672822,2.6397799857395586e-09,0.00010694125622590763,0.0003538807927764077,0.00035955165541003126,0.012807235015683703,1.2379898641163856,5.670862633623541e-06,0.0,2.506953372579633e-05,0.000781921164909612,0.9984079917218217,0.0007031458570428213,0.00010333037839327643,2.6818908661579244e-06,9.289869664732674e-07
torsiontest2000,testcase-2046,YMLMNCAFOVWVSV-UHFFFAOYSA-N,CNCCNC(C)=O,2-3,8,plain,0,7.257111891492968,0.41332144617518285,0.008940771836019556,0.22604546627004324,1.075005427719676,0.2738419760156293,1.6502870235051013,0.8489599614496328,6.990291262135912,0.35936504048095497,0.05659988191666055,0.44642076370348244,0.4880385825438376,0.0009844655423190951,0.0011999770185521796,0.006756329275148281
torsiontest2000,testcase-2048,DHPSSZXFZRDPHM-UHFFFAOYSA-N,CNC(=O)[C@H](C)C1CC1,2-4,9,stereocentre_adjacent,0,2.8378265618521255,0.4604875681569829,0.004836495128698451,0.007782570431007033,0.5699750276583168,0.05892412696617751,0.8398952244458658,0.5621924572273097,11.983356449375862,0.20054453249889614,0.824124560094803,0.045574351372043534,0.12546459340445495,0.004072479333637817,0.0005009348397895593,0.00026308095527107406
torsiontest2000,testcase-2049,DHPSSZXFZRDPHM-UHFFFAOYSA-N,CNC(=O)[C@H](C)C1CC1,4-6,9,stereocentre_adjacent,0,4.799119412607979,0.9532248203810109,0.015451906438525126,0.18536064226098567,1.2758385446626965,0.2453320771673672,1.306121147234675,1.0904779024017108,29.459084604715656,0.4584135079390333,0.04318388037150812,0.12558611200821496,0.8157781011817518,0.010566225902458147,0.0013514184705823492,0.0035342620654846293
torsiontest2000,testcase-205,MVCZKPMTGFFULA-UHFFFAOYSA-N,CC(=O)Nc1ccncn1,2-4,10,anomeric|conjugated,0,13.558176675229333,3.5707591804905494e-07,0.0519477823451758,0.295218702018789,0.2952283952195566,0.9590573897772394,4.014409296067567,9.69320076760205e-06,0.0,0.00020903303296060678,0.15045521503404638,0.7975735949872578,2.340763352016441e-05,0.045521487234562764,4.508329156795134e-05,0.006381211819045089
torsiontest2000,testcase-2050,PKMJXXJBZASTBF-UHFFFAOYSA-N,CNC(=O)[C@H](Cc1ccccc1)C1CC1,4-5,15,stereocentre_adjacent,0,6.002586560905911,0.18325264012586412,0.027204988507671397,0.32134494264038016,0.8253640988803952,0.4348158368459239,1.8047659390176416,0.504019156240015,1.9972260748959627,0.2127750494448476,0.04059654209253761,0.28583798880831,0.6463604805914808,0.011069589690911099,0.00460790173032662,0.011527497086433677
torsiontest2000,testcase-2051,HMVFITKXZCNKSS-UHFFFAOYSA-N,COCCN(C)C,3-4,7,plain,0,6.6576218335249,0.04317671011169621,0.004271766909334783,0.03599122124123563,0.39733619244503965,0.12956448679549956,1.9046803762591904,0.36134497120380404,98.36338418862692,0.156107176128881,0.46835861560746267,0.21677906545135373,0.3105905520318489,0.0023124779440381496,0.0008780635867483811,0.0010812253785482523
torsiontest2000,testcase-2052,JKNXMPSMAZUQMJ-UHFFFAOYSA-N,CCN1CCC[C@H]1C,2-3,8,stereocentre_adjacent,0,6.285615064261947,0.1900376847566548,0.0153856538035329,0.15449057732502514,0.7843671878858199,0.26785215151882225,1.7707892599165045,0.6298766105607948,1.4979195561720644,0.18732111993756503,0.2996252013649091,0.12571130554232,0.559277839289238,0.0018608679190282832,0.01106569731763678,0.0024590885668678356
torsiontest2000,testcase-2053,OOTKJPZEEVPWCR-UHFFFAOYSA-N,CNCc1ccccn1,1-2,9,gauche_effect,0,6.166148480609991,0.2536193345227754,0.012584601540199884,0.259017640573403,0.954983022252161,0.33017305075110537,1.843493177015626,0.6959653816787581,8.48821081830792,0.26340352180203747,0.11637734039778135,0.3306789571637356,0.5403591008982831,0.011562065566503693,0.0009436523861611759,7.888358753501581e-05
torsiontest2000,testcase-2054,OOTKJPZEEVPWCR-UHFFFAOYSA-N,CNCc1ccccn1,2-3,9,biaryl,0,4.038921907515032,0.7461963476010057,0.050195646078986716,0.052141503382606445,0.9158710848530605,0.24282138147583718,1.059812605780123,0.863729581470454,28.46047156726766,0.3498925751974791,0.19910488969591325,0.7182622197480155,0.032437244477084445,0.04480888095736239,0.0014782077410064878,0.003908557380617843
torsiontest2000,testcase-2055,VZRNUXANVNOWMJ-UHFFFAOYSA-N,CNCc1ncccc1C,2-3,10,biaryl,0,7.795632710738573,0.30310635778806727,0.02563248732731407,0.375887833513665,1.3125826428989082,0.5244422108180792,2.3149965857724486,0.9366948093852432,12.482662968099874,0.39004525022177117,0.5724103925425582,0.35156636140448017,0.05039075872564751,0.00040985826898208696,0.016646604830605587,0.008576024227726398
torsiontest2000,testcase-2056,PEDODSOFPMWUMO-UHFFFAOYSA-N,CC[C@@H]1COCCN1C,2-3,9,gauche_effect|stereocentre_adjacent,0,7.083762448251946,0.47278218618563905,0.024867809122451793,0.048834811320466166,1.4790846037434346,0.3425339507722444,2.1504902199406635,1.4302497924229685,126.82385575589461,0.4136251366362872,0.27530759778224656,0.3835876595947718,0.31623693350053,0.018903920576050424,0.003282887317314265,0.0026810012290871045
torsiontest2000,testcase-2057,IOGIANODWAVOKV-UHFFFAOYSA-N,CCN1CCOC[C@H]1C,7-8,9,plain,0,8.678571027819999,0.3245736825492368,0.025795408811108693,0.0595954579247151,1.4892527998610592,0.423715164024909,2.6126231511407587,1.429657341936344,5.492371705963933,0.3998921007924886,0.33084421380093554,0.3658405039810188,0.27751987340693696,0.01590323581652682,0.005619168459805711,0.004273004534776165
torsiontest2000,testcase-206,PNHMGDKFPLIHQW-UHFFFAOYSA-N,CNC(=O)[C@@H](C)NC(=O)c1cccs1,8-10,14,stereocentre_adjacent,0,6.791356173460372,0.8871379764562397,0.024450573757741484,0.1553716797062102,2.0001960622183605,0.3657065298005832,2.122897732444971,1.8448243825121504,108.8488210818308,0.5560183528041004,0.8204222306331199,0.11186564019995088,0.043261555409187774,0.017278085105007092,0.001965672709498759,0.005206815943235631
torsiontest2000,testcase-2060,RFSKGCVUDQRZSD-UHFFFAOYSA-N,COc1ccsc1,2-3,7,biaryl,0,3.7042406835826114,2.840105098479148e-08,0.02026428722965098,0.00970090754331826,0.009702651406359687,0.15568266726632576,1.091558517597434,1.7438630414267492e-06,0.4993065187239836,5.0831089939740946e-05,0.1583346079734822,0.7582223820958642,0.06317872270100255,0.019565989273655007,0.0006477696922338037,5.052826376216805e-05
torsiontest2000,testcase-2061,UOOXDDHYFFXMJJ-UHFFFAOYSA-N,CC(=O)N[C@H]1CCc2ccccc21,3-4,13,stereocentre_adjacent,0,9.271268440585118,0.38584463319204415,0.003392509209370662,0.02034853311525111,1.8404850248329796,0.17376322851870124,2.962850317797763,1.8201364917177285,29.958391123439668,0.513684427846737,0.53806965139374,0.26791525919572506,0.19062258020116446,0.0017906982513018793,0.001594531802443223,7.279155625559882e-06
torsiontest2000,testcase-2064,SMLWKLRUGJFYFL-UHFFFAOYSA-N,CN(C)CC1CCC1,3-4,8,plain,0,5.834070352721028,0.3274284686921717,0.09592880788748626,0.42693187390738835,0.8910614766877727,0.6012407860947648,1.43196576884008,0.46412960278038434,140.80443828016644,0.2560593318280201,0.29623664379872033,0.04837235161762137,0.5594621966961721,0.014305508787312838,0.030452299703131652,0.051170999397041755
torsiontest2000,testcase-2065,YBWWSLDGGYIOEW-UHFFFAOYSA-N,C1CC(CN2CCCC2)C1,4-5,10,plain,0,5.700457159080543,0.2503920221784055,0.010664880019619759,0.025997323350898154,0.8831113217081014,0.18402299153464116,1.7642672105053334,0.8571139983572033,5.492371705963933,0.27647141812724063,0.3164833238029605,0.031094243430609795,0.6417575527468099,0.003906882206261887,0.0034927398057267795,0.0032652580076310924
torsiontest2000,testcase-2066,NEDAUERTDZGLOW-UHFFFAOYSA-N,CC[C@@H]1CCCCN1C,2-3,9,stereocentre_adjacent,0,8.500936981057748,0.41816843019385236,0.023465725314140096,0.04859045415773755,1.6194758680738681,0.38652675975694123,2.5037182993927414,1.5708854139161306,124.82662968099862,0.4550280428906921,0.30284293402775564,0.35178779316255404,0.3219035474955502,0.018361040408964344,0.0027018419930315957,0.0024028429121441554
torsiontest2000,testcase-2067,YENSBSMXBWXMQL-UHFFFAOYSA-N,CCC1(C)CCN(C(C)=O)CC1,2-3,12,plain,0,5.167961616418324,0.005518354314921184,0.011251390781831204,0.02548116354436754,0.13367454673789156,0.18909879302361615,1.7666557264181015,0.10819338319352402,0.4993065187239836,0.07690372202229269,0.002133786256507293,0.0015555392416499202,0.9850592837200116,0.0027338377954577915,0.0005394922907169946,0.007978060695656418
torsiontest2000,testcase-2068,DBQHIYXKDXQDCH-UHFFFAOYSA-N,CN(C)C(=O)NC1CCCC1,4-5,11,plain,0,5.292970340116881,0.46274898740251874,0.02440459241339201,0.11555733289856161,1.262190786026731,0.3109148811981907,1.8512806116367446,1.1466334531281694,145.29819694868237,0.38248299646885553,0.44332944414198744,0.20415357405413884,0.32811238939048165,0.01690191670882989,0.006198782087774351,0.0013038936167877719
torsiontest2000,testcase-2069,IIHIJFJSXPDTNO-UHFFFAOYSA-N,COC(=O)C1CCCC1,2-4,9,plain,0,1.7302537906216457,0.605392134342136,0.029652803576815552,0.04584124964917526,0.4291982129184419,0.10498271434426276,0.5503761873624495,0.38335696326926666,17.975034674063807,0.18058772852525537,0.6395702245205714,0.17423930721435812,0.1565376646882548,0.007599772808720232,0.017103185104758032,0.004949845663337291
torsiontest2000,testcase-2070,QRMHDGWGLNLHMN-UHFFFAOYSA-N,COCC(=O)OC,1-2,7,gauche_effect,0,6.524418326385785,2.780075582502031e-07,0.0027746978249068733,0.03245527105455181,0.03246813359274605,0.09689133663536306,1.733447648961088,1.2862538194241546e-05,149.29264909847433,0.0002624260079140188,0.14052587016558457,0.4762170137209757,0.38048241828853285,0.0019254034775586643,0.0006469771931797856,0.00020231715416842342
torsiontest2000,testcase-2071,QRMHDGWGLNLHMN-UHFFFAOYSA-N,COCC(=O)OC,2-3,7,anomeric|conjugated,0,2.864603133755736,0.11033201885644964,0.0047555358289728894,0.012452199041949339,0.26881157858423044,0.05712187183042282,0.8085040137036338,0.2563593795422811,1.9972260748959343,0.0804956040285917,0.14192767914954077,0.835168253159537,0.018148531861949407,0.003138326766475702,0.0014533988811982815,0.00016381018129890668
torsiontest2000,testcase-2072,WIWZBGUEDUUYBD-UHFFFAOYSA-N,CNC(=O)NC1CC1,2-3,8,conjugated,0,14.619845928129507,0.02923601139113505,0.12195024673926849,0.681042659597821,0.9028697849761179,1.3890284780274538,3.532941847593129,0.22182712537829696,0.9986130374479956,0.05254936212085894,0.18313511284459724,0.6342375045109376,0.06067713590519667,0.10724423463705592,0.007167029550042813,0.007538982552169761
torsiontest2000,testcase-2073,ZOUCHBXJUPPSRN-UHFFFAOYSA-N,CC(=O)NCc1ccccc1F,4-5,12,biaryl,0,4.293686264834832,0.3482535464548575,0.0058381453345462495,0.11705634088740985,0.744941850363141,0.1509155334078981,1.252136699233079,0.6278855094757312,151.7891816920943,0.3065913317337244,0.5296351617235946,0.27927171175382126,0.1852549811880378,0.00048400797992236233,0.004820786024868627,0.0005333513297552598
torsiontest2000,testcase-2075,AJXWYUJELPZPMB-UHFFFAOYSA-N,CC(=O)NC1(c2ccccc2)CC1,4-5,13,biaryl,0,3.4599806597689167,0.4261766004273592,0.1077722400285963,0.028172532748631563,0.7557460322196464,0.38082378635558967,1.1571986400850633,0.7275734994710149,2.9958391123439583,0.21243836328517468,0.0003365762632401129,0.8918565757519438,3.4607956219790146e-05,0.10184696140043659,0.00013209710950713312,0.005793181518652584
torsiontest2000,testcase-2076,HJCYVFCAWVFFGS-UHFFFAOYSA-N,O=C(c1cscn1)N1CCCC1,4-5,12,anomeric|conjugated,0,16.156875841901638,0.0038386364138808977,0.023401300887582025,0.4046507950494623,0.5145711126555923,0.8830144478337005,5.146446409460591,0.10992031760613002,6.4909847434119285,0.12853830024539406,0.037717285236553315,0.8914558511629489,0.04742556271291593,0.01986270685392833,0.0009740804725714313,0.0025645135610822636
torsiontest2000,testcase-2078,GXIHDEAJBZYITQ-UHFFFAOYSA-N,CN1Cc2ncnc(O)c2C1,3-4,11,conjugated,0,9.895702876208816,0.0004732142961058009,4.917825933144377e-05,0.00101082569713002,0.06663595440891655,0.021502873097988,3.062878755039846,0.06562512871178654,0.0,0.010985713789393987,0.30613584720517845,0.693745738167629,6.923636786119094e-05,3.1360780118404606e-05,1.7592568408415693e-05,2.2491080462347604e-07
torsiontest2000,testcase-2080,KTFKRVMXIVSARW-UHFFFAOYSA-N,CC(=O)c1ccc(C=O)cc1,2-4,11,conjugated,0,4.690346304036211,5.806783174876802e-06,0.00576196033666555,0.018124449834886428,0.018541576115479262,0.1245180371422658,1.6230215434379378,0.000417126280592834,0.4993065187239836,0.0006686392633441405,0.0008482170772870035,0.9932966466685454,9.317591750201868e-05,0.005724144501505376,6.230004355095291e-06,3.158583080507824e-05
torsiontest2000,testcase-2081,OFQPKKGMNWASPN-UHFFFAOYSA-N,CSCc1ccccc1,1-2,9,plain,0,3.4640536177321337,9.061821463761015e-07,0.006160102027771304,0.016870577476453975,0.01690380522543394,0.08895776827541436,1.112977008919805,3.322774897996511e-05,0.0,0.00039089820193918844,0.10071992495004761,0.021939917895542508,0.8711800551266388,0.004883713796964793,0.0011864971200204555,8.98911107860558e-05
torsiontest2000,testcase-2082,OFQPKKGMNWASPN-UHFFFAOYSA-N,CSCc1ccccc1,2-3,9,biaryl,0,3.2741088799084537,0.8951308721147457,0.05808487171831178,0.06602528358694411,1.1142930313641726,0.2909409740176458,1.1775412043030375,1.0482677477772284,159.77808599167815,0.3842430325040756,2.0214212717270424e-05,0.9418254707326733,6.944333629758543e-05,0.05153097705752546,0.00011522449845946529,0.006438670162326862
torsiontest2000,testcase-2083,SHLJOANTPJWIHS-UHFFFAOYSA-N,Cc1cncnc1O,5-6,8,conjugated,0,10.038597053062404,6.716259315539302e-10,3.07042038854538e-05,0.001150063073984446,0.0011529301664843319,0.017412122702895005,3.1354755187174437,2.8670924998859364e-06,0.0,3.208859975113535e-05,0.293220477789087,0.7065216747426876,0.000227143264339951,1.9587004733101586e-05,1.0843795365031695e-05,2.73403787320511e-07
torsiontest2000,testcase-2086,FMLGCCLBSRMITQ-UHFFFAOYSA-N,CN(C)CN1CCOC1=O,6-7,10,anomeric,0,10.097711520385928,0.08972723126704789,0.01429366380715764,0.3996400515946219,1.0692137560164356,0.5624819336481758,3.3347830905107694,0.6695737044218137,110.8460471567268,0.36388943480574554,0.8134681290347183,0.14388783977457134,0.028350367383552705,0.001722204169154951,0.007815418637948202,0.004756041000054488
torsiontest2000,testcase-2088,FRZCMALGFNEIFB-UHFFFAOYSA-N,COc1ccc(C(=O)N2CCC2)cc1,2-3,14,biaryl,0,3.3290555943967775,0.0001707889988783917,0.368096413801756,0.14701646740279192,0.1477056067323345,0.6777602129694872,1.100377201425603,0.0006891393295425652,66.90707350901528,0.004970866227612796,0.002399303607866571,0.6282681122983758,0.001236170292001685,0.350928467620984,4.0945987070700046e-05,0.017127000193701267
torsiontest2000,testcase-2089,SIHXFQDBQGKMHX-UHFFFAOYSA-N,O=C(c1ccccc1)N1CCC1,4-5,12,anomeric|conjugated,0,20.009213249199092,0.3756745717588463,0.10965735952293768,1.6174870039163183,4.244448762538359,2.6666758306741363,6.603534893142592,2.6269617586220404,2.9958391123439583,0.3361959978532807,0.09974491967961677,0.6939697574444124,0.09662796335303342,0.06632566108837248,0.02203409095043461,0.021297607484130576
torsiontest2000,testcase-2090,DSMLSOUSFHKVTH-UHFFFAOYSA-N,CC(=O)N1CC[C@H]1CO,6-7,9,stereocentre_adjacent,0,9.363721760280896,0.622935515989526,0.03682965179818914,0.7800532712303655,1.9885903704821866,0.8979465257540603,2.445371125298798,1.2085370992518212,139.80582524271847,0.5709750854945973,0.43158224627275243,0.11473682711661592,0.41685127481244266,0.007120632483454467,0.009035877622208411,0.02067314169252626
torsiontest2000,testcase-2091,VMLCSPONPURVDK-UHFFFAOYSA-N,COC(=O)[C@@H]1CCSC1,2-4,9,stereocentre_adjacent,0,2.5048158630379476,0.8626343644600721,0.06512812377977494,0.01240875114981427,0.6278982442899465,0.17294029534355684,0.6760272216310893,0.6154894931401321,126.82385575589456,0.2623156243539024,0.21792285937577707,0.6764718097706479,0.040477207073800106,0.06463870724103325,0.00017995387349096278,0.0003094626652507117
torsiontest2000,testcase-2093,FUZUPDOUJHAKHR-UHFFFAOYSA-O,C/N=c1\[nH]c(C(=O)OC)co1,1-2,11,anomeric|conjugated,0,11.44586246513063,4.3360783310336407e-07,0.0011376445014078414,0.029718933053031447,0.029822038320820737,0.13034530936464508,3.7628183814485494,0.00010310526778928991,0.0,0.00042343623971529944,0.5840390682305417,0.4139535865650048,0.0008697007030455965,0.0009296950899247641,0.00020727502216335897,6.743893197183618e-07
torsiontest2000,testcase-2094,UJSQEYSZIIBASC-UHFFFAOYSA-O,CC(C)/N=c1\[nH]cco1,5-6,9,plain,0,4.4694247842999175,0.6845892055109878,0.04545126405711107,0.06073443266624035,1.395948117295161,0.36444498278959475,1.6866488280386331,1.3352136846289206,95.36754507628297,0.4838554511810888,0.6441825940690676,0.24248216492558938,0.06788397694823177,0.031934340709415796,0.012088358404259432,0.0014285649434358455
torsiontest2000,testcase-2095,ZUEXLZVCLBCOCC-UHFFFAOYSA-O,COC[C@H](C)/N=c1\[nH]cco1,6-8,11,stereocentre_adjacent,0,9.749614794331137,0.6678060575676924,0.00434969243589982,0.0342798760038341,2.484064108408607,0.20336889750013218,3.0396517207387994,2.449784232404773,142.30235783633844,0.5967981508252258,0.7123823491427584,0.09070068253618484,0.19256727588515682,0.0034224637947880814,0.0006963073354026276,0.00023092130570911038
torsiontest2000,testcase-2096,NYFCMQOONXYPTH-UHFFFAOYSA-N,CO[C@@H]1CCOC1,1-2,7,stereocentre_adjacent,0,5.50881873301114,0.5247499924272795,0.01925035778730353,0.08855516208779475,1.1083776698268468,0.22939409035729844,1.5277482340005728,1.0198225077390521,12.48266296809993,0.34341808904693777,0.4935790152461418,0.07393812288596266,0.4132325040805921,0.0037888183808404575,0.01454769295299093,0.0009138464534721449
torsiontest2000,testcase-21,GTFYHJGCWNILLQ-UHFFFAOYSA-N,C[N@@+]1(Cc2ccccc2)CC=CCC1,4-6,14,stereocentre_adjacent,0,6.52166996296728,0.3602577108030857,0.008739131878043914,0.03644957130403711,1.2685833975907,0.20083547277934946,2.112990890354697,1.2321338262866628,2.4965325936200315,0.3223976433536171,0.46699258706519353,0.13041694957758576,0.39385133147917684,0.007022178652003904,0.000938857576510702,0.0007780956495293092
torsiontest2000,testcase-2100,PIVDMBDWTWXVTO-UHFFFAOYSA-N,CNC(=O)C[C@H](C)C1CC1,4-5,10,stereocentre_adjacent,0,5.6975505578448065,0.2104014177794187,0.010888385036710935,0.08170176943196139,0.7272347250480307,0.18357293910409078,1.57752262862163,0.6455329556160693,131.8169209431345,0.282163017353942,0.21254418416403056,0.10381658078553065,0.6727508500137278,4.45295325721654e-05,0.009087060974522937,0.001756794529615834
torsiontest2000,testcase-2101,HPBROFGYTXOJIO-UHFFFAOYSA-N,CC(C)C1CC1,2-4,6,plain,0,4.788919941376662,0.8713266988857792,0.02200561188346586,0.016989014089938602,1.1958784348322211,0.19078676193157748,1.2811233275875384,1.1788894207422824,25.963938973647686,0.4399096101364175,0.08830295027545344,0.018848681378134568,0.870842756462946,0.0038268527168689066,0.00890199171488187,0.009276767451715087
torsiontest2000,testcase-2102,ODLMAHJVESYWTB-UHFFFAOYSA-N,CCCc1ccccc1,2-3,9,plain,0,4.593838374945335,1.496347118366862e-05,0.0003115077715326938,0.004279379748010435,0.006961653001585,0.0254166189852491,1.4195160887353573,0.0026822732535745656,0.0,0.0011636003855664944,0.028577524223557436,0.03395420000160298,0.9371567680033069,3.094980119316856e-05,6.868132487045702e-06,0.00027368983785247954
torsiontest2000,testcase-2105,PJBIKFYAFMSDCA-UHFFFAOYSA-N,CNC(=O)[C@](C)(OC)C1CC1,2-3,11,stereocentre_adjacent,0,8.413871975208167,0.0021436076495210186,0.014141651268729549,0.07662671950731363,0.1478835625175699,0.3337844386329748,2.732939069442864,0.07125684301025627,153.78640776699024,0.04363853225358448,0.5329332059678588,0.2469424214848876,0.2059827212785241,0.004516670362238621,0.009407467027415592,0.00021751387907533777
torsiontest2000,testcase-2106,PJBIKFYAFMSDCA-UHFFFAOYSA-N,CNC(=O)[C@](C)(OC)C1CC1,3-5,11,stereocentre_adjacent,0,10.047588275920134,0.3187300366610571,0.028352031425101225,0.3037408895189749,1.7610124291675653,0.5999251639419868,3.0874837194293767,1.4572715396485905,16.4771151178918,0.3121021627257378,0.7840019732689371,0.18731518396723618,0.0003308113387254603,0.017190421008137908,0.006730130497997093,0.004431479918966225
torsiontest2000,testcase-2107,PJBIKFYAFMSDCA-UHFFFAOYSA-N,CNC(=O)[C@](C)(OC)C1CC1,3-8,11,stereocentre_adjacent,0,8.84962295513833,0.5925572950571362,0.069645172669591,0.8196927138937157,1.9947910834302711,1.0298603436296683,2.500657001381421,1.1750983695365553,2.4965325936199747,0.42969534297532597,0.1878807793951098,0.33724872000545614,0.40522532792984317,0.00850576729306069,0.028793622488355517,0.03234578288817479
torsiontest2000,testcase-2108,UUMSWZQDPRLWLR-UHFFFAOYSA-N,CC(C)(C)OC1CCC1,4-5,9,plain,0,2.8399230536888354,0.024985073585032755,0.036329411387020207,0.03405591370484454,0.15828079743873152,0.18947654380069515,0.9784961552937248,0.12422488373388699,108.8488210818308,0.08025165697335314,4.5319602162595195e-05,0.001796119905235403,0.9618291491055817,0.0017267517366565633,9.860548681892852e-05,0.03450405416354471
torsiontest2000,testcase-2109,MFRJGAMECXXNED-UHFFFAOYSA-N,CNC(=O)c1cccc2ccsc12,1-2,13,anomeric|conjugated,0,15.508737915894017,0.016986174664314506,0.10262271453955144,0.8447262287773437,0.9848493173165987,1.5041297143641275,3.9756981221900967,0.14012308853925504,2.9958391123439583,0.05546299099141582,0.04120365004419379,0.7597393604136489,0.09643427500260615,0.0776680923063611,0.015129579151056703,0.009825043082133625
torsiontest2000,testcase-211,RCSSHZGQHHEHPZ-UHFFFAOYSA-N,CN[C@H](C)c1ccccc1,2-3,10,stereocentre_adjacent,0,6.6382353895460255,0.3690740314126509,0.010795833035068706,0.08867709751035799,1.091414459863308,0.20610004706405385,1.7927776988582258,1.00273736235295,133.8141470180305,0.446307956095122,0.33505200004485186,0.15909823691690733,0.49505393000317205,0.009453063377214663,0.00024344255331437556,0.0010993271045396675
torsiontest2000,testcase-2111,GDHRQDYGUDOEIZ-UHFFFAOYSA-N,CC(C)CN(C)C,2-3,7,plain,0,6.751334794942522,0.3319444127777049,0.1036726780367348,0.3957023118881414,1.2107808491438858,0.752020289612497,2.0251534035503633,0.8150785372557444,121.83079056865466,0.35772061961573226,0.27752670847788835,0.04463532094534044,0.5741652925400365,0.01624784248959354,0.0530647541105503,0.034360081436590965
torsiontest2000,testcase-2113,DWMMQKXGXNZRLP-UHFFFAOYSA-N,CC(=O)N1CCN(C(=O)C2CC2)CC1,1-3,14,anomeric,0,21.74332073656842,0.06477147114630528,0.1139264920049762,1.1913295597764482,1.9535084328045191,2.373866404400549,6.198814004611703,0.762178873028071,9.986130374479899,0.19887499358114935,0.0547434250590604,0.7991303894621756,0.032199693473787615,0.088066200274603,0.006475358813928478,0.01938493291644472
torsiontest2000,testcase-2114,WQGAGKFICOEFSU-UHFFFAOYSA-N,CN(C)C(=O)C1(CF)CC1,4-5,10,plain,0,4.587869267212227,0.13591716333267517,0.012158746485113859,0.03146685775554169,0.4293368622665922,0.13187588067397354,1.1618521741800258,0.3978700045110505,135.3120665742025,0.19789645911527756,0.2057193493398064,0.30165585016771,0.4804660540073699,0.002923568810079658,0.004886006538053819,0.004349171136980381
torsiontest2000,testcase-2117,VGDLMNZNTBPTSG-UHFFFAOYSA-N,CC(=O)NC[C@H]1CCN1C,4-5,10,stereocentre_adjacent,0,6.154434780764859,0.6427440290328537,0.017864772469769186,0.134467396405213,1.2992949632118505,0.25396986988945686,1.6175440587912564,1.1648275668066375,134.31345353675454,0.5126629823976371,0.18190681823315194,0.34542868230305535,0.4547997269940235,0.011772437020507771,0.005265307210541784,0.0008270282387196334
torsiontest2000,testcase-2118,VGDLMNZNTBPTSG-UHFFFAOYSA-N,CC(=O)NC[C@H]1CCN1C,5-6,10,anomeric|amide|conjugated,0,12.607959370827302,0.04569354420336007,0.014905686004975311,0.18611398217710673,0.9614561676015908,0.5699883020798165,4.416671142828888,0.7753421854244841,67.90568654646324,0.35715110213308915,0.7822099910246003,0.17839627344016704,0.024488049530257412,0.012532147338796035,0.002200514844278255,0.00017302382190101877
torsiontest2000,testcase-212,RCSSHZGQHHEHPZ-UHFFFAOYSA-N,CN[C@H](C)c1ccccc1,2-4,10,stereocentre_adjacent,0,5.883140174817527,0.9332529269320192,0.1045155320527922,0.49242188030384404,1.6634160911272606,0.7247045530795536,1.7168295408627654,1.1709942108234166,119.83356449375867,0.48293237362717784,6.275576512862892e-05,0.8951831057632883,0.00023860641879086813,0.02292895097229903,0.0006446718682709048,0.08094190921222226
torsiontest2000,testcase-2120,DHPFKVKJKQOCEH-UHFFFAOYSA-N,C#CCN(C)c1ccncn1,3-4,11,plain,0,10.493069420626853,0.004589436313658933,0.018376737471718356,0.24080935805275272,0.32377860984092816,0.4955377475795988,3.2038730800214372,0.08296925178817544,2.9958391123439867,0.03444649416507394,0.5171399404830758,0.40475872283120506,0.059724599214001084,0.015259148755291026,0.0012405679668167225,0.0018770207496106046
torsiontest2000,testcase-2121,MFTBXLQLZDEFDK-UHFFFAOYSA-N,CC(C)(C)c1ccncn1,3-4,10,plain,0,0.910565837926697,6.796029396217618e-05,0.1845197584594984,0.006284575364612335,0.006843613049649593,0.14130131499074639,0.32868080049358367,0.0005590376850372579,119.33425797503469,0.001324337806982114,0.0003049190587721225,2.5963605599851088e-05,0.8151493588761296,0.0003265173086567264,0.00037783943923518244,0.18381540171160649
torsiontest2000,testcase-2122,HNKJADCVZUBCPG-UHFFFAOYSA-N,CSc1ccccc1,5-6,8,plain,1,0.8607175524230115,5.753648207714594e-07,0.16596437239640782,0.017188285374595887,0.017189967935336708,0.13030899677746097,0.3175359250116199,1.6825607408212095e-06,0.0,9.462402848638601e-05,0.0009445102125446866,0.8330849774568017,6.139934245838177e-06,0.16406469268129883,0.0004839117906205209,0.0014157679244884288
torsiontest2000,testcase-2123,OTMMCRBCJDEJKA-UHFFFAOYSA-N,CSCCN(C)C,2-3,7,plain,0,7.050513831723947,0.08729099874869685,0.07806609067286037,0.43576866529775277,0.6738034166903104,0.6527623693946365,1.7932083402857009,0.23803475139255764,109.84743411927877,0.21308685594543297,0.5737150998758173,0.13481918426049427,0.21339962519082822,0.015905950783742517,0.021515497901098777,0.040644641988019065
torsiontest2000,testcase-2124,ULEZWUGQDAQWPT-UHFFFAOYSA-N,CCNC1CC1,2-3,6,plain,0,5.156002470146632,0.033909602075266096,0.0013131908876336234,0.006003155921001426,0.25068021500053284,0.0496811981211004,1.3609386576697224,0.2446770590795314,1.9972260748959343,0.06945836174986052,0.3162350334373054,0.08044068067347147,0.6020110950015894,0.0008458052081035735,0.00017634318190128595,0.0002910424976287638
torsiontest2000,testcase-2125,KYTQSTIMXRWCDS-UHFFFAOYSA-N,CNC1(C)CC1,1-2,6,plain,0,6.306063815049129,0.8602518572728689,0.006948263527214695,0.024261624513197612,1.4721640286061084,0.1344951668396011,1.5872130631299526,1.4479024040929107,27.961165048543762,0.5132575494748824,0.007364216984138692,0.43331696873434206,0.5523705507543045,0.0014692820129521386,0.0018646469987200136,0.003614334515542543
torsiontest2000,testcase-2126,GDQTVPUAZAECHX-UHFFFAOYSA-N,CC(=O)NCC1CC1,3-4,8,plain,0,3.8849884983501397,0.8756508921219701,0.0004628337404287199,0.016284119804532638,1.0946443832598838,0.02997292950787228,1.1697731219314014,1.078360263455351,138.80721220527045,0.3943301470659559,0.027186561204743484,0.1322298555348118,0.8401207495200159,0.0001476910196773399,0.00027282844404579273,4.231427670558725e-05
torsiontest2000,testcase-2127,WTGYUXIKSLLNKD-UHFFFAOYSA-N,CNC(=O)[C@]1(F)CCOC1,2-4,10,stereocentre_adjacent,1,8.27089649962727,0.01707922601820512,0.006304921240079378,0.4209468769169674,0.5412812769016059,0.46897827574291306,2.637557315156014,0.12033439998463846,6.990291262135997,0.08074354168908385,0.8702022674082307,0.10947925800554244,0.014013553346147447,0.004776263432787268,0.00011206875393905241,0.0014165890533530583
torsiontest2000,testcase-2128,WMAAYKNWLPTOTL-UHFFFAOYSA-N,COC(=O)C[C@H]1CCCCO1,4-5,11,stereocentre_adjacent,0,4.813703745545354,0.29565541693748815,0.023152357509420293,0.1443476275658611,0.8247322570541284,0.26920039027793735,1.5003194629895633,0.6803846294882674,9.486823855755887,0.29022206205032636,0.3388747605346555,0.04935623999780316,0.5886166419581211,0.014373334613850949,0.0063426258364262045,0.0024363970591431386
torsiontest2000,testcase-2129,GIOIVBNVBIOBBR-UHFFFAOYSA-N,CNC(=O)c1ccsn1,1-2,9,anomeric|conjugated,0,16.666163970308844,2.0663654885661194e-07,0.05707132436967444,0.35283004548697117,0.3528368329459147,1.2030647227047468,4.827398966013959,6.7874589435579225e-06,0.0,0.0004729411485907491,0.16502589155378883,0.7765172215688185,0.0013855625077180767,0.04958206343066655,0.0001348894486070237,0.007354371490400872
torsiontest2000,testcase-2130,KTGFLVDKXVWJDH-UHFFFAOYSA-N,CC(=O)N1CCC1,3-4,7,anomeric|conjugated,0,16.58636691744323,0.056507463468725205,0.16229544040188004,0.9390766226948362,1.4513892396187131,2.0974363508371674,4.749163610216496,0.512312616923877,169.7642163661581,0.16351973764477493,0.025362215811787645,0.7778744662726879,0.034467877513644406,0.12972710271296242,0.01114555726425811,0.021422780424659497
torsiontest2000,testcase-2131,RBVSBHJTPPHJBY-UHFFFAOYSA-N,O=C(CC1CC1)N1CCC1,4-6,10,plain,0,2.0771993691450916,0.19871994836948206,0.014492247174470627,0.04139936583313746,0.26746344464651894,0.0824981339708618,0.5942025706201943,0.22606407881338147,21.96948682385576,0.1198220987698385,0.511104618853643,0.3572077930904263,0.11719534088146027,0.00566672311342177,0.00745531812444535,0.0013702059366035057
torsiontest2000,testcase-2132,RBVSBHJTPPHJBY-UHFFFAOYSA-N,O=C(CC1CC1)N1CCC1,6-7,10,plain,0,3.7322578570456244,0.7707846121041392,0.03071979183348734,0.11869166365443815,0.8484719334868808,0.2054706287319459,0.9642612509350595,0.7297802698324426,154.78502080443826,0.2958467415961415,0.10505266326052685,0.17914458858469415,0.6850829563212917,0.015841844720786015,0.0017584446989267783,0.01311950241377455
torsiontest2000,testcase-2133,SJCBWLJRMCOJEC-UHFFFAOYSA-N,CC(=O)N(C)C(C)C,2-4,8,plain,0,7.127563054586062,0.6710590903373929,0.03656029655979865,0.27667376295010776,2.139770469396042,0.5672989025629097,2.604889729595999,1.8630967064459343,63.41192787794728,0.5734511316236447,0.20952426256950446,0.7076366750417051,0.046278765828991715,0.032807731322944296,0.0026669134864733,0.001085651750381057
torsiontest2000,testcase-2134,UJCPSWBVHQROQF-UHFFFAOYSA-N,CN(C)C(=O)c1ccc(O)cc1,3-5,12,conjugated,0,4.8435782853048295,0.0017476901854625282,0.778892320150349,0.3787408480205547,0.3817124621802526,1.07264002061872,1.1985199159477764,0.002971614159697933,0.49930651872395515,0.02163554584564596,0.0019360934739368263,0.20626760823597676,0.012903978139737475,0.6654475431801821,5.665141758260882e-05,0.11338812555258425
torsiontest2000,testcase-2135,LQJVKXBAYVPWGQ-UHFFFAOYSA-N,COc1cc(C(=O)N(C)C)cc(Cl)c1O,9-10,15,anomeric|conjugated,0,6.716676139389165,0.0014759139635546488,0.0005638737238317131,0.01402852448690255,0.08320253852336752,0.052596756232510984,2.134778229791289,0.06917401403646498,0.9986130374479671,0.022461729482335116,0.038750624407489706,0.9586235380944045,0.0020619637742738854,0.0005415411487868713,9.02881188067759e-06,1.3303763164164274e-05
torsiontest2000,testcase-2136,LHGVFZTZFXWLCP-UHFFFAOYSA-N,COc1ccccc1O,1-2,9,biaryl,0,10.120210198161658,9.680242891374084e-08,0.019076381622618842,0.4874912647799071,0.4874920223188761,0.6190299786835948,2.80490914393431,7.575389689984391e-07,24.965325936199747,0.0002263215320378557,0.9411110210070068,0.03481099603017242,0.005001601340202013,0.006747443829356153,0.0014501498332811283,0.010878787959981559
torsiontest2000,testcase-2137,LHGVFZTZFXWLCP-UHFFFAOYSA-N,COc1ccccc1O,7-8,9,plain,0,6.862207650963683,2.4184209691115764e-06,0.00032253797977784714,0.004060912599863433,0.005290036816158535,0.03936169887635375,2.180017824618366,0.0012291242162951023,0.0,0.0010817747264236185,0.48707881093697436,0.5125920715765625,6.579506685121963e-06,0.0003165519317197148,5.218061875462402e-06,7.679861826698976e-07
torsiontest2000,testcase-2138,AEKHFLDILSDXBL-UHFFFAOYSA-N,CNC[C@@H](C)O,2-3,6,stereocentre_adjacent,0,7.956901893980103,0.28652710836269696,0.022782742943911558,0.303181624703915,1.1578779757993516,0.43727884387945865,2.109544971543565,0.8546963510954366,2.9958391123439867,0.4278457957564642,0.3052767439069508,0.037299698891903876,0.6346408142572338,0.01098875934234459,0.005903126573034225,0.005890857028532747
torsiontest2000,testcase-214,BCCCXAYKRGNVFN-UHFFFAOYSA-N,CC(=O)NCCC#N,3-4,8,plain,0,6.45259110009647,0.48825988152230526,0.003243992622016601,0.05473462405037933,1.1545482509861753,0.1087762820326318,1.6513402766495788,1.0998136269357959,2.4965325936199747,0.4289926611516766,0.4721844991115891,0.042824766719049896,0.4817467415473444,0.001792318648854603,0.0012798313661010119,0.00017184260706098653
torsiontest2000,testcase-2140,WDFABIBGHSQJQY-UHFFFAOYSA-N,CO[C@@H]1CCC12CCC2,2-3,9,stereocentre_adjacent,0,8.426725656870985,0.18088295722055925,0.004701895127161646,0.08200677385689395,1.1179087222711737,0.1975743194362581,2.622697621686001,1.0359019484142797,3.495145631067942,0.3351428363049927,0.7935104877542813,0.08310489553532244,0.11868272158323451,0.0019194376537244502,0.0020796807244601134,0.0007027767489770826
torsiontest2000,testcase-2141,NQRCSDGPIDPNPN-UHFFFAOYSA-N,CN[C@@H]1CCC12CCC2,3-4,9,stereocentre_adjacent,0,7.929349534941139,0.1695355044388485,0.01455416707345593,0.052181671354908594,0.9674378117973024,0.2878130783820041,2.3467558728433575,0.9152561404423938,3.495145631067942,0.2717370023099439,0.6217189555300102,0.07370174713430723,0.2900251302622265,0.007425262485289563,0.007068933625735898,5.997096243046929e-05
torsiontest2000,testcase-2142,CFVVRUQZIXNITA-UHFFFAOYSA-N,c1cnc2c(c1)[C@@H](N[C@@H]1CCC13CCC3)CC2,4-5,17,stereocentre_adjacent,0,6.49123736016918,0.40987074987598726,0.008631584000683845,0.07067350462499089,1.2337773993302688,0.19221385960681747,1.9252739328304513,1.1631038947052779,4.993065187239949,0.27331659999675456,0.3100542397787933,0.3416554054887203,0.33965877073180256,0.0020153757884635347,0.004080568854815227,0.0025356393574050826
torsiontest2000,testcase-2143,FVIRFOLXWQIMEH-UHFFFAOYSA-N,CNc1ncnc2cccc(C)c12,10-11,13,plain,0,10.726588301418815,0.00018962348482301256,0.042472306508231174,0.41114100644344226,0.4132297620255734,0.7447914307278116,3.0413348802306484,0.0020887555821311188,4.993065187239949,0.013466941344906563,0.4720267679380536,0.2128933256511949,0.27260759990252026,0.03382466978193517,0.005010989486054002,0.0036366472402419997
torsiontest2000,testcase-2144,BFWVYBVSRYIDHI-UHFFFAOYSA-N,CC(C)(C)C1CCCC1,5-6,9,plain,0,5.733446508704219,0.0018576741943949504,0.010069492773220787,0.11200638186856604,0.14223055187575392,0.23280235623411547,2.0368949310697646,0.030224170007187884,117.33703190013875,0.033682444608828216,3.3194139975199916e-06,0.0005459975094837673,0.9893811903032979,0.0007045192154176846,1.656277147451941e-05,0.009348410786328584
torsiontest2000,testcase-2145,XGXNTJHZPBRBHJ-UHFFFAOYSA-N,c1ccc(Nc2ncccn2)cc1,5-6,13,anomeric|conjugated,0,2.9284736230038106,0.0007670078829373096,0.09590564930162258,0.07315231145961038,0.0775608282676149,0.29737128533539453,0.9335969733845314,0.004408516808004526,0.9986130374479671,0.006536986170082136,0.0006382310159084655,0.9028874618812026,0.0005686578012663605,0.08064223089301066,3.5209286738783624e-05,0.015228209121873127
torsiontest2000,testcase-2146,SXWZQUCTTOBHJT-UHFFFAOYSA-N,CNC1Cc2ccccc2C1,8-9,11,plain,0,5.5778475953266025,0.2307028858045981,0.005838630424638851,0.014980706456905673,0.8129075670557111,0.1301641886999063,1.6922240721635475,0.7979268605988055,6.9902912621359405,0.2698038560800014,0.29960434597804153,0.03164646078376454,0.6629105628135552,0.0013089951981801904,0.004203740619419491,0.0003258946070391696
torsiontest2000,testcase-2147,QNFVDWAGQRCQGB-UHFFFAOYSA-N,CC(=O)NC[C@@]1(C)CCOC2(CCC2)C1,4-5,15,stereocentre_adjacent,0,7.568270956282504,0.3197780456407,0.009113339709153845,0.0767571242111624,1.2753382990855395,0.2282038453147016,2.2525028892456507,1.198581174874377,3.495145631067942,0.35627831726593634,0.39049489207570093,0.09324239010375171,0.5071493781113934,0.004669210027392452,0.004182982552324813,0.00026114712943657933
torsiontest2000,testcase-2148,WYJOVVXUZNRJQY-UHFFFAOYSA-N,CC(=O)c1cccs1,2-4,8,conjugated,0,7.569394432357512,1.4787434794525506e-09,0.002849948080509205,0.004966158317939717,0.004967137643401862,0.1370147929606118,2.5648636410406254,9.79325462144992e-07,0.0,1.4644627170733955e-05,0.0012696913301212245,0.995020530880585,0.0008598297087845326,0.0026092723577865982,0.00018316863057917798,5.750709214342884e-05
torsiontest2000,testcase-2149,LKIVSDJTIHCTLP-UHFFFAOYSA-N,CC(=O)NC(C)(C)C#N,2-6,9,plain,0,6.250061847094912,8.756073138514373e-07,0.03154286998672848,0.02795133043766737,0.027991477314058384,0.28581208894104165,1.6018020994735667,4.0146876391013164e-05,0.0,0.0006107534977057746,0.09975639254850471,0.022208902570334494,0.8464918348944325,0.015744759215342394,0.01530788132498747,0.0004902294463986119
torsiontest2000,testcase-2150,UBGWYKSEGWKKFU-UHFFFAOYSA-N,CNC(=O)CN1CCOCC1,2-4,11,plain,0,7.5692643281654455,0.1650705760109384,0.11196925480047983,0.5014329393348694,1.022260692694522,0.8886671768730591,2.2492139760801217,0.5208277533596525,0.4993065187239836,0.11841993473268853,0.630415235905044,0.2215544534971958,0.03606105579728032,0.04286832278781726,0.04600904546657947,0.023091886546083108
torsiontest2000,testcase-2151,UBGWYKSEGWKKFU-UHFFFAOYSA-N,CNC(=O)CN1CCOCC1,4-5,11,plain,0,9.283796002564486,0.4763252300059871,0.06181389156818133,0.7032951466882875,2.214125976377896,1.0327758128881326,3.1222171610338143,1.5108308296896085,103.85575589459086,0.5731743157672622,0.6184051177834993,0.18720927416372027,0.13257171648459914,0.03825394333312404,0.007685935038968562,0.015874013196088724
torsiontest2000,testcase-2152,IJSUZCHYHMGIPJ-UHFFFAOYSA-N,CNC(=O)[C@@H]1CSCC(=O)N1,2-4,11,anomeric|stereocentre_adjacent,0,8.203127527143806,0.5527190926204695,0.013602135392899018,0.03578894015925279,1.8158915429707527,0.2870504920513584,2.442305524485029,1.7801026028115,5.492371705963933,0.32317243624528214,0.7826418313052926,0.1796199104910224,0.024136122810785844,0.010657314486358014,0.002585077183517617,0.0003597437230233877
torsiontest2000,testcase-2154,OVYBZGCFQDPCEN-UHFFFAOYSA-N,CC(=O)N1CC(S(C)(=O)=O)C1,5-6,11,plain,0,5.794796127011068,0.18527940862749878,0.0027013335063950875,0.029847332645774716,0.6784890420289222,0.08711843575639322,1.5750204587134182,0.6486417093831476,10.485436893203882,0.24282817553754435,0.2242969244026426,0.021902061779300805,0.7510996803116614,0.0018084570220415618,3.301665806708657e-05,0.0008598598262864393
torsiontest2000,testcase-2155,YIEXICQVYZKLCT-UHFFFAOYSA-N,CNC(=O)[C@@H](C)C(F)(F)F,2-6,10,anomeric|stereocentre_adjacent,0,5.286375984433107,0.24359630485080205,0.0024423770181614297,0.04520211714994993,0.928926232535924,0.1033174911059377,1.8804260777793662,0.8837241153859741,9.986130374479899,0.3119193204558769,4.612190110055994e-06,2.8684074897628655e-05,0.9975243267168309,3.652416897522784e-05,2.047006990799124e-05,0.0023853827792782107
torsiontest2000,testcase-2156,NIESPMKXXWMTAF-UHFFFAOYSA-N,CC(=O)N[C@@H]1C(=O)NC[C@@H]1C,3-4,11,gauche_effect|stereocentre_adjacent,0,18.016897953581065,0.36244867357225663,0.031461548717962744,0.2496485891548841,3.006132167745404,0.9172439166536497,4.982276819152081,2.7564835785905197,6.9902912621359405,0.27914625741075083,0.6340090945624342,0.12870197280643386,0.20582738391316913,0.02516699723470927,0.0023286926987550454,0.003965858784498426
torsiontest2000,testcase-2157,CFBYEGUGFPZCNF-UHFFFAOYSA-N,COc1ccccc1[N+](=O)[O-],2-3,11,biaryl,0,3.6299127818783745,0.1321897979628082,0.14532662536602348,0.15142333254093984,0.3623928047851292,0.37696301408553473,0.9181270222598289,0.21096947224418935,1.9972260748959911,0.10265172752865548,0.5563117785111238,0.1504062546172424,0.1479553415056104,0.037659913967990226,0.06389733459474192,0.04376937680329133
torsiontest2000,testcase-2158,CFBYEGUGFPZCNF-UHFFFAOYSA-N,COc1ccccc1[N+](=O)[O-],8-9,11,conjugated,0,1.0185968657606281,0.0002274950548794751,0.966470652483863,0.010550213069362045,0.011603004337436851,0.31495041780286137,0.32036100657114897,0.0010527912680748062,0.0,0.0019406753031016768,0.0005081044662198146,0.03166543691936428,0.0013558061305528402,0.9518472444269559,0.0007127475330319563,0.013910660523875244
torsiontest2000,testcase-2159,VGCSNHYGZYURJQ-UHFFFAOYSA-N,COc1ccc(CNC(C)=O)cc1,6-7,13,plain,0,1.8201838896493427,0.5691465706169844,0.011383099303390444,0.018381501130097896,0.46794609671882303,0.06863421544219407,0.6200680937616755,0.44956459558872514,18.973647711511774,0.18893976955673492,0.015571235660780131,0.96017634708035,0.012869317955479513,0.01093581624756907,0.0001563354978588097,0.00029094755796256385
torsiontest2000,testcase-216,MSXVEPNJUHWQHW-UHFFFAOYSA-N,CCC(C)(C)O,2-3,6,plain,0,4.9639955732855015,0.009564129904815451,0.005712358936497783,0.019869343317420046,0.16359008022892652,0.12705498342475588,1.6604977417580538,0.14372073691150647,119.33425797503469,0.04522093721792282,0.0055850264026137296,0.002845249502735745,0.9858573651581528,0.0014298319849590099,0.0005720143628572736,0.0037105125886815003
torsiontest2000,testcase-2161,PAPIULIUHITHDW-UHFFFAOYSA-N,c1ccc(-c2ncsn2)cc1,5-6,11,anomeric|biaryl,0,5.537751603813376,5.385919695902206e-07,0.015579372277639645,0.004481548614870264,0.004707347878389366,0.2450250620909217,1.9627460984586915,0.000225799263519102,0.0,0.0007483531954578895,1.7994362215089036e-05,0.9843921167826863,1.0516577459002716e-05,0.015550044781414269,4.513903119630095e-06,2.4813593105746754e-05
torsiontest2000,testcase-2162,FIOGTEHETWKJJI-UHFFFAOYSA-N,CNc1ncns1,4-5,7,plain,0,10.341893463104498,0.04067624450253976,0.08802697406820488,0.5873311955597693,0.8521082625961586,1.081553584676784,3.116863403167744,0.26477706703638926,9.486823855755887,0.11852837111607382,0.028456215966735122,0.8640234971648129,0.01949331280024729,0.06429271058156528,0.011617977287946342,0.012116286198693243
torsiontest2000,testcase-2163,YXRKOQNVOAKNCM-UHFFFAOYSA-N,c1nsc(N[C@H]2CCSC2)n1,5-6,11,stereocentre_adjacent,0,6.960996216163039,0.6160723689066756,0.007263019922290333,0.05089908924648547,1.8896092307973167,0.2113173214807489,2.407108449878469,1.8387101415508311,10.485436893203882,0.4515151108931689,0.8488439293443321,0.0439299639622193,0.09996308677115841,0.005853216147788036,0.00023154107620063436,0.0011782626983016628
torsiontest2000,testcase-2164,GIKWERIUUJADFI-UHFFFAOYSA-N,CNC(=O)c1ccsc1,1-2,9,anomeric|conjugated,0,15.396260069974232,0.013372893804894068,0.09672614870319701,0.8159438369240538,0.9319841999577745,1.4604229193613898,3.9790735432860656,0.11604036303372067,2.9958391123439583,0.04581498452876095,0.027853925408611646,0.7990669138028308,0.0763530120853605,0.06846091132626908,0.01791518029437304,0.010350057082554893
torsiontest2000,testcase-2165,JRHNUZCXXOTJCA-UHFFFAOYSA-N,CCCF,2-3,4,plain,0,4.64251101584523,2.280369939598413e-07,0.0016877894627160825,0.00198466692212981,0.0020912147650244406,0.05672900586185861,1.3800051317524684,0.00010654784289463063,0.0,0.00020415960215898737,0.0494792520500339,0.045533364582514176,0.9032995939047359,0.0014958585173987552,0.00014250645029189056,4.9424495025436766e-05
torsiontest2000,testcase-2168,BRCGTWDZTMOAAA-UHFFFAOYSA-N,CN1CCC[C@H](CF)C1,5-6,9,stereocentre_adjacent,0,4.580910102115013,0.062258451774547474,0.0009139126596306468,0.0024831901419461863,0.356058454903253,0.04320981144436352,1.4269624517048685,0.3535752647613068,0.4993065187239836,0.10221524539158702,0.05641283980327804,0.03641041508002906,0.9062628324570621,0.0007233068716013029,0.0001670680105007361,2.3537777528607693e-05
torsiontest2000,testcase-2169,OTFOOSOJJVETBP-UHFFFAOYSA-N,CNCc1ccc(OC)nc1,6-7,11,plain,0,3.428611330455169,0.6525947826463349,0.5848236853646271,0.4712546875883717,0.8864754435357122,0.8528151702742716,1.0420903801071797,0.4152207559473405,17.975034674063807,0.2726907777953052,0.052666532434503276,0.3228311362774854,0.03967864592338421,0.23987965444455037,0.0013314651562369108,0.34361256576383986
torsiontest2000,testcase-2171,ZKOHREWPLJVEKY-UHFFFAOYSA-N,[H]/N=C(\O)[C@@H](c1ccccc1)N(C)C,2-3,13,anomeric|conjugated|stereocentre_adjacent,0,11.529861487622838,0.3209447063884396,0.1643237813319196,0.8606005374681227,2.0017304806195555,1.5533739346273305,3.3042014022788675,1.1411299431514328,55.922330097087354,0.31094489358896177,0.5348228404510157,0.23542272581053103,0.06543065240653363,0.047518206545485206,0.07967552831433695,0.03713004647209743
torsiontest2000,testcase-2172,SOJBACOHYITNTH-UHFFFAOYSA-N,[H]/N=C/[C@@H](c1ccc(C#N)cc1)N(C)C,2-5,14,conjugated|stereocentre_adjacent,0,6.60402957041515,0.9025663347833505,0.16819546845895658,0.8445643893551446,2.137409392968313,1.1965451225197585,2.232643937944052,1.2928450036131682,119.33425797503469,0.5264078176657115,0.0007309951300633641,0.8308089834380366,0.00026455297294352803,0.053091184186323664,0.0010061409591665773,0.11409814331346634
torsiontest2000,testcase-2173,DLFVBJFMPXGRIB-UHFFFAOYSA-N,[H]/N=C(/C)O,2-4,4,plain,0,6.335325807944173,4.2413038184526546e-10,0.0003386091342565495,0.00034795400507694037,0.0003507833356634904,0.03972969505018586,2.158984092108473,2.8293305865500335e-06,0.0,1.253583192149977e-05,0.00159121243603845,0.9965218875402498,0.0015482908894553515,0.0003383820697884986,1.2422444354976356e-07,1.028400245011854e-07
torsiontest2000,testcase-2174,AUZPZBPZWHEIDY-UHFFFAOYSA-N,CC(=O)Nc1ccccc1F,3-4,11,anomeric|amide|conjugated,0,10.518657501612324,6.708830830465342e-05,0.050514501399718865,0.11666182320212203,0.11889688382659427,0.6403374050284983,2.803803707694136,0.0022350606244722487,0.49930651872409726,0.007471119017764463,0.8723029043530389,0.011262920518391898,0.0659196737288503,0.0423714210089084,0.007581442363581565,0.0005616380272289013
torsiontest2000,testcase-2175,QQMRATZWCBMFHP-UHFFFAOYSA-N,CC(=O)N(C)CC(C)(C)C,5-6,10,plain,0,3.408068005403038,0.046663081492411954,0.002867672448176381,0.04894459724764293,0.2659677781977953,0.08121329077038189,1.2112003677134173,0.21702318095015238,124.82662968099862,0.08223597914045738,4.800698829072485e-05,0.0006197121813194517,0.9964646083822134,0.0008172265062591388,0.00010998036476343268,0.0019404655771538097
torsiontest2000,testcase-2176,KPSSIOMAKSHJJG-UHFFFAOYSA-N,CC(C)(C)CO,2-4,6,plain,0,5.506430392648326,0.0025505202252075008,0.0011593874546211825,0.004566623930847274,0.09830457878595023,0.06636439366154905,1.9444265673383667,0.09373795485510295,0.49930651872409726,0.025745343414452154,2.1820838833283753e-05,0.00024701815883286895,0.9985717735477125,0.0002485461084971845,1.4729820267327985e-05,0.0008961115258566701
torsiontest2000,testcase-2177,BMVSAKPRNWZCPG-UHFFFAOYSA-N,N#CCc1ccncc1,3-4,9,biaryl,0,0.9471976105414797,0.00010790671475550399,0.0003848130425614671,0.005806859053768729,0.006782413026417886,0.008804402248675834,0.3374163978523866,0.0009755539726491571,0.9986130374479671,0.0016388880859842926,0.0006174859543974328,0.9989056793152835,9.202168775754264e-05,4.3506249965545285e-05,0.000334081586945288,7.225205650633754e-06
torsiontest2000,testcase-2178,QROKOTBWFZITJZ-UHFFFAOYSA-N,CC(=O)Nc1ccccn1,2-4,10,anomeric|conjugated,0,14.146124810678884,2.407559039633717e-07,0.058110002919708685,0.32865402561727514,0.32866029964357735,1.0504305206529885,4.151797869044379,6.274026302210967e-06,0.0,0.0005991321676514607,0.15401481590107782,0.7877433653678063,0.0001318158114069838,0.05001765862865464,3.586625943235177e-07,0.008091985628459723
torsiontest2000,testcase-2179,QROKOTBWFZITJZ-UHFFFAOYSA-N,CC(=O)Nc1ccccn1,4-5,10,anomeric|biaryl,0,9.079896853247192,2.2820019262127024e-05,0.004890599557410101,0.02558733254920304,0.030289342228551525,0.2386658062358987,3.3932142956518487,0.004702009679348484,0.49930651872409726,0.00192666352661719,0.9296163862897536,0.06278052993664332,0.002712484216192849,0.0037539431892480452,0.0010240188346859831,0.00011263753347607266
torsiontest2000,testcase-2180,WLJVXDMOQOGPHL-UHFFFAOYSA-N,O=C(O)Cc1ccccc1,5-6,10,plain,0,5.659297709527891,0.4637404297255821,0.5348101901979242,0.7791512300809145,0.9591162758635272,0.9837918593854466,1.1321008601207723,0.17996504578261274,153.78640776699024,0.19716070433147756,0.15390329358074992,0.14429358818434077,0.16699292803698515,0.19890341076389828,0.1740902145816057,0.16181656485242013
torsiontest2000,testcase-2181,WLJVXDMOQOGPHL-UHFFFAOYSA-N,O=C(O)Cc1ccccc1,6-7,10,anomeric|conjugated,0,1.1740486102062277,0.0022356408562046026,0.020159146686615212,0.012194442904652216,0.019700472955156898,0.04803588282566818,0.32746557052485,0.007506030050504682,0.9986130374479956,0.007780025543554356,0.26294474512372257,0.589821407294143,0.12707470089551934,0.016515829946393973,0.00042881924658613605,0.003214497493635105
torsiontest2000,testcase-2183,VQNVOVAHJAHGQP-UHFFFAOYSA-N,CC(=O)N1CCC[C@H]1CO,7-8,10,stereocentre_adjacent,0,6.771841137553565,0.5581212101893157,0.20552824552666102,0.6017687857382371,1.6153643751582094,1.0907260245969905,2.0949036165985477,1.0135955894199724,0.0,0.4980850372077471,0.5073926132394918,0.05888217429153601,0.22819696694231117,0.06793783940649167,0.05516755832889952,0.08242284779126982
torsiontest2000,testcase-2185,GDVSXSXNJQRREF-UHFFFAOYSA-N,CC(=O)N[C@H]1CCCCOC1,3-4,11,stereocentre_adjacent,0,13.37853694736259,0.5646931105964217,0.0044666721221796,0.4234372827597055,3.0753078280144237,0.5026817375265743,4.075517947254839,2.6518705452547184,23.966712898751723,0.5914760070241676,0.9559230604574431,0.007426641893212183,0.03218362552716512,0.0029605419329994604,0.0008534724341310879,0.0006526577550490524
torsiontest2000,testcase-2188,OHLUUHNLEMFGTQ-UHFFFAOYSA-N,C/N=C(\C)O,2-3,5,plain,0,10.639086309587583,3.840961576137661e-08,7.970613710873453e-05,0.011127889389689116,0.011147200637084785,0.031882310092670535,3.3465495324967343,1.931124739566921e-05,0.4993065187239836,0.0005029502490636648,0.38493523416643294,0.61128583903545,0.0036992206610083327,7.816542981323032e-05,1.4822471798636497e-06,5.846011564056695e-08
torsiontest2000,testcase-219,GVJZPPQKBCDATF-UHFFFAOYSA-N,CN(C)C[C@@H]1CCCN(C)C1,3-4,11,stereocentre_adjacent,0,6.787811828020494,0.4557793188505254,0.05707279765409188,0.4558498050051232,1.353833796342316,0.6413191676296929,1.9424900117485457,0.8979839913371928,115.3398058252427,0.4318435849452328,0.3899426969410493,0.11254027347864438,0.44044423192621446,0.006201574550313597,0.03315433689557689,0.01771688620820139
torsiontest2000,testcase-2191,NQTPMZPXZYYRAB-UHFFFAOYSA-N,CNC(=O)c1ccsc1Cl,2-4,10,conjugated,0,3.5241476501105353,8.110286923409257e-06,0.05718276743727048,0.03026326546064326,0.03046542841541051,0.29576536447958013,1.2307243106425239,0.00020216295476725016,1.4979195561720644,0.00159069749724067,0.6540305539282026,0.286268101522722,0.0025185771118048593,0.05189941680020469,0.004615518228102046,0.0006678324089637381
torsiontest2000,testcase-2192,PFKCCZYAKVHHEE-UHFFFAOYSA-N,CC(=O)NC1CCOCC1,3-4,10,plain,0,5.338091841724236,0.5905986276012304,0.0027551197623115623,0.01106735810538588,1.5161627584175885,0.10414143915563506,1.9728530456357596,1.5050954003122026,100.36061026352286,0.4740978701782857,0.6418919315470083,0.15089402092885607,0.20445892776182412,0.0009474550439451455,0.0009366120813617355,0.0008710526370046813
torsiontest2000,testcase-2193,JDAFADIGSWFDNX-UHFFFAOYSA-N,CCN1C[C@H]2C[C@H]2C1,2-3,8,stereocentre_adjacent,0,5.443273111042799,0.263066019728255,0.00888382957356367,0.025870835966043018,0.870070165906324,0.1618998838143481,1.6958230431598467,0.844199329940281,7.489597780859924,0.2718136770511625,0.24770300435120607,0.051592437594103785,0.6918207284811264,0.0034934183846020007,0.0027889235675234493,0.0026014876214382194
torsiontest2000,testcase-2194,SJXFRBJTCADHHF-UHFFFAOYSA-N,O=C(NC1CC1)c1ccccn1,3-4,12,anomeric|conjugated,0,17.510067590279505,0.008530274739467138,0.048519764558148264,0.38856262130269836,0.59428762257706,1.1406420233934267,4.884092241109812,0.20572500127436166,2.4965325936199747,0.08330949513638308,0.18730251905578782,0.7635751064490474,0.0006026099370166428,0.04094895878883202,0.0004138448787586048,0.007156960890557631
torsiontest2000,testcase-2196,USTRJLXKHMURIF-UHFFFAOYSA-N,COC(=O)CCc1cccs1,4-5,11,plain,0,4.474844854208641,0.023856622126448755,0.010400466431792698,0.07158895458195752,0.20297979603728308,0.14440393014008454,1.2317946410019929,0.13139084145532556,136.80998613037445,0.09788068350970507,0.10488913203939704,0.16264024546019248,0.7220701560686177,0.0040403238915695605,0.001949419792634022,0.004410722747589116
torsiontest2000,testcase-2197,ZJZKFNROWXHSRU-UHFFFAOYSA-N,CC(C)[C@@H]1CCCN(C)C1,2-4,10,stereocentre_adjacent,0,6.7346931652282365,0.0017769926226880403,0.019285680680681802,0.020167528661522754,0.0822126843020773,0.2633383795520401,1.890792737441001,0.062045155640554545,0.49930651872409726,0.02079588165183505,0.19082678504049366,0.1020246744741478,0.6878628598046769,0.004817910641640788,0.0015034475206291557,0.012964322518411859
torsiontest2000,testcase-2198,NBPOFEBWTUOUJW-UHFFFAOYSA-N,COCCC(=O)NOC,5-6,9,plain,0,5.93301608361071,0.25622795711512075,0.12207497336082372,0.46203397773738475,0.9624012205162324,0.7436713011118494,1.7306481408482137,0.5003672427788477,129.3203883495146,0.3474418806367425,0.10851233971780382,0.0661020544155975,0.7033106325057751,0.04237247173586496,0.05850323748144374,0.02119926414351504
torsiontest2000,testcase-2199,KXDAEFPNCMNJSK-UHFFFAOYSA-N,NC(=O)c1ccccc1,5-6,9,anomeric|amide|conjugated,0,3.201082676940132,1.5299571194025547e-05,0.11638148720686099,0.0348586520830262,0.03515255128507024,0.3971594618837077,1.1602176174050176,0.00029389920204404146,0.0,0.001638687407332162,0.0002496465134715228,0.882532524372523,0.0008363419071443711,0.1138983633623659,5.702211610337043e-05,0.0024261017283917228
torsiontest2000,testcase-220,BVURNMLGDQYNAF-UHFFFAOYSA-N,C[C@H](c1ccccc1)N(C)C,2-4,11,stereocentre_adjacent,0,6.013182463066187,0.6215617098277132,0.5911005197437043,0.5418894858837876,1.481353542096681,1.449571207610338,1.8307632768888893,0.9394640562128934,68.90429958391127,0.4100937317083823,0.0005876493086938991,0.40771097140009144,0.0006008595475103233,0.3346924694729816,0.0003459460185334132,0.2560621042521892
torsiontest2000,testcase-2200,KXDAEFPNCMNJSK-UHFFFAOYSA-N,NC(=O)c1ccccc1,6-7,9,conjugated,0,16.04355809270055,0.11640762303779074,0.15899399287203056,1.0316509454792977,1.8928101413845355,2.122278090143969,4.764333905759056,0.8611591959052378,6.4909847434119285,0.2035407617865951,0.034984618680228556,0.7849967178300237,0.02102467061771731,0.11994844084079809,0.005914895489632354,0.03313065654160012
torsiontest2000,testcase-2201,RBRIVPKBTYDNPW-UHFFFAOYSA-N,CO[C@@H]1CN(C)C[C@H]1C,2-3,9,gauche_effect|stereocentre_adjacent,0,5.310031687258743,0.19851201053822926,0.0203167985094782,0.04825636520324051,0.6851049513114302,0.22389302854590135,1.5346112436291446,0.6368485861081897,127.32316227461865,0.26578210129514435,0.32707503278750477,0.14956555609406672,0.5030426126089504,0.011693467113612613,0.006947605650530394,0.0016757257453351936
torsiontest2000,testcase-2202,TXCAEQCEZGQFMO-UHFFFAOYSA-N,O=C(C=C1CCC1)N1CCCC1,3-4,12,anomeric|conjugated,0,17.116155570780393,0.009806473729939365,0.03205463191456327,0.6225755635114449,0.8021597932932412,1.1063158809152143,5.1457331747556685,0.17958422978179622,0.9986130374479671,0.10264662824093122,0.030095484299838708,0.8901170920350185,0.04773279175057955,0.02158919404165816,0.008205717913718255,0.0022597199591868618
torsiontest2000,testcase-2203,JIXDOBAQOWOUPA-UHFFFAOYSA-N,COc1ccccc1F,2-3,9,biaryl,0,2.415160216682125,1.1193598083726762e-07,0.027012810087523088,0.022580058510032617,0.02258115818981965,0.1117796127759028,0.6664694354557185,1.0996797870331532e-06,0.0,7.540238629144627e-05,0.27271757534827623,0.24816136090005436,0.4521082536641463,0.024446933029378837,0.0005110045218559997,0.00205487253628825
torsiontest2000,testcase-2204,NAGFMACWWJYORB-UHFFFAOYSA-N,CNC(=O)c1ccccc1F,2-4,11,conjugated,0,6.586784301500302,5.848998797578652e-05,0.04247773885689382,0.08362997376518477,0.08472890190684301,0.37597715389249103,1.780498185304702,0.0010989281416582397,0.49930651872409726,0.0026767929614906227,0.8515887917912516,0.04027897090808459,0.06565449844377007,0.036090625587004176,0.004791622946514768,0.001595490323374878
torsiontest2000,testcase-2205,UCLUESYFXPEZLE-UHFFFAOYSA-N,C=CCN1CCN(C)C[C@@H]1C,8-9,11,plain,0,8.237758735311218,0.4406811950000309,0.017656743454757793,0.11698906419005801,1.738504853106781,0.36638354780893806,2.615550820720552,1.621515788916723,9.486823855755887,0.4234866488502725,0.2830396752020678,0.4277335773025234,0.2715700040406511,0.010641513024165682,0.003075380629605479,0.0039398498009866325
torsiontest2000,testcase-2206,HJZUKPZSXHDOBM-UHFFFAOYSA-N,COC(=O)C1=CSc2ccccc2N1,2-3,14,anomeric|conjugated,0,12.757032064255327,0.002689260583024638,0.015081482092036117,0.6429225993350894,0.6667532835146504,0.7670588086890463,3.466836109874197,0.023830684179560913,1.4979195561719791,0.021114626503292572,0.7774501272547911,0.1853114552436455,0.02215693540952733,0.0026040125270694247,0.008654275663647992,0.003823193901318699
torsiontest2000,testcase-2207,BCNGPFIGFUDBFS-UHFFFAOYSA-N,COC(=O)C1=C(C)Sc2ccccc2N1,2-4,15,anomeric|conjugated,0,6.588050037040375,0.0056931580271682315,0.011802339608920354,0.011545617985315714,0.1701624959018496,0.2447106802926994,2.250041530631819,0.15861687791653387,0.0,0.040346973124740455,0.008712815868875479,0.979400832580299,8.401194190528407e-05,0.011323013844753324,0.00034184903469803966,0.0001374767294689878
torsiontest2000,testcase-221,DFVBHXBECSWNIC-UHFFFAOYSA-N,CN(C)C(=O)CN1CCc2ccccc2C1=O,5-6,17,plain,0,7.089858607156202,0.24082685805416587,0.06933949125477831,0.5642680843447926,1.2543251181711825,0.8244523646392811,2.351452999127499,0.6900570338263899,124.82662968099862,0.36729014988198677,0.43518547240655775,0.4274903994838624,0.06798463685480155,0.0552075357669052,0.009787904440574003,0.004344051047299117
torsiontest2000,testcase-2211,PENVYHXKYYCYML-UHFFFAOYSA-N,COc1ccncn1,2-3,8,biaryl,0,8.606751981074922,4.568917758990315e-10,0.002285398275240902,0.023948693058721094,0.023948763440183696,0.13204521476082437,2.716411106190856,7.038146260240907e-08,0.4993065187239836,1.0390120570497844e-05,0.2930958241624575,0.702110521234474,0.0025082563278275645,0.0022679382448969614,2.851934069008174e-07,1.717483693703963e-05
torsiontest2000,testcase-2212,BQNXHDSGGRTFNX-UHFFFAOYSA-N,CNc1ncccn1,5-6,8,plain,0,11.544107999041444,0.0005255708204466832,0.08100625083061551,0.43202358847705374,0.4399481805822234,1.1187895679926423,3.651619731327659,0.007924592105169659,0.9986130374479671,0.017691262413688316,0.00024004479896924297,0.918426886414121,0.00032681795629432495,0.0694445802140571,1.5736958358108211e-06,0.011560096920722584
torsiontest2000,testcase-2213,ICFWLGYCUXWLGI-UHFFFAOYSA-N,CCNc1ncccn1,6-7,9,plain,0,6.486389446305111,1.6590657982100889e-06,0.00479032244076496,0.02851037800430939,0.028620017023649306,0.1374715559262779,1.9432584654370606,0.00010963901933991674,155.78363384188629,0.0005753260400425673,0.49341694272366154,0.34366961067161766,0.15812312416395571,0.004777576701708789,1.0339603470672009e-05,2.4061355854976424e-06
torsiontest2000,testcase-2214,XRLDSWLMHUQECH-UHFFFAOYSA-N,NC(=O)C1CCCC1,4-5,8,anomeric|amide|conjugated,0,2.1028134519583546,0.8303184325698652,0.02526931859510793,0.05289668334907047,0.625181912425122,0.12086288501633116,0.6856777779159834,0.5722852290760515,14.97919556171982,0.25154514621636714,0.9228837394399226,0.02044076948875046,0.03140617247621901,0.006897314946768392,0.013647249847813679,0.004724753800525862
torsiontest2000,testcase-2217,VBQJLUIHUUNITM-UHFFFAOYSA-N,CC(=O)N[C@]1(C)CCOC1,2-3,10,anomeric|amide|conjugated|stereocentre_adjacent,0,6.081028521060944,0.1530254699028967,0.07396013397172096,0.3828508553018546,0.7461703571173697,0.5872223939808133,1.6814118877443862,0.3633195018155151,9.486823855755887,0.2659083874385612,0.2609356537673111,0.05743089344908704,0.6076733188118809,0.033834369560747056,0.012721432140091166,0.027404332270882743
torsiontest2000,testcase-222,KHPRIXFCXPVOGF-UHFFFAOYSA-N,COP(=O)(CN(C)C(C)=O)OC,4-5,12,plain,0,7.714796222513542,0.24097068244056,0.02708193059184095,0.22774289601484873,1.1220750904378594,0.43305754825251097,2.249788416812518,0.8943321944230106,146.79611650485435,0.4473451794400966,0.30861988423688813,0.6584532015519262,0.005844983619344536,0.0105432241983823,0.0033021235868270255,0.013236582806631625
torsiontest2000,testcase-2222,GQKZBCPTCWJTAS-UHFFFAOYSA-N,COCc1ccccc1,1-2,9,plain,0,4.646094018680742,2.4766076756440895e-06,0.0013876603455577358,0.0067105006759968465,0.00701394194838536,0.04876954645555567,1.2967676856726542,0.00030344127238851343,136.31067961165047,0.0010972896914191001,0.11168697598247221,0.23369800488442843,0.6532273587875417,6.879585230408624e-05,0.0013122954465442523,6.569046709397271e-06
torsiontest2000,testcase-2223,GQKZBCPTCWJTAS-UHFFFAOYSA-N,COCc1ccccc1,2-3,9,biaryl,0,3.727824914327357,0.9286568377073722,0.16620485752672068,0.45393981884041645,0.9768773691012832,0.5830729611310775,1.0058683515921298,0.5229375502608667,19.472954230235786,0.3226866575089627,0.03283080233352134,0.7674471372661493,0.03351720287360864,0.0249217017033624,0.02923208822122533,0.11205106760213296
torsiontest2000,testcase-2224,KOHBEDRJXKOYHL-UHFFFAOYSA-N,CNCCOC,2-3,6,plain,0,7.4185200967185665,0.2280731764473007,0.0033325137437650895,0.005839593590569338,0.8870469928354885,0.10738134690372787,1.8573848605613805,0.8812073992449192,130.81830790568654,0.40571021877674085,0.3108882040279955,0.19101231102294497,0.4947669712052945,0.0030246212279503317,0.00020405043546872125,0.0001038420803460366
torsiontest2000,testcase-2225,MEDVLGKKCCKQAO-UHFFFAOYSA-N,CN[C@@H]1CCC[C@@H]1C,1-2,8,stereocentre_adjacent,0,8.429186404857319,0.3362639602070831,0.016786578546464835,0.05509342932374362,1.4689684993444525,0.3325754384516779,2.5320340839746147,1.4138750700207088,108.34951456310682,0.4745746954821806,0.6592195083047854,0.08260768493325973,0.24138622821549,0.011352774810911546,0.005426073454763648,7.730280789643812e-06
torsiontest2000,testcase-2226,CDUHDFNXTKLDEU-UHFFFAOYSA-N,COC1(C)CCCCC1,2-3,9,plain,1,5.614710813300917,0.5845606674384575,0.012164557544335486,0.08359341758209764,1.6322712441979645,0.24957171391254984,2.133736655179819,1.548677826615867,0.9986130374479671,0.4454462550750623,0.6279324206934117,0.12966485005575665,0.23023817170649608,0.0036514205619882904,0.004758855521861984,0.0037542814604852107
torsiontest2000,testcase-2228,CBLDRLBSGVEAHL-UHFFFAOYSA-N,CC(=O)N1CCC[C@H]1[C@@H]1CCCO1,7-8,13,stereocentre_adjacent,0,8.977790060103871,0.46724133571737164,0.013568462818665628,0.16139950174500492,1.598263636527525,0.3153936234083071,2.331819199327726,1.43686413478252,14.97919556171982,0.42251957713948934,0.5211334898356524,0.1169718515947937,0.3483261957508883,0.011336391389320922,0.0011441218018094378,0.001087949627535271
torsiontest2000,testcase-2229,DUUDSVJQKGZSDN-UHFFFAOYSA-N,CN[C@H](C)c1ccc(OC)cc1,2-4,12,stereocentre_adjacent,0,6.318996240850538,0.9170944441769499,0.10425980367351106,0.5346283214231039,1.7238723734171912,0.7688787181386972,1.7929142221843761,1.1892440519940872,1.9972260748959627,0.4878061517858491,0.0003979695895810323,0.89503848678154,0.00030373995536796814,0.027910964491982486,0.0006611722762624467,0.07568766690526614
torsiontest2000,testcase-223,KHPRIXFCXPVOGF-UHFFFAOYSA-N,COP(=O)(CN(C)C(C)=O)OC,2-4,12,conjugated,0,6.604361831909046,0.4872869217181141,0.0031684386880778317,0.08445577732352488,1.4013721586684944,0.14091024404983044,2.005655455590605,1.3169163813449696,42.44105409153951,0.4511854267503601,0.6298167536295686,0.30952881960040096,0.05748598808195241,0.0007938385848184629,0.0018052160342420956,0.0005693840690172729
torsiontest2000,testcase-2230,GINJNNGWMNSBIG-UHFFFAOYSA-N,CN[C@H](C)CN,2-3,6,stereocentre_adjacent,0,6.952307154802838,0.167539417039185,0.0058152010569613236,0.1884271011085549,0.8046523487517465,0.23821336603195536,1.9204532473430411,0.6162252476431916,1.9972260748959911,0.3094736459841608,0.1387218590465627,0.05491159217548563,0.8005513477209905,0.0020906276649320034,0.003108729450267326,0.0006158439417619939
torsiontest2000,testcase-2231,VLLSCJFPVSQXDM-UHFFFAOYSA-N,N#CCOc1ccccc1,6-7,10,gauche_effect,0,5.194959016516805,0.0015251015027313512,0.0097820558100126,0.07441276442772625,0.09329129806073333,0.16076110123500786,1.4427293563030004,0.01887853363300708,150.79056865464634,0.012703397583878834,0.1122171326336348,0.3443192123710555,0.5336815991852972,0.004601637097633319,0.0007968010668815107,0.00438361764549777
torsiontest2000,testcase-2232,PBGVMIDTGGTBFS-UHFFFAOYSA-N,C=CCCc1ccccc1,3-4,10,plain,0,4.512212105764775,0.012418935979772321,0.0007285802974828782,0.009011857849563246,0.1528433391872782,0.03803906241569707,1.3691702912057333,0.14383148133771495,1.9972260748959911,0.05714060557466304,0.036584853961550895,0.044517028545165545,0.9181695371958006,0.00043939259860435845,4.397938244538485e-05,0.0002452083164331349
torsiontest2000,testcase-2233,ZXOVAGUQXNXKHF-UHFFFAOYSA-N,CCc1ccccc1NC(C)=O,2-3,12,biaryl,0,6.305799218709581,8.933804277664491e-05,0.02592374538095758,0.04940203233408983,0.05277899507936349,0.3202656204835276,1.9659313618683962,0.0033769627452736595,0.0,0.00386608055104799,0.42095947680297646,0.3319101042028055,0.2212066736132604,0.02219556346579934,0.003239207942332672,0.0004889739728255671
torsiontest2000,testcase-2234,CXPCUCKVWQEKOK-UHFFFAOYSA-N,CNC(=O)c1ncccc1Cl,2-4,11,conjugated,0,7.015216788160615,1.376256357402277e-06,0.014076590322933714,0.010952764800363094,0.011256473587999303,0.26288863396301776,2.2138648661979152,0.0003037087876362095,14.479889042995865,0.0008238284932620796,0.9563361627918568,0.008047284030052221,0.021539962855157045,0.013772326193737165,0.00016033845478822763,0.00014392567440832266
torsiontest2000,testcase-2238,CPPRQLFPAMCTRW-UHFFFAOYSA-N,CNC(=O)CC(C)(F)F,4-5,9,anomeric,0,6.693318891164381,0.27683693884524263,0.027074353907576648,0.49928759704211606,1.1226493887822755,0.59005787158891,1.975207944690635,0.6233617917401595,116.83772538141471,0.31449038355325887,0.2776984031065834,0.04516470536649173,0.6500625376193482,0.002915675741463751,0.004077264425379498,0.0200814137407334
torsiontest2000,testcase-2239,FDOPVENYMZRARC-UHFFFAOYSA-N,CC(F)(F)C(F)(F)F,2-5,8,plain,1,4.368037522595841,7.992540666127429e-09,0.00031286669352769764,0.004676188547001062,0.004678228197779421,0.027726183454200717,1.5450611783133918,2.0396507783588397e-06,119.33425797503469,3.280946450902995e-05,8.616240252046388e-06,0.00028893209494942326,0.999389584971271,0.00024643491523924173,4.09027665215554e-08,6.639087552193432e-05
torsiontest2000,testcase-224,RKEXPBCMGJAOLM-UHFFFAOYSA-N,CNC(=O)Cc1ccccc1,5-6,11,anomeric|conjugated,0,3.1972813879256137,0.0001806836382259667,0.0010993667445557127,0.027847209971189633,0.030690651911307404,0.04228737228187916,0.9602047310773092,0.0028434419401177705,2.995839112344015,0.008172667534485532,0.9725131960327537,0.0014255634626290441,0.02496187376006162,0.0001785975820848453,9.567059275236226e-05,0.0008250985697185052
torsiontest2000,testcase-2240,ZWCYFUQINJYFNN-UHFFFAOYSA-N,CCC1(OC)CCC1,3-4,8,plain,0,7.397005801234627,0.277108417311944,0.031830610816938144,0.054037994350066475,0.9591989760789079,0.329043036979694,1.8200577714991961,0.9051609817288414,126.82385575589461,0.4221916171017175,0.0788188880183332,0.1473867409631555,0.7419637602015732,0.011309247097902164,0.019096284893126602,0.0014250788259093745
torsiontest2000,testcase-2241,HCTZDKQWRNKPMT-UHFFFAOYSA-N,CNCCC1CCC1,2-3,8,plain,0,4.773204647441162,0.012609316166076539,0.003512586754321438,0.007017431269592623,0.14694079713256034,0.07778388928521786,1.3070949150908004,0.13992336586296772,1.9972260748959911,0.06871486786968693,0.13501173864413393,0.04732819827664797,0.8141474763248966,0.002542327815034373,0.0006590387981692807,0.00031122014111778447
torsiontest2000,testcase-2242,LMTGCJANOQOGPI-UHFFFAOYSA-N,CC(=O)N(C)c1ccccc1,2-3,11,anomeric|conjugated,0,14.69940693496028,0.005312188548772761,0.05888828276025236,0.5131000973548241,0.6090490217445097,1.2069939835413501,4.53117487202966,0.09594892438968561,3.9944521497919823,0.07383490208937352,0.12055696396703189,0.7930659812223894,0.027488772050326363,0.04774113612259885,0.001399651206760756,0.009747495430892759
torsiontest2000,testcase-2243,LMTGCJANOQOGPI-UHFFFAOYSA-N,CC(=O)N(C)c1ccccc1,2-5,11,conjugated,0,5.27864438429242,0.000956162677876935,0.1659588829743243,0.12512127345937105,0.13569599755334835,0.703112341076152,1.7029913537427936,0.010574724093977306,177.75312066574202,0.01988551079545403,0.003234717285444919,0.8300187429543984,0.0007876567858323236,0.14680521799306084,2.734901915727099e-05,0.019126315962106174
torsiontest2000,testcase-2244,PLJUASWLJMGJMH-UHFFFAOYSA-N,CN(C)Cc1ccc(C#N)cc1F,6-7,13,plain,0,6.653883401595522,0.20022443574465398,0.1411710617650441,0.6910863052116633,1.1377535989230005,1.0264281638942885,2.1348154891417632,0.4466672937113373,1.4979195561719791,0.2789640411375763,0.5898869393461899,0.16695533819502667,0.10198666069373934,0.03620411234445945,0.04382082731098167,0.061146122109602984
torsiontest2000,testcase-2245,SVYKKECYCPFKGB-UHFFFAOYSA-N,CN(C)C1CCCCC1,1-2,9,plain,0,7.801529405842302,0.027873812751845656,0.02290466532845944,0.08715093837060772,0.3668530997031223,0.33457962586976614,2.136199677836994,0.2797021613325146,0.4993065187239836,0.05119377622343853,0.18644814377411825,0.198425680367525,0.5922215105298971,0.006707682180792268,0.001896163689422617,0.014300819458244558
torsiontest2000,testcase-2249,JACZWLDAHFCGCC-UHFFFAOYSA-N,CC(=O)N1CCCC[C@@H]1C(=O)O,7-8,12,anomeric|conjugated|stereocentre_adjacent,0,12.998872615222353,0.9647682831015595,0.005239121724455596,0.07501190510667956,3.7846514055855236,0.2887555448409261,3.8531094907674284,3.709639500478844,64.90984743411927,0.7642341911065146,0.8743499285513132,0.10727664968096519,0.013134300043266038,0.005001651864709874,0.00019053335363754934,4.6936506108171586e-05
torsiontest2000,testcase-2250,SVXPSKKRNACRPB-UHFFFAOYSA-N,CC(=O)N(C)CC(=O)O,2-3,9,anomeric,0,13.828849669895135,0.025675648843668863,0.005438895035294916,0.28355003470208556,0.7024290468243487,0.40974136079321344,4.020689414994217,0.41887901212226314,3.994452149791954,0.0669084536950658,0.06967643265800147,0.9130979211366737,0.011786751170029943,0.002634655698566698,0.0013049043114755163,0.0014993350252527013
torsiontest2000,testcase-2251,SKBXXZBWCIRDFH-UHFFFAOYSA-N,CN(C)C(=O)C1CCOCC1,3-4,11,anomeric|conjugated,0,7.133172136964276,0.56360363659726,0.017072770350190208,0.0693493546539502,1.8533383450109595,0.3297167407794088,2.467942603644404,1.7839889903570092,100.36061026352287,0.522928832506114,0.5755096340755923,0.20680530229011035,0.2006122932841072,0.011687080108923362,0.0053143416963432055,7.134854492363919e-05
torsiontest2000,testcase-2253,NVTLFQBLMSATNO-UHFFFAOYSA-N,COC(=O)[C@@H](c1ccccc1)N1CCCC1,3-5,16,conjugated|stereocentre_adjacent,0,5.197305092995521,0.8854995528303227,0.011864396468323851,0.011765802196822042,1.5330899195679826,0.17784262836963155,1.6291909612600683,1.5213241173711605,26.463245492371698,0.47047101134493197,0.11294000367727851,0.8659886466142824,0.009206953240115178,0.00988467610327506,0.0019102387002994901,6.948166474930105e-05
torsiontest2000,testcase-2254,NVTLFQBLMSATNO-UHFFFAOYSA-N,COC(=O)[C@@H](c1ccccc1)N1CCCC1,5-6,16,biaryl|stereocentre_adjacent,0,8.93833846389316,0.9472208429743706,0.042846580058315334,0.8643126981502721,2.6532469758499446,1.0157162882275665,2.7185191044097254,1.7889342776996724,3.9944521497919254,0.5924115536055772,0.01558122633869712,0.9192613032972456,0.02231089030574197,0.010172337571473476,0.028672003434902286,0.004002239051939574
torsiontest2000,testcase-2255,JYTFKHOLKMFQMO-UHFFFAOYSA-N,CN1CC[C@@H](CF)C1,4-5,8,stereocentre_adjacent,0,6.4173494526185095,0.16287397993898814,0.000864975945547771,0.05323637120288182,0.7539607326171833,0.07640661754494157,1.8642960027928395,0.7007243614143015,112.84327323162273,0.3085888536981638,0.18804619891896227,0.015901476936068647,0.7951873481994214,0.00040122694264684076,0.0001137441868872977,0.00035000481601363243
torsiontest2000,testcase-2256,XLFKIFVDLHBTIA-UHFFFAOYSA-N,CNC(=O)[C@H]1CCCN1C,6-7,10,anomeric|conjugated|stereocentre_adjacent,0,6.6034059031517245,0.13291895617952326,0.0060776362162971685,0.04765016976838476,0.7721089935508704,0.17153829704013873,2.11430073905527,0.7244588237824856,15.977808599167815,0.271142515397553,0.7193185223213087,0.26770544164634774,0.00689839981604663,0.004738624884861753,0.0007856551415001964,0.0005533561899352201
torsiontest2000,testcase-2258,PDDAABIBRAHHDH-UHFFFAOYSA-N,CNC(=O)[C@H](C)N1CCC1,3-4,10,stereocentre_adjacent,0,11.446968400734477,0.201688052735513,0.10048864517856633,0.9602527670334521,1.7541331573682037,1.4127054088439692,3.406815949895183,0.7938803903347517,5.492371705963933,0.22554137466278218,0.6345353592757532,0.05489443304572253,0.2100815624999579,0.030893741020817454,0.054505475479763775,0.015089428677985088
torsiontest2000,testcase-2259,PDDAABIBRAHHDH-UHFFFAOYSA-N,CNC(=O)[C@H](C)N1CCC1,4-6,10,stereocentre_adjacent,0,6.018442923494149,0.5257978974456898,0.021296465677689797,0.039278766478931165,1.3394801880441303,0.2723074953228679,1.8468786674227378,1.3002014215651991,22.9680998613037,0.519227569629758,0.6065587552105502,0.3048808129350106,0.06726396617674936,0.018736554546241013,0.0015903692918095365,0.0009695418396392484
torsiontest2000,testcase-2264,AUUKQDRCKMBLKY-UHFFFAOYSA-N,CCC(=O)NCC(=O)NC,2-3,10,anomeric|conjugated,0,1.0454215236823075,0.009600041762187041,0.012602160877127599,0.004581966645793365,0.034869907014187664,0.03986959455830316,0.35283247538485235,0.0302879403683943,0.4993065187239836,0.015942107349974033,0.7347119408564542,0.03981728072652182,0.21286861753989636,0.011127579182294074,0.001006634294757226,0.0004679474000762986
torsiontest2000,testcase-2265,JPQDXOCZVZPRTL-UHFFFAOYSA-N,COC(=O)C(C)(C)NC(C)=O,3-5,11,plain,0,5.83202826033812,7.166486677719829e-06,0.012061922788081055,0.036503367719855975,0.03678737045700241,0.19069837102265322,1.7046382760334697,0.00028400273714643265,0.0,0.0010886362732313447,0.14107621663641864,0.8297032224078652,0.01715863816763496,0.009150437433832854,0.002065950034578684,0.0008455353196695156
torsiontest2000,testcase-2266,JPQDXOCZVZPRTL-UHFFFAOYSA-N,COC(=O)C(C)(C)NC(C)=O,5-8,11,plain,0,20.60554332874017,1.0110499673347225e-06,0.28054064563723347,1.9228071470596568,1.9228100552992895,2.6077677264829324,3.8417290390453163,2.9082396326707283e-06,0.0,0.0009661116349454769,0.18618703129708908,0.009345212344879006,0.5239271107207987,0.1226285246053465,0.08862938096642024,0.06928274006546672
torsiontest2000,testcase-2267,WNMFCAWAEGLFIE-UHFFFAOYSA-N,COC(=O)[C@](C)(CO)NC(C)=O,5-7,12,stereocentre_adjacent,0,10.179826453677379,0.2824066942825446,0.013111938371098593,0.2940541433525141,1.40542767847013,0.41732664517991974,2.6027970812074654,1.111373535117616,7.489597780859924,0.501138620171798,0.14339365777076882,0.473782215096625,0.36971218876150763,0.007210945939156798,0.002825573644530768,0.0030754187874110278
torsiontest2000,testcase-2269,ZFGBMHRZOXDABF-UHFFFAOYSA-N,CC(=O)N[C@@H](C)C(F)(F)F,2-6,10,stereocentre_adjacent,0,4.678456530789845,0.024629823082400873,0.0018425995896135256,0.023493076852418197,0.25751544256344117,0.07397103647804334,1.63419261250965,0.23402236571102297,117.83633841886268,0.07163270385815208,7.86861750368814e-05,4.066430113939248e-05,0.9980380499342102,1.4167354492301634e-05,1.437630759890645e-05,0.0018140559275223176
torsiontest2000,testcase-2270,GWOOWPGKQGXGTB-UHFFFAOYSA-N,CNC(=O)[C@H]1CC=CC[C@H]1C,2-4,11,stereocentre_adjacent,0,4.581951829313766,0.33003408145337604,0.02731865500115291,0.030590369869385837,0.7224719981529313,0.20991482926647215,1.2568424964761076,0.6918816282835455,3.994452149791954,0.3428346090141724,0.33084855816006137,0.5847669616196384,0.057065825219147395,0.02554627475507221,0.00045705268170716717,0.001315327564373529
torsiontest2000,testcase-2271,LQNHSIORGPFNFA-UHFFFAOYSA-N,CN[C@H](C)c1nccs1,4-5,9,stereocentre_adjacent,0,4.858944335428532,0.36149257776187765,0.018929937435416235,0.3043019065343225,0.9781499846440634,0.3712856681919103,1.5758113120062323,0.6738480781097409,10.48543689320391,0.3902570523099461,0.7309648049778128,0.2335039286126562,0.016601328974114666,0.0029733500173416594,0.008096161594679215,0.007860425823395363
torsiontest2000,testcase-2272,LQNHSIORGPFNFA-UHFFFAOYSA-N,CN[C@H](C)c1nccs1,5-7,9,stereocentre_adjacent,0,7.279807141167112,0.5669830888219736,0.01862774004478131,0.19102793529336645,1.7076284944763949,0.3620709312523665,2.2616653599747423,1.5166005591830285,11.484049930651878,0.4786654086760429,0.3748946634653507,0.3008811805370502,0.30559641595281767,0.01270161772367315,0.005544486093999062,0.00038163622710910293
torsiontest2000,testcase-2273,KXIXHISTUVHOCY-UHFFFAOYSA-N,CC(C)N1CCCCC1,5-6,9,plain,0,9.073080950649455,0.028656150656166102,0.026991403807505355,0.09995241942165319,0.40402752298107825,0.3928553070833402,2.314691483348755,0.3040751035594251,142.80166435506237,0.055174656889484926,0.1746005391628399,0.24987517364389286,0.5485328833857618,0.010076124641599009,0.001826966915265279,0.015088312250641072
torsiontest2000,testcase-2274,YWAKXRMUMFPDSH-UHFFFAOYSA-N,C=CCCC,2-3,5,plain,0,4.7054999425890855,0.013976536227788194,0.0012989808459901153,0.007877844526752434,0.15972493000643667,0.0492684940430512,1.3494348474110933,0.15184708547968423,114.84049930651872,0.08501654591619862,0.10968170087809263,0.047885721409624514,0.8411335968662927,0.0005421932857089118,0.0001819968576208098,0.0005747907026603937
torsiontest2000,testcase-2275,BAPJBEWLBFYGME-UHFFFAOYSA-N,C=CC(=O)OC,2-3,6,anomeric|conjugated,0,12.835002218489535,9.163364365996984e-07,9.009607051221072e-05,0.051383692290267215,0.05152515479545949,0.06380938185645117,3.9861728658345013,0.00014146250519227188,0.0,0.00048359942452193565,0.3880636827274532,0.6018522765394628,0.009993944662571695,9.573861378024741e-06,7.950653009612808e-05,1.0156790380578929e-06
torsiontest2000,testcase-2276,BAPJBEWLBFYGME-UHFFFAOYSA-N,C=CC(=O)OC,3-5,6,conjugated,0,5.7198702473251615,3.8276361546613326e-09,0.01015016660115511,0.005758166977431708,0.005759379688444909,0.19254145068033884,1.9102717308552914,1.212711013201008e-06,0.0,2.100608480215581e-05,0.00675403748191372,0.9813529902244295,0.0017428056925017266,0.010066600026217516,2.7282812290498716e-05,5.628376264709657e-05
torsiontest2000,testcase-2277,PLXBWEPPAAQASG-UHFFFAOYSA-N,CN(C)CC#N,2-3,6,gauche_effect,0,6.4216619045473635,0.14125969463547372,0.002390659238181358,0.01227551754634038,0.6938395180774487,0.09107972059285417,1.8458287566154383,0.6815640005311083,127.3231622746186,0.2966881059041923,0.0074742947675636206,0.16837350073005009,0.8217615452642049,0.0010496505425226419,2.737373786616869e-05,0.0013136349577925477
torsiontest2000,testcase-2278,MIFLFDABYGARRY-UHFFFAOYSA-N,CN1CCC[C@H](N(C)C)C1,2-4,10,stereocentre_adjacent,0,7.220875597384293,0.4797227003804815,0.05049984227536945,0.7190103190352166,1.3441459348462967,0.8079275374176376,1.7903946828795214,0.6251356158110801,104.85436893203884,0.31546738179696954,0.194293075417968,0.18254801816200308,0.5726590641446594,0.015871259906777496,0.028666416965173865,0.005962165403418087
torsiontest2000,testcase-2279,FZJVWYUDZYFKAP-UHFFFAOYSA-N,CNC(=O)[C@H](C)C1CCC1,2-3,10,anomeric|conjugated|stereocentre_adjacent,0,2.2684277067310177,0.7712116514619671,0.02754243966978488,0.0060597132248017575,0.5293666283158247,0.10021617494689794,0.60278617275249,0.5233069150910229,10.984743411927866,0.22661535977580252,0.3630621197594822,0.5483696126182275,0.06102582795250534,0.026708436270180574,0.00033367306581748806,0.0005003303337868159
torsiontest2000,testcase-228,ZRIJNXDLHDKCBZ-UHFFFAOYSA-N,CNC(=O)N[C@@H]1CCC[C@@H]1C,4-5,11,stereocentre_adjacent,0,10.29690664820373,0.5641746894579142,0.024630565973433834,0.12643762410634826,2.197864122233017,0.4755857956169539,2.92402426872902,2.071426498126669,108.8488210818308,0.5281345411665916,0.6971098045319146,0.14442153904404795,0.13383809045060382,0.02013601780328531,0.003618265164532773,0.0008762830056157502
torsiontest2000,testcase-2280,FZJVWYUDZYFKAP-UHFFFAOYSA-N,CNC(=O)[C@H](C)C1CCC1,2-6,10,stereocentre_adjacent,0,4.768252679088619,0.2375197869241913,0.011501151227656976,0.029724133076009424,0.681694974393763,0.1527832908540779,1.3977360074099114,0.6519708413177536,7.988904299583908,0.24499875315270592,0.09917961477451256,0.02760560066492756,0.8617136333329029,0.00130599471730561,0.005672309067490598,0.004522847442860768
torsiontest2000,testcase-2281,BFUFZHXUBHAZTC-UHFFFAOYSA-N,CC(=O)NC1CC2(CCC2)C1,1-3,11,anomeric|stereocentre_adjacent,0,16.19060832238756,0.014064361817039121,0.07769153692734954,0.48181619018189276,0.7176058767822612,1.3395501552760902,4.510045292416297,0.23578968660036842,0.0,0.06948644433317168,0.010065292522824669,0.9000121391044233,0.01223103144540259,0.06492443865067858,0.003557571961573688,0.009209526315097258
torsiontest2000,testcase-2282,BFUFZHXUBHAZTC-UHFFFAOYSA-N,CC(=O)NC1CC2(CCC2)C1,3-4,11,stereocentre_adjacent,0,4.091237329645082,0.4769729623538253,0.06427909799780285,0.03654136525294183,0.9937580219346938,0.3663916185381034,1.4384022148506406,0.9572166566817519,31.955617198335688,0.33095128474055396,0.5511810837723187,0.11199454458423588,0.27254527364564257,0.06096007187032931,0.003273508627661973,4.551749981155885e-05
torsiontest2000,testcase-2283,LBWSXXGDCSNNIH-UHFFFAOYSA-N,CNC1CC2(CCC2)C1,5-6,9,plain,0,5.0826494628272485,0.15326027433177913,0.007866474376686935,0.017041351546310382,0.5833385904367833,0.1331969324350598,1.4895301479136742,0.5662972388904729,112.84327323162273,0.22557959811772604,0.24266388174091807,0.03735577807247131,0.7121138658099238,0.0008519533429012647,0.0060621872465383645,0.0009523337872473063
torsiontest2000,testcase-2284,ANNZTNPIEPRBOU-UHFFFAOYSA-N,CCNC1CC2(CCC2)C1,6-7,10,plain,0,5.360086729633622,0.022017159995197093,0.0018471335600011233,0.014521556358264336,0.20829497617118262,0.06191224719747987,1.4004378394520391,0.1937734198129183,2.4965325936200315,0.07319887203362296,0.3468003154958486,0.08019986835284605,0.5711526825913043,0.00042479113215015247,0.0006174500522699231,0.0008048923755810478
torsiontest2000,testcase-2285,YPWKAZSHYHFTIW-UHFFFAOYSA-N,CC(=O)N1CCC[C@H]1C,2-4,9,anomeric,0,17.59112524788361,0.005650229539468236,0.0375708988484132,0.39239367112034157,0.5653563581436887,1.1204853075122851,5.428834238945889,0.1729626870233471,1.9972260748959911,0.09299963883367651,0.00344235414835938,0.9359751098811065,0.023011637122120957,0.030086302938695197,0.00366347603371259,0.0038211198760054136
torsiontest2000,testcase-2286,RTQBQRBTYCSFAR-UHFFFAOYSA-N,CONC(=O)Nc1ccccc1,3-5,12,anomeric|conjugated,0,12.144014065794181,0.03176903104311403,0.07929416904007296,0.2741713495422681,0.6616685164627638,0.9900960321948332,3.389677874609911,0.38749716692049574,2.4965325936199747,0.05515912159914429,0.31563159438560273,0.5900279031403494,0.015046333433974875,0.07132194192101468,0.00048359095854864096,0.00748863616050963
torsiontest2000,testcase-2287,VTHQLBRCFAYOFF-UHFFFAOYSA-N,CONC(=O)Nc1ccc(C(=O)OC)cc1,5-6,16,biaryl,0,4.619682944670785,0.057853891140951755,0.05402302320117917,0.08370220538333281,0.3757478269365521,0.3637330332069947,1.5252241051716602,0.29204562155321934,8.987517337031932,0.09690192627765176,0.001937322204427794,0.9435720603362203,0.0004675942581726637,0.04913732598419523,0.00022752274433685926,0.004658174472647086
torsiontest2000,testcase-2288,RURCNXBNTWJPTE-UHFFFAOYSA-N,CN1CCCO[C@@H](CN)C1,2-3,10,gauche_effect|stereocentre_adjacent,0,6.905508013267536,0.4864738842955913,0.0741022113784584,0.3182593679586274,1.325282451333964,0.5944743100676577,1.8717632424601895,1.0070230833753366,121.33148404993062,0.48868526670323614,0.4203023239857204,0.014424247483447958,0.4911712171523732,0.030833702853359443,0.02700668104335308,0.016261827481745896
torsiontest2000,testcase-2289,BKPVAAHHNVNPSK-UHFFFAOYSA-N,CC(=O)N(C1CCCC1)C1CC1,3-4,12,plain,0,8.39430814346997,0.7646840992748061,0.01789887918072039,0.29226361092413977,1.8691032836699601,0.4064378783528785,2.1312746337908153,1.5768396727458205,141.8030513176144,0.5243092489200815,0.08600207543043195,0.6007251434018713,0.2953739019869766,0.005846675476078652,0.009672407178532638,0.0023797965261091007
torsiontest2000,testcase-229,RIWRFSMVIUAEBX-UHFFFAOYSA-N,CNCc1ccccc1,5-6,9,plain,0,5.454201026412193,0.09191146444774446,0.00878177017319185,0.06478415979926128,0.46452968117694327,0.15624855798180828,1.5186529566436395,0.399745521377682,108.34951456310682,0.1701730233890033,0.1662743772090108,0.092516391376792,0.7324274612410054,0.006557821287080586,0.0014216061186181495,0.0008023427674931139
torsiontest2000,testcase-2290,JDYDVTMAKQSWFO-UHFFFAOYSA-N,CC(=O)N(C)C1CCCC1,4-5,10,plain,0,7.534570102521684,0.6670186134017746,0.007608334965517657,0.23632199665265152,1.8899537661076087,0.30976460796058825,2.3080682534677495,1.6536317694549572,176.25520110957,0.5731511557049829,0.5668390057439813,0.3724352899581552,0.05311736933234585,0.003842328336303505,0.0023965371056688264,0.0013694695235453248
torsiontest2000,testcase-2291,IEJIGPNLZYLLBP-UHFFFAOYSA-N,COC(=O)OC,2-3,6,plain,1,9.78325237336685,1.8405404331476724e-09,2.1852466697473612e-05,0.006985374230812069,0.006986594396562772,0.01584945582619096,3.0434555059217208,1.2201657507027869e-06,0.0,2.681430579429978e-05,0.09224214298955173,0.903659730961838,0.004076273581912719,1.913414332326461e-05,6.6812015790755955e-09,2.711642172629932e-06
torsiontest2000,testcase-2292,QGNUPXHNMXGPCT-UHFFFAOYSA-N,CCc1ncc(NC(C)=O)cn1,2-3,12,anomeric|biaryl,0,0.606996261398308,0.046606889520590535,0.23074172663174425,0.023205750731114815,0.04454806643793258,0.08773525017955888,0.1776638391500986,0.021342315706817768,166.26907073509017,0.015093741951259851,0.007454441191598256,0.7449808477213029,0.01682298445535453,0.17923289144210733,0.01655139463127227,0.034957440558364646
torsiontest2000,testcase-2293,HLVMUPYEKYPMQZ-UHFFFAOYSA-N,CN(C)C(=O)Nc1cncnc1,4-5,12,anomeric|amide|conjugated,0,2.4119445553515106,0.0007263304763367652,0.22846131012196133,0.08163277832887256,0.08426777774928285,0.37969113755058753,0.7800781997825361,0.002634999420410289,2.9958391123439583,0.006767950076690927,0.00016839439324253583,0.7708970522865862,0.00047324319820988013,0.2055061713594648,7.81356821378879e-06,0.02294732519428273
torsiontest2000,testcase-2295,RADLNCFCUQXSTI-UHFFFAOYSA-N,CNC(=O)N1CCCC[C@H]1C,2-4,11,anomeric,0,12.684590467542876,0.2370422064783838,0.13039216521430244,0.9205450828593122,1.9331305511217212,1.5610612767983707,3.6107638367168895,1.012585468262409,4.493758668515966,0.18398689650725783,0.04008649305204167,0.7238398328340508,0.10568150889960522,0.07549899391715159,0.04946296857107298,0.005430202726077876
torsiontest2000,testcase-2296,JBNCBWPQYMAQAL-UHFFFAOYSA-N,CN[C@@H](C)c1ccsc1,2-3,9,stereocentre_adjacent,0,6.161842909466941,0.21873231412483213,0.0196795907580454,0.35763700646064933,0.8725108484141204,0.42998742997251654,1.7388344966498992,0.5148738419534711,3.4951456310679703,0.3952059882958361,0.20991265792570019,0.1373245412003406,0.6330832101159136,0.010329846163217983,0.0011781444382882463,0.00817160015653917
torsiontest2000,testcase-2297,JBNCBWPQYMAQAL-UHFFFAOYSA-N,CN[C@@H](C)c1ccsc1,2-4,9,stereocentre_adjacent,0,5.885585294861812,0.892990941037117,0.04984840775377046,0.5791656530855385,1.515069051978359,0.6669662078982205,1.5906937065575282,0.9359033988928205,164.27184466019412,0.4536144110642711,0.0004151635138128714,0.8986471378347451,0.05108929089767169,0.007359015539652312,0.0003515403588345147,0.04213785185528363
torsiontest2000,testcase-23,DXWSKKHBVPLXKD-UHFFFAOYSA-N,FB(F)Oc1ccccc1,7-8,10,plain,0,6.490609755041078,0.00012387813211875955,0.009903847287899758,0.1961831188837044,0.19779621823476065,0.2988265693153114,2.273490052905461,0.0016130993510562464,2.9958391123439583,0.005889265768828207,0.0015709589522194065,0.9873216149635389,0.0012035787963419972,0.007646377837202401,1.7491741395634954e-05,0.002239977709301722
torsiontest2000,testcase-2304,OABGZRFNYNFHCS-UHFFFAOYSA-N,CNC(=O)c1ccccc1C,2-4,11,conjugated,0,3.0218252888298593,0.0011277658311467272,0.4336587061286655,0.1003421876162497,0.1035807642998335,0.5138280720447533,0.7717963527120826,0.0032385766835837937,87.37864077669904,0.008215115884017311,0.3781570247136513,0.14329131096747774,0.044892958190205286,0.41014820470852764,0.0022443548120204704,0.02126614660811748
torsiontest2000,testcase-2309,XBQUCTBTAFYWOJ-UHFFFAOYSA-N,CC(=O)N(C)C[C@H]1CCN1C,4-5,11,stereocentre_adjacent,0,6.977823461056687,0.07577896605543093,0.007777248525293248,0.09171849763927531,0.48453971530293427,0.17788889114465042,1.730781903089645,0.39282121766365896,2.4965325936199747,0.25667270721982083,0.08774973117936748,0.13960707163232805,0.764865948663011,0.0017725045626548813,0.003690224079445512,0.0023145198831928545
torsiontest2000,testcase-2312,DMLGREFWOBSFJF-UHFFFAOYSA-N,CC(=O)N1CCCCC[C@@H]1C,8-9,11,anomeric|conjugated,0,19.139458323363215,0.028630307442985153,0.020269007273213072,0.3218777553729791,1.1226210918756483,0.9604580482488005,6.3642749750088194,0.8007433365026693,1.9972260748959911,0.04223592844299069,0.012246474097623514,0.9491845942064403,0.018299924422723195,0.017159807173281784,0.0018443828749834476,0.0012648172249478417
torsiontest2000,testcase-2313,BELGHMWMXFCZTP-UHFFFAOYSA-N,CCN1CCOC1=O,2-3,8,plain,0,3.9882371093844995,0.04806183334536497,0.0545128135175352,0.22318623183653438,0.3635014455104848,0.3783947211362581,1.3276394752579315,0.14031521367395042,61.41470180305129,0.13169401551778998,0.5584090014712885,0.3599101520103991,0.02716803300077726,0.02024939944203761,0.02928567695252621,0.004977737122971386
torsiontest2000,testcase-2315,SGFJHNVXRFFQCX-UHFFFAOYSA-N,CC(=O)N(C)CC1CCC1,3-5,10,plain,0,5.888156050059479,0.04179757181997628,0.009255201372294576,0.06839631842414168,0.38492046381162265,0.19091881700276758,1.8540619855655671,0.31652414538748097,166.26907073509017,0.1405413619978029,0.40254765241171997,0.5848363501175371,0.0033607960984483455,0.002742170835498029,0.005607806806290855,0.0009052237305056913
torsiontest2000,testcase-2316,SGFJHNVXRFFQCX-UHFFFAOYSA-N,CC(=O)N(C)CC1CCC1,5-6,10,plain,0,3.4466363792307675,0.18496969017058865,0.009901901959006105,0.03471306673723198,0.4493032246756632,0.10930364790826126,1.042149388762527,0.41459015793843124,11.484049930651878,0.18183901922346887,0.06054650550915387,0.02113500933441091,0.9084165831974292,0.005721548763411288,0.0036649183412203697,0.0005154348543744482
torsiontest2000,testcase-2321,OZKZBTIWEPEBKH-UHFFFAOYSA-N,COC1([C@H](C)NC(C)=O)CCC1,3-4,12,stereocentre_adjacent,0,10.387051436118782,0.2925792238670548,0.026049287941196358,0.34973750758219463,1.515193081543114,0.5619871099492698,2.747918931469169,1.1654555739609194,9.98613037447987,0.5147895494838697,0.1985020200255778,0.012738444667689896,0.762710247365536,0.0033604204263261864,0.022151733580308027,0.000537133934562144
torsiontest2000,testcase-2322,MGZKVOKDYFJPTJ-UHFFFAOYSA-N,CC(=O)N[C@@H](C)C1CCC1,2-4,10,stereocentre_adjacent,0,5.480688817624468,0.5655898772673044,0.0063947654708891456,0.014077829959700515,1.4247568089858058,0.15214156275024743,1.8944400937173962,1.4106789790261054,79.3897364771151,0.47123489597804974,0.4181228560568709,0.4456856035968928,0.12979677487534716,0.004973767436786078,0.0012233329424678795,0.00019766509163518788
torsiontest2000,testcase-2323,PGSWEKYNAOWQDF-UHFFFAOYSA-N,Cc1cccc(O)c1O,6-7,9,anomeric|conjugated,0,6.384276734141167,2.5809750455296535e-08,6.139207575426943e-05,0.0018403980804633279,0.0018691342871627553,0.01602950493174969,2.0322758665695515,2.873620669942745e-05,0.0,0.00010404397700840367,0.488910496509209,0.5106774928743831,0.0003506185406535683,5.738442038150072e-05,9.797902840588144e-07,3.0278650887099024e-06
torsiontest2000,testcase-2324,URJXDWOPIDOYLR-UHFFFAOYSA-N,C#CC[C@H](C)NC,3-4,7,stereocentre_adjacent,0,5.830013654544018,0.2255439722249124,0.0003764039544790843,0.008803977168651025,0.8117783219132007,0.034309485035810675,1.709235992285942,0.8029743447445497,119.33425797503469,0.3364898493586106,0.22080438756172602,0.014959439606179088,0.7638597688776159,0.00011619060551893882,3.266062094568813e-05,0.00022755272801445737
torsiontest2000,testcase-2325,ZRMIZYDPXOJIRT-UHFFFAOYSA-N,CN[C@@H]1CCSC1,1-2,7,stereocentre_adjacent,0,6.431258299620822,0.6464449937464366,0.015107742704349671,0.03527740639841375,1.514090002543646,0.23407583418565123,1.8829730595715217,1.478812596145232,107.35090152565886,0.45391975403689694,0.669850382585517,0.010063644744910765,0.30497822996522267,0.013010965003389663,0.0004871009003868285,0.0016096768005731796
torsiontest2000,testcase-2326,NCWYGLPBZXFWNP-UHFFFAOYSA-N,CC(C)Oc1ccncn1,2-4,10,plain,0,8.371673807967454,0.5298474750191373,0.004759683778808273,0.08849935112645307,2.025558723228401,0.21123080040175884,2.7814706776122238,1.9370593721019478,98.36338418862692,0.5404600045153803,0.5058425685731679,0.23456065608605886,0.25483709156196505,0.0027766782129873416,0.0004427879041026641,0.001540217661718267
torsiontest2000,testcase-2327,LQRNHJOVBNUAKH-UHFFFAOYSA-N,c1cc(N2CCC3(CCO3)CC2)ncn1,3-4,15,plain,0,15.678576621750835,0.15722627591384153,0.15215332240682125,1.0837182865730526,2.1460094652115087,2.1200608455761727,4.795407841324883,1.0622911786384561,6.9902912621359405,0.21466227649469855,0.01757474441815193,0.8035026024073921,0.02676933076763465,0.11075742240907825,0.01989906676285788,0.02149683323488514
torsiontest2000,testcase-2329,DPVXICFKZSPGLX-UHFFFAOYSA-N,COCC(=O)N1CCC1,2-3,9,anomeric|conjugated,0,4.726658696308732,0.4632155682606473,0.124850428120015,0.24983199536270606,0.8420466355843566,0.48651914625372666,1.2076284418556198,0.5922146402216505,14.479889042995836,0.29756528747048006,0.613843608489139,0.18327058779684918,0.07803537559399698,0.028880948457323523,0.07545231775465022,0.02051716190804125
torsiontest2000,testcase-2330,CSRBPSWDAZWKFM-UHFFFAOYSA-N,CNC(=O)OC1CN(C)C1,4-5,10,anomeric|conjugated,0,9.400793252105359,0.0005983494997126473,0.0002133217504191758,0.03605975092037823,0.08287286308163927,0.05731704385337417,3.050609463057532,0.04681311216126104,0.9986130374479671,0.02194368458940388,0.5796909992356264,0.4200044692760039,9.120973795054094e-05,0.0001400571821459149,2.6790722658230287e-05,4.647384561503058e-05
torsiontest2000,testcase-2331,HXXJMMLIEYAFOZ-UHFFFAOYSA-N,CN1CCCC[C@@H]1CO,5-6,9,stereocentre_adjacent,0,9.945376978284912,0.605473098524684,0.014827624223046499,0.27155401974029836,1.7898430423759646,0.3877992990660406,2.2897427306939786,1.5182890226356662,13.481276005547898,0.5881803184995967,0.05307377738874654,0.37333234656329684,0.5587662518249102,0.008973253024798185,0.004607126503001354,0.0012472446952469611
torsiontest2000,testcase-2332,FGLIUIASFSKHPN-UHFFFAOYSA-N,CN(C)Cc1nccs1,2-3,9,anomeric|biaryl,0,4.314506228431128,0.2965950091847786,0.09866503840292512,0.39040340321413314,0.8949720106428365,0.6067648559923979,1.529411085449182,0.5045686074287034,12.482662968099874,0.3066362919550499,0.7422711820074207,0.13041260102869356,0.028651178560960538,0.02890084283524917,0.03904763085055608,0.03071656471711987
torsiontest2000,testcase-2333,LXRYINJTPCWKNN-UHFFFAOYSA-N,C=CCNC1CCC1,3-4,8,plain,0,5.6856799244415015,0.034706475145834643,0.0035946179324273654,0.010971214425556422,0.26988043648163496,0.08747346321309846,1.4475031731185994,0.2589092220560785,142.80166435506237,0.1367759509351972,0.0982168241243497,0.3810593233973499,0.5171292345458732,0.0026713684876681913,0.00040499614309805,0.0005182533016611243
torsiontest2000,testcase-2335,LTUOWYDLGRWNKR-UHFFFAOYSA-N,C[C@H]1CCCN1C(=O)C(=O)N(C)C,4-6,13,anomeric,0,19.242690743587445,0.012920954522612793,0.03714637691526114,0.25842159845167195,0.7276395554593391,1.1819168180096344,5.9895802501824384,0.46921795700766716,1.4979195561720644,0.05063149640708587,0.014998606381714106,0.9440450706333194,0.003809946069705341,0.03270776213374081,0.0002743658156626083,0.004164248965857723
torsiontest2000,testcase-2342,CAARDVKATXZGKP-UHFFFAOYSA-N,CCC1CCOCC1,2-3,8,plain,0,4.804768126050476,0.15846153326324672,0.004589948589006651,0.01262735586475455,0.6099602803704777,0.10455412194652472,1.532009114057811,0.5973329245057232,117.33703190013875,0.18435185872294996,0.16899832606883153,0.031834323590461476,0.7945774017517003,0.00014521374172359906,0.0018104908904290286,0.002634243956854023
torsiontest2000,testcase-2348,HXJHQHHJIQEZLD-UHFFFAOYSA-N,C[C@H]1CN(C)C[C@@H]1O,6-7,8,stereocentre_adjacent,0,3.1260150113375857,0.5717828989596562,0.0050401103278232134,0.019989812852216442,0.6706619909680278,0.0660365381230671,0.8867585848617333,0.6506721781158114,130.81830790568654,0.3359850146310148,0.4339784393036791,0.24361657050498658,0.31736487986351103,0.00452630164645596,0.0004937105774947945,2.0098103872459397e-05
torsiontest2000,testcase-235,DQVRGSIXUGZCOV-UHFFFAOYSA-N,CN(C)CC1CC1,2-3,7,plain,0,6.406469842011575,0.4751773966863547,0.02061962998562065,0.21582507734222692,1.2046908878080673,0.3279258205072752,1.7328409959047535,0.9888658104658404,165.76976421636618,0.3669049036463872,0.3258782552274356,0.24373722474916543,0.40976489003777855,0.015060541728067919,0.003446710383027657,0.0021123778745250773
torsiontest2000,testcase-2351,DVPBKERVGSPYIZ-UHFFFAOYSA-N,CNC(=O)C(C)(C)NC(C)=O,4-5,11,plain,0,9.32389977562707,0.09054627682829261,0.10401185940595077,0.3969956728739534,0.8057221329332681,0.8498786939424452,2.363618144890365,0.40872646005931473,1.9972260748959911,0.30762157247819655,0.048055671735143725,0.47917442511957814,0.3687580437393272,0.07648145392727344,0.008892297149880888,0.018638108328796442
torsiontest2000,testcase-2352,DVPBKERVGSPYIZ-UHFFFAOYSA-N,CNC(=O)C(C)(C)NC(C)=O,5-7,11,plain,0,10.052587499492802,0.7296840638850437,0.021556125772415946,0.08274780824335885,2.8783702435234946,0.5013967923619354,3.369230224493081,2.7956224352801358,20.47156726768378,0.5615904842263951,0.8849087994847745,0.08196015507184458,0.01157491967096507,0.019509222507581393,0.0008812121326798653,0.0011656911321546888
torsiontest2000,testcase-2353,SICIPBMLFSQZEQ-UHFFFAOYSA-N,CC(=O)CNC(C)=O,3-4,8,gauche_effect,0,8.10885591400438,6.998003696959971e-08,0.025109442110097156,0.02478507671841306,0.02479308698604103,0.3782978701152186,2.3823464564804158,8.010267627967665e-06,0.0,0.00027253637057744805,0.7180321424507929,0.15063589683908535,0.10622251860002446,0.02328396077555355,0.0017986350477208878,2.684628682272118e-05
torsiontest2000,testcase-2354,SICIPBMLFSQZEQ-UHFFFAOYSA-N,CC(=O)CNC(C)=O,4-5,8,conjugated,0,6.1107271928631235,4.241653898697415e-05,0.14511065442500576,0.5158992505992186,0.5159477503987949,0.6613300827724985,1.2024888843091832,4.849979957632922e-05,0.4993065187239836,0.0021419076433286848,0.3699937405973627,0.2004301426818845,0.2844654622957472,0.0044305699850144525,0.09484321771997471,0.04583686672001659
torsiontest2000,testcase-2355,LKENTYLPIUIMFG-UHFFFAOYSA-N,CC(=O)C1CCCC1,1-3,8,plain,0,2.9608167208498344,0.45643869614814786,0.03869712292388307,0.1368145819461437,0.5497691820650085,0.2067751469578426,0.7999328123426617,0.41295460011886476,87.87794729542303,0.21143057661309217,0.48559102876886573,0.09628395436929156,0.3794278939379596,0.0018299535684865322,0.0007490224810754563,0.036118146874321085
torsiontest2000,testcase-2356,GHDIHPNJQVDFBL-UHFFFAOYSA-N,COC1CCCCC1,2-3,8,plain,0,4.584718581987545,0.45262908157492265,0.004231110176583906,0.028169186856585076,1.0295910670525497,0.10341833560401181,1.5300460437965546,1.0014218801959647,106.85159500693482,0.342426906747804,0.5114005427635147,0.09089628055848796,0.39347206650141336,0.0006669065116308782,0.0014274062543555913,0.0021367974105974364
torsiontest2000,testcase-2357,WHTUWYBGTLLCKF-UHFFFAOYSA-N,CC(=O)NC1CCN(C)CC1,3-4,11,plain,0,5.391036564542446,0.6024451987991326,0.0021648558245162893,0.00839771809503764,1.5527609677131393,0.09345759846776532,2.000520948217077,1.5443632496181017,99.86130374479893,0.4837267387275131,0.6626573772260635,0.14607447337640536,0.18910329357301484,0.0004923622473654145,0.0008402242920581611,0.0008322692850927138
torsiontest2000,testcase-2361,BIJHOXVSOJUIPD-UHFFFAOYSA-N,CN[C@H](C)COC,2-4,7,stereocentre_adjacent,0,6.955614299047738,0.35645616221739757,0.002623738765661507,0.018883858056770324,1.1618422072845862,0.10143917549851589,1.9458400087234022,1.142958349227816,1.9972260748959911,0.4534182021585324,0.3472409643911888,0.03903864747146989,0.6110966493716797,0.0016198047073535209,0.0005600740284711366,0.00044386002983684883
torsiontest2000,testcase-2362,SBTOAPRTIBMFDN-UHFFFAOYSA-N,C=C(C)CNC(C)=S,2-4,8,plain,0,2.990507100475952,0.20877819611581874,0.05221298704166946,0.08900375943397273,0.40779512333400075,0.21801243400356782,0.8755015825986234,0.31879136390002805,126.82385575589467,0.1835269876611882,0.17105321300405898,0.09212147617842414,0.6846123237758472,0.008970480259975388,0.03190572313785348,0.011336783643840598
torsiontest2000,testcase-2363,ZPGHHDVYSZIYOH-UHFFFAOYSA-N,C=CCNC(=S)NC,3-4,8,anomeric|conjugated,0,7.1645220328937285,0.31788362206228826,0.04936369072127773,0.19826569984973708,0.9491181207328404,0.4160442834218797,1.6581523897867583,0.7508524208831033,2.4965325936199747,0.3227657399565315,0.25299013752281496,0.4185527263229521,0.27909344543295517,0.020989360023324136,0.02825268776733963,0.0001216429306139625
torsiontest2000,testcase-2364,VLCDUOXHFNUCKK-UHFFFAOYSA-N,CNC(=S)NC,2-3,6,anomeric|conjugated,1,9.922815425612498,7.100082862840343e-08,0.03978168314171475,0.49851244540954576,0.498513058446174,0.7687500758235704,2.976079894341779,6.13036628238639e-07,0.0,0.00027932550195599643,0.04457702454240734,0.8399189045655886,0.07572238775028928,0.008067857342554016,0.02947271211143424,0.0022411136877264976
torsiontest2000,testcase-2365,VBKCRGYJCBGCIV-UHFFFAOYSA-N,CC(=S)N[C@@H](C)c1ccccc1,4-6,12,stereocentre_adjacent,0,1.9054480503546074,0.06057572116981186,0.10652588005029204,0.040973531799157525,0.18183768433722952,0.23848103592892614,0.7209785399241787,0.140864152538072,2.4965325936199747,0.05762485852560667,0.0018086821433954917,0.8915242845412781,0.00014115326503444535,0.09550956442554635,0.0007403471869603962,0.010275968437785303
torsiontest2000,testcase-2366,ZYVXHFWBYUDDBM-UHFFFAOYSA-N,CNC(=O)c1cccnc1,5-6,10,anomeric|conjugated,0,3.352918453689199,8.072756064778475e-05,0.12490939943911518,0.03203595602381104,0.03353372003554866,0.39113027538564926,1.1034319452881451,0.0014977640117376165,50.92926490984746,0.0024662587063365633,0.11489439401065969,0.7601647168539217,3.148969630366352e-05,0.1215142052278629,0.0001325458417575082,0.003262648369494755
torsiontest2000,testcase-2367,ZYVXHFWBYUDDBM-UHFFFAOYSA-N,CNC(=O)c1cccnc1,6-8,10,anomeric,0,16.224424064683262,0.02231897941986744,0.11485343212055224,0.807582771322979,1.018070002230518,1.6216270874236582,4.227252430634253,0.21048723090753907,0.4993065187239836,0.05776343165511849,0.03068807553199149,0.7661898663023661,0.08826862604509013,0.07152392527296912,0.0231109287801032,0.02021857806747992
torsiontest2000,testcase-2373,MRQIQPKIXCPTAK-UHFFFAOYSA-N,C#CC[C@H]1NC(=O)N(C)C1=O,3-4,11,stereocentre_adjacent,0,7.406035910185892,0.21820811159107195,0.00018185719482418446,0.027673733913665635,0.9685936044960171,0.039332974584438386,2.07284907767079,0.9409198705823514,120.33287101248266,0.20713417286803135,0.4788899916937303,0.09022818481940903,0.43069996629203633,6.639622020302605e-05,4.382091350544184e-05,7.164006111571657e-05
torsiontest2000,testcase-2374,VIPWUFMFHBIKQI-UHFFFAOYSA-N,COc1ccc(F)cc1,2-3,9,biaryl,0,2.5078656112309545,6.654139926076171e-06,0.0552905150333479,0.02042350810797547,0.02056304548066519,0.21894909478657956,0.9273110762405703,0.00013953737268972144,0.0,0.0005954406872197652,0.0007025291234188364,0.9438511811936433,0.00015577464958994384,0.054209818057059204,0.000255568977103607,0.0008251279991850878
torsiontest2000,testcase-2375,BHRZNVHARXXAHW-UHFFFAOYSA-N,CC[C@@H](C)N,2-3,5,stereocentre_adjacent,0,5.272421101457439,0.10438329273003448,0.0028038501290566014,0.01131402810748882,0.5328516657625728,0.08804121340157395,1.6489337764783716,0.521537637655084,117.83633841886268,0.1551039078099496,0.11417659342089898,0.02853383077712104,0.8544857256729234,0.0006084749003224791,0.0007559700587270445,0.0014394051700070776
torsiontest2000,testcase-2376,JJWLVOIRVHMVIS-UHFFFAOYSA-N,CC(C)N,2-3,4,plain,0,2.363013467838755,0.027192074839600375,0.0012149993582158938,0.0030834418822716487,0.12218829214367831,0.026003542548962776,0.740754309535199,0.11910485026140666,121.33148404993062,0.05202130956288147,0.0001908221541719647,0.031598434653349966,0.9669957438342621,0.00027282425530440816,0.00010783416728236675,0.0008343409356291189
torsiontest2000,testcase-2382,UNHOPMIDKWXFMF-UHFFFAOYSA-N,CN1CC[C@@H](N)C1,3-4,7,anomeric|stereocentre_adjacent,0,3.8239150800800417,0.3555630388470444,0.004158445052067953,0.051075522878039153,0.6500529317830853,0.08671966374566104,1.087989737818753,0.5989774089050461,128.32177531206656,0.26258796343193996,0.17294047287321648,0.11778668270519865,0.705114399369517,0.0009741302288951881,0.0027127329089844236,0.00047158191418834026
torsiontest2000,testcase-2384,ZIRGTVGIHYFMDZ-UHFFFAOYSA-N,CO[C@H](C)CN(C)C,2-3,8,stereocentre_adjacent,0,6.984983869071584,0.1220906795516979,0.07201424803874903,0.2905183993239181,0.8163411564288805,0.6539849048177157,2.20260054850122,0.5258227571049624,1.4979195561719791,0.16323042188524584,0.43372154112784617,0.13367639727631567,0.360587813557089,0.0471014157998918,0.017363536915955803,0.007549295322901443
torsiontest2000,testcase-2385,YSHMQTRICHYLGF-UHFFFAOYSA-N,CC(C)(C)c1ccncc1,2-5,10,plain,0,0.5768974570964929,2.56913165622823e-06,0.9927385980488274,0.01865380310045089,0.018656663767045344,0.20393781617929974,0.2046760958805744,2.860666594453609e-06,0.0,0.00013151861813524203,1.966191509253636e-06,4.854693630972877e-06,0.007254581066032393,0.00036404972044768797,3.574038643087914e-06,0.9923709742897365
torsiontest2000,testcase-2386,LUWSZVRMLJKYML-UHFFFAOYSA-N,CCNc1nccs1,2-3,8,anomeric|conjugated,0,5.949138781172223,0.005317743482821513,0.006586681972874739,0.11581353575259795,0.17616140510570624,0.1877161979969423,1.8239669121557127,0.06034786935310829,2.4965325936200315,0.02111933237774082,0.46409613808426736,0.26560838939369885,0.2637087905491591,0.003673841056435038,0.001301367585803345,0.001611473330636355
torsiontest2000,testcase-2387,VVVCJCRUFSIVHI-UHFFFAOYSA-N,O=[N+]([O-])c1cncs1,4-5,8,conjugated,0,7.102437912428286,5.647842550361516e-09,0.0007480180224937994,0.0009342206476670037,0.0009530618178270649,0.06863205489196914,2.509175402494688,1.884117016006119e-05,0.0,6.934176764506027e-05,2.1291844878296383e-06,0.9992481997547358,1.653038282679896e-06,0.0007464361992993763,2.0666603622046804e-07,1.3751571582026018e-06
torsiontest2000,testcase-2388,KGECUXOREWNBGK-UHFFFAOYSA-N,CN[C@H]1CCCN(C)C1,2-3,9,stereocentre_adjacent,0,7.698103747796267,0.8261701675903262,0.014871998733673321,0.022975715543375085,2.080186328278541,0.28002227557476356,2.288562778122535,2.057210612735166,0.4993065187239836,0.5375056886962594,0.7903323335462227,0.042193078137171436,0.15260258958293277,0.010205539978303667,0.001920052784695589,0.002746405970674066
torsiontest2000,testcase-2389,PYBDYFQWBAYWHD-UHFFFAOYSA-N,CNCC(=O)N1CCCCC1,5-6,11,anomeric|conjugated,0,19.459435253229458,0.01966395145727801,0.09085090427943969,1.0481672170029515,1.3078978045225829,1.981398743409416,5.676152758828828,0.2597305875196314,5.492371705963933,0.13181774300105253,0.019679499465370797,0.8490619611012716,0.040407635153918,0.06386282365854525,0.014993537982078359,0.011994542638816101
torsiontest2000,testcase-2393,WALPDCNEABONMQ-UHFFFAOYSA-N,[H]/N=C/NOC,2-3,5,anomeric|conjugated,0,9.065498745301738,0.24741519921059268,0.01947795175636919,0.536273590733666,1.5156148068456912,0.6676737493663271,2.8999222164909795,0.9793412161120252,130.3190013869626,0.4541668198227175,0.42144763745082686,0.5446197932089284,0.014454617583875508,0.004704920202874492,0.00766631836688307,0.007106713186611628
torsiontest2000,testcase-2394,WMWMBQUGRILRBV-UHFFFAOYSA-N,[H]/N=C(\C)NOC,2-3,6,anomeric|conjugated,0,11.938697045465233,0.6392642103761513,0.025484428114074312,0.461345306520124,3.1713668032593483,0.7780113714638434,3.9513189381682463,2.710021496739224,39.445214979195555,0.6584764046022921,0.05283359996843057,0.8935382056683546,0.02814376624914056,0.015584348924963118,0.0006299080535171399,0.009270171135594054
torsiontest2000,testcase-2395,XPAUTRPXDPETSR-UHFFFAOYSA-N,[H]/N=C(\Cc1cccnc1)NOC,3-5,12,conjugated,0,5.341133617272135,0.5732833276956322,0.01551619534901319,0.09509108460290047,1.11029961974415,0.20533639180830965,1.4641142500109805,1.0152085351412494,126.82385575589456,0.3417176393947578,0.396169559464365,0.30759995974820736,0.28071428543841453,0.004549243162152615,0.004316571862576432,0.006650380324284145
torsiontest2000,testcase-2396,HMYNXWGVJMTIBS-UHFFFAOYSA-N,CNC(=O)C[C@@H]1CCCC[C@@H]1C,7-8,12,stereocentre_adjacent,0,7.055369107052684,0.2716376770512238,0.01244794808619445,0.14606195073810782,1.0425674537577805,0.26488927943517365,1.9860134557309834,0.8965055030196727,5.492371705963933,0.2818482263422348,0.7466814426146908,0.01592014612400193,0.22495046317511275,0.007186312509604665,0.004864804135495713,0.0003968314410940719
torsiontest2000,testcase-2397,ZFRWKIJEZPPWBJ-UHFFFAOYSA-O,[H]/N=c1/[nH]nc(CC)o1,2-3,8,anomeric|amide|conjugated,0,2.217610816238448,0.0004951804728387555,0.0014711912076634745,0.018864912964637895,0.023353854586937704,0.030314119932881887,0.61893446029192,0.004488941622299809,0.9986130374479671,0.006405930056929763,0.09527270834767732,0.022115840671800113,0.8811402597728591,0.0010896764165119093,0.0003138973107741743,6.761748037739085e-05
torsiontest2000,testcase-2399,XPJYMWZXMRIEEH-UHFFFAOYSA-N,CN(C)C(=O)[C@@H]1C[C@@H]2C=C[C@H]1CC2,2-3,13,stereocentre_adjacent,0,8.223803096858319,0.4187323351212211,0.027684460463087455,0.25799194786339213,1.7800337009517113,0.521196434359729,2.733960026196816,1.5220417530883192,3.495145631067942,0.422158429082175,0.748207773304481,0.008640509983714288,0.2154672562487172,0.012353953074056529,0.011320199493964823,0.004010307895066101
torsiontest2000,testcase-24,LDHMAVIPBRSVRG-UHFFFAOYSA-O,C[n+]1cccc(C(N)=O)c1,6-7,10,conjugated,0,16.115353306755424,0.026317577346577564,0.08824869193926958,0.8590129561193854,1.11857838767545,1.5681691521491545,4.499167787582301,0.2595654315560646,4.493758668515966,0.10061955380015478,0.047314370976110035,0.7856137184271228,0.07882321865749765,0.05922959681057639,0.020698260580120628,0.008320834548572555
torsiontest2000,testcase-2400,XTXPQPVWRXRRAP-UHFFFAOYSA-N,CC(=O)N1CCC[C@@H]1c1ncccn1,7-8,14,anomeric|biaryl|stereocentre_adjacent,0,2.139947668882087,0.5317693622477521,0.004895418951751524,0.042790779771814114,0.5647149366246514,0.068920130029731,0.7733620936280011,0.5219241568528373,21.96948682385576,0.22892501403983187,0.00019668161606905656,0.9943046331477331,0.0006032662844462919,0.003453739613215244,0.0010798603054386023,0.00036181903309767774
torsiontest2000,testcase-2401,XUVWXXLLFCCPIU-UHFFFAOYSA-N,CO[C@H](C)C(=O)N(C)C,2-3,9,stereocentre_adjacent,0,12.797214580583386,0.6817506776356956,0.029199305876968163,1.2610868454239934,3.306165771573223,1.4108110918836547,3.910362434770497,2.0450789261492295,152.28848821081834,0.6645320779874015,0.7469038572653075,0.09945298738679474,0.12444384947092947,0.004683373014024637,0.0018650339858045696,0.022650898877138954
torsiontest2000,testcase-2403,XYNLKFLDOIAYSZ-UHFFFAOYSA-N,CN1CC[C@](C)(C(N)=O)C1,4-6,10,stereocentre_adjacent,0,5.752674713672604,0.5555522762713608,0.009717126393227955,0.05784958387028951,1.376505713729848,0.19086448269863324,1.846056231953424,1.3186561298595585,84.3828016643551,0.5241852666835878,0.7611954645810789,0.14009474862817387,0.08899266039751928,0.005514781114870912,0.003758450009264155,0.0004438952690928883
torsiontest2000,testcase-2404,PGBFYLVIMDQYMS-UHFFFAOYSA-N,COC(=O)c1cccs1,2-3,9,anomeric|conjugated,0,11.811331008851994,8.152102390028774e-08,0.00012996099855027953,0.04706829620526606,0.0470823405564118,0.06575266470157172,4.027701391893553,1.4044351145742207e-05,0.0,0.0002623170885020757,0.7161986898880814,0.2732654044614361,0.010405944651932163,1.172210331249064e-05,4.761093277139208e-06,0.00011347780196064969
torsiontest2000,testcase-2405,PGBFYLVIMDQYMS-UHFFFAOYSA-N,COC(=O)c1cccs1,3-5,9,conjugated,0,7.381203953875229,4.222639303049908e-06,0.003463293360026755,0.008475002582913997,0.009988503622655326,0.15162849942376785,2.572521051237236,0.0015135010397413287,0.0,0.0013682723682921889,0.0026678697014425818,0.9933407356866191,0.0005281012519116653,0.003454306427025424,1.9438333769107465e-07,8.792549663640314e-06
torsiontest2000,testcase-2406,CITGQHUJVIDOCE-UHFFFAOYSA-N,C[C@@H]1CCCCN1Cc1cccs1,5-6,13,stereocentre_adjacent,0,9.007977802772075,0.3976199043805978,0.012575182743271563,0.08138678369673534,1.7765631398164843,0.3259324771805622,2.8156050792255676,1.695176356119749,12.9819694868238,0.4326415475440226,0.2883010984298758,0.4322809247065334,0.2668427941203192,0.007276418582415081,0.0012232879645719368,0.004075476196284546
torsiontest2000,testcase-2407,RSAXSHFGEHHZOX-UHFFFAOYSA-N,C[C@H](F)C(=O)N(C)C,2-3,8,stereocentre_adjacent,0,9.717751368763857,0.4444297398910477,0.005014879522217411,0.08857705233979651,1.880044376691734,0.2182681930575093,2.8183736972735565,1.7914673243519377,9.986130374479899,0.26981824467974197,0.6625274847063961,0.1683702184290777,0.16408741734230872,0.0025401437048865484,0.002221479225500568,0.0002532565918302947
torsiontest2000,testcase-2408,BCTFMALEPLRPJH-UHFFFAOYSA-N,CN(C)C(=O)[C@@H](F)C(F)(F)F,3-5,11,stereocentre_adjacent,1,2.2117047570063733,0.02267071215396885,0.005980761992198935,0.016083143860449973,0.12055318274414571,0.06343815909165405,0.793661404511955,0.10447003888369574,3.994452149791954,0.056174530147677905,0.00012256811057175998,4.2323093149429516e-05,0.9938543468040797,5.79197455019679e-05,0.00017876041991140564,0.005744081826785562
torsiontest2000,testcase-2409,JPWYYRCELICUKE-UHFFFAOYSA-N,CCNC1CCC1,2-3,7,plain,0,5.394845554372296,0.021248194339997147,0.0018340674448115808,0.012656582827794138,0.2035153345834957,0.061003723119770294,1.3935176542967225,0.19085875175570155,2.4965325936199747,0.06949913734953621,0.35003923406116955,0.08064837754200449,0.5674783209520143,0.0003046907575465916,0.000626066939563157,0.0009033097477018323
torsiontest2000,testcase-2410,ICGCZEMVOUEYRA-UHFFFAOYSA-N,CNC(=O)[C@@H]1CCO[C@H]1C1CC1,2-4,12,stereocentre_adjacent,0,3.6081490225624293,0.8117346590707221,0.027292906356675105,0.06453959535649609,1.0703793720301837,0.20627056815860675,1.187632293103387,1.0058397766736877,118.33564493758668,0.4262433526944961,0.8676497578207694,0.09422017804221497,0.010837157780340466,0.021966057547824634,0.0023278155998619513,0.0029990332089885165
torsiontest2000,testcase-2411,VSDQYTQEPOMONS-UHFFFAOYSA-N,C1CO[C@@H](C2CC2)C1,5-6,8,stereocentre_adjacent,0,4.327753569465131,0.9115485449872915,0.021125518241919876,0.024341994365322996,1.2325004708071636,0.18916562320331906,1.2908914765449404,1.2081584764418407,146.79611650485435,0.4418549192769112,0.09621792823376962,0.018046418847639887,0.8646101346766707,0.015243370702804591,0.0029905288578646423,0.0028916186812506413
torsiontest2000,testcase-2412,BAFWNTSEBOLALE-UHFFFAOYSA-N,CC(=O)Nc1ccc(N(C)C(C)=O)nc1,1-5,15,conjugated,0,2.790152194502298,0.0014542762248484593,0.4377613122429282,0.06541882677092598,0.07116338350954896,0.49036546201850484,0.7374238495652823,0.00574455673862298,86.38002773925103,0.010999567887240791,0.09715316387637328,0.43612165831287564,0.028963865567822874,0.397244819401874,0.0023206626020622384,0.038195830238991944
torsiontest2000,testcase-2413,FBCBXVHUZRVPAQ-UHFFFAOYSA-N,O=C(Nc1cccnc1)C1=COCCO1,5-6,15,anomeric|conjugated,0,14.577496517158579,0.0027418687790925532,0.0748454455967338,0.31413021391285884,0.3839404321250838,1.1953832679377772,4.2275453486229075,0.06981021821222494,0.9986130374479671,0.023243374504439647,0.30464658789763077,0.6142429423543428,0.006265024151292716,0.07010076927925582,0.0012389392551245737,0.0035057370623533986
torsiontest2000,testcase-2414,YOLJDJWNHLHABC-UHFFFAOYSA-N,CNC(=O)C1=COCCO1,2-4,10,anomeric|conjugated,0,8.838135356199928,0.006558112124018053,0.017416929785121174,0.06340855256985804,0.2217766985807836,0.35208967216079384,2.625034746635705,0.15836814601092558,2.995839112344015,0.062155285403772575,0.3248429479981033,0.5942711667990498,0.06346895541772556,0.015349432992002253,0.001502032123958651,0.0005654646691602703
torsiontest2000,testcase-2415,YILRVBWEJWRVGR-UHFFFAOYSA-N,COc1ccccc1[C@H]1CCN(C)C1,8-9,14,stereocentre_adjacent,0,6.72075720038265,0.5796914151651451,0.032312216591434656,0.1482294562396997,1.6933059369107262,0.4249363678272179,2.220427278412781,1.5450764806710264,22.968099861303727,0.5240429158490121,0.4433074296421513,0.30551539052489957,0.21886496324151436,0.022360147390390193,0.004132602526865191,0.005819466674179274
torsiontest2000,testcase-2418,HXTGGPKOEKKUQO-UHFFFAOYSA-N,C/N=C/c1ccccc1,4-5,9,conjugated,0,5.842449918913189,6.861007649058162e-06,0.008160207767038087,0.007688854056471051,0.009397865194252173,0.1865211679451251,2.0630550746272522,0.0017090111377811223,0.4993065187239836,0.0028780485307972918,2.6530258422382604e-06,0.9918348529123683,2.2862947512383277e-06,0.008103988299321891,3.4420704523963656e-05,2.179876319223311e-05
torsiontest2000,testcase-2419,KQBWUPMFKBDNJJ-UHFFFAOYSA-N,C=NOC,2-3,4,plain,1,8.996512312063714,1.5266468168980122e-10,0.0062764941716671125,0.03350761466256043,0.03350763383550329,0.23226700492950178,2.901287056756203,1.9172942858358688e-08,0.0,5.216634927820169e-06,0.6143008215983077,0.345241758866495,0.03418092536353031,0.0058120034150464335,1.3906903857526191e-07,0.00046435168758210383
torsiontest2000,testcase-2420,PONHABAUOQTKJA-UHFFFAOYSA-N,C=NOCC,3-4,5,plain,0,3.9591348309477326,3.511322246654376e-08,0.004912500374934625,0.011330508909743442,0.011332636097389359,0.08290338040632272,1.171784225167601,2.127187645917239e-06,0.0,8.354465197631142e-05,0.40492295126450617,0.25938822413980805,0.3307763242207512,0.0023665627557555727,0.002421344119931029,0.00012459349924802372
torsiontest2000,testcase-2421,BAHVOCMRGNMBBS-UHFFFAOYSA-N,COC[C@H]1CCOC1,2-3,8,stereocentre_adjacent,0,5.084069880133029,0.09382870524856467,0.01585916583999191,0.11143747336164413,0.486995571781741,0.2245114045176868,1.5516770908168815,0.3755580984200969,2.4965325936199747,0.18703898535663874,0.10915445257740317,0.02302543864681388,0.8519609429357907,4.755170900507058e-05,0.01114668558964916,0.004664928541337681
torsiontest2000,testcase-2422,BHJHPYFAYGAPLS-UHFFFAOYSA-N,COc1ccccc1OC(C)=O,4-5,12,anomeric|conjugated,0,9.636118332971819,2.4699514927559e-06,0.03945829605856909,0.04514580275129566,0.04533613369299792,0.5264580902923838,2.6409185578155077,0.00019033094170225334,0.0,0.0006896150756558015,0.2072903471608416,0.6276740123835938,0.12557734439699547,0.038693675931576556,0.0005649976392807757,0.00019962248771175154
torsiontest2000,testcase-2423,BHJHPYFAYGAPLS-UHFFFAOYSA-N,COc1ccccc1OC(C)=O,8-9,12,plain,1,4.310292545822449,0.08800653139150208,0.018865081019491265,0.04061252277817167,0.3936292348025276,0.18576777421297302,1.3204188015549672,0.3530167120243559,3.9944521497919823,0.15841723808445526,0.882186363476347,0.05151436109272822,0.047434194411433504,0.008655882109638592,0.009292097965892252,0.0009171009439604226
torsiontest2000,testcase-2424,UKFADLGENFFWHR-UHFFFAOYSA-N,CSCC(C)=O,2-4,6,plain,0,3.446245693601668,0.7021032028874885,0.02799417791848891,0.04718083585214125,0.8654676162532009,0.1788928862052488,1.0324240077160667,0.8182867804010596,9.986130374479899,0.3789928188131405,0.7046814724077934,0.11439420751271306,0.15293014216100478,0.014706420495594945,0.012807612684063992,0.00048014473882996954
torsiontest2000,testcase-2425,UKFADLGENFFWHR-UHFFFAOYSA-N,CSCC(C)=O,4-5,6,plain,1,5.2328959094011225,0.3633013436139823,0.010389224384606835,0.09890869547814775,0.774681531563916,0.16329410646883022,1.2785687933211907,0.6757728360857682,134.31345353675454,0.3687196573410789,0.19441929122069743,0.46558829676391467,0.32960318763078095,0.0016715797606296325,0.005500322329645803,0.0032173222943314007
torsiontest2000,testcase-2426,FTFLTMMWZLRGRO-UHFFFAOYSA-N,CSCc1nnc2c(=O)n(C)ccn12,1-2,14,plain,0,5.932221695315093,0.663563116091362,0.02114461102084672,0.28084115142213045,1.177306868932487,0.34716771810137204,1.431366756248164,0.8964657175103565,1.4979195561719791,0.46350387722767916,0.45075888124101454,0.21636391111449124,0.3117325966236475,0.012163550521117216,0.004712586455931046,0.004268474043798459
torsiontest2000,testcase-2427,OQAGVSWESNCJJT-UHFFFAOYSA-N,COC(=O)CC(C)C,2-4,8,plain,0,4.64270610245876,0.2964871979630366,0.043497160650884825,0.388582342351211,0.8803520130058682,0.4924892583736489,1.5019052930613077,0.4917696706546572,13.48127600554784,0.29679858045962393,0.18454235520599632,0.0909899782771583,0.6809705058659608,0.03105730691175436,0.005530646514710258,0.006909207224420205
torsiontest2000,testcase-2428,DBERHVIZRVGDFO-UHFFFAOYSA-N,CC(=O)COC(C)=O,3-4,8,gauche_effect,0,7.282907673565205,3.276940682768821e-05,0.011182848162108653,0.05758694262385799,0.05878645898495174,0.22572827514677044,2.064735627266632,0.0011995163610937498,0.499306518724012,0.0031098050735777257,0.18241272498274075,0.578388049084486,0.2280163777706646,0.010551469068706158,1.625314952563659e-05,0.0006151259438768593
torsiontest2000,testcase-2431,HVZJRWJGKQPSFL-UHFFFAOYSA-N,CCC(C)(C)OC,2-3,7,plain,0,6.048453061317559,0.2857009092766514,0.025797694585253227,0.0750365103998606,0.864499291110476,0.2694544065869129,1.6130107509338105,0.7894627807106154,126.82385575589461,0.34911199741534477,0.10222975122752465,0.11266765135477289,0.7593049028324491,0.010306474876962724,0.00510372127024952,0.010387498438040979
torsiontest2000,testcase-2432,JHKNIWHNHTYWDI-UHFFFAOYSA-N,COC(C)(C)COC(C)=O,2-4,10,plain,0,6.30244729592232,0.2335615574239121,0.029233903116991006,0.17884626989923838,0.8768905875310503,0.35245837169875477,1.7852896342446138,0.698044317631812,126.32454923717057,0.297721147454371,0.043175204271000266,0.29554418226119555,0.6320467103508131,0.021231062121330267,0.0046903813015799056,0.003312459694080834
torsiontest2000,testcase-2433,JUBXTBVKELTJEX-UHFFFAOYSA-N,C1CCN(C2CC2)CC1,4-5,9,plain,0,7.306920134375105,0.5326081588852771,0.02765042098896952,0.04852139988311902,1.3888468249616037,0.31995436144868405,1.9025095495901734,1.3403254250784846,160.2773925104022,0.5448610316928262,0.13619948763457557,0.36807372285833234,0.4680763685181225,0.021143030856214672,0.0002871387576164467,0.006220251375138401
torsiontest2000,testcase-2434,MFEIKQPHQINPRI-UHFFFAOYSA-N,CCc1cccnc1,2-3,8,biaryl,0,1.0171892570797354,1.2000927665427376e-06,0.10297132411020235,0.01157598735754616,0.011582569650224701,0.11494984350542818,0.35658728393869094,6.582292678540894e-06,168.76560332871014,0.00019419466682588663,0.08027969320472085,0.8037961209691329,0.012952861715944078,0.09395731949451779,0.0006376214225820244,0.00837638319310253
torsiontest2000,testcase-2435,ORAKNQSHWMHCEY-UHFFFAOYSA-N,COC(=O)Cc1ccccn1,4-5,11,plain,0,1.0867324341088533,0.011514309872930922,0.03040452632714095,0.021506873084063058,0.04788090178798083,0.07276614841232512,0.39924753014467246,0.026374028703917772,130.3190013869626,0.017130154750516012,0.13936054079700538,0.7274256363424089,0.1028092965334446,0.017819676644139994,0.012502300396211646,8.254928678930987e-05
torsiontest2000,testcase-2437,JBDOBSSRYFZPAN-UHFFFAOYSA-N,C[C@H](CC#N)c1ccccc1,2-3,11,stereocentre_adjacent,0,5.2878257652628236,0.05578212581827149,0.0012822899129853007,0.010438127224088474,0.366521168941887,0.056520237098339615,1.551262002896946,0.35608304171779853,4.993065187239949,0.13006606729507067,0.07843896787943752,0.048801725747988994,0.8714770164595882,0.0010534449884736254,2.932694046027354e-05,0.00019951798405140177
torsiontest2000,testcase-2438,WNGJXZAZBJIYFZ-UHFFFAOYSA-N,C=C(CC)C(=O)NC,2-3,8,plain,0,4.43266475974815,0.1637986548134284,0.017270549572794076,0.0287430928980122,0.49862011872247625,0.16417430317872753,1.2302991489523918,0.46987702582446406,113.84188626907076,0.19271057085193083,0.34498537777556604,0.26553354900523274,0.37221052364640705,0.012250403234784012,0.004474390112990866,0.0005457562250191991
torsiontest2000,testcase-2439,HVAMZGADVCBITI-UHFFFAOYSA-N,C=CCCC(=O)O,3-4,7,plain,0,4.909718310140306,0.011343313452883395,0.009537612836881816,0.04472838976335728,0.1535836334168323,0.14195611233217015,1.3802494617761012,0.10885524365347501,137.30929264909844,0.06442428707085164,0.2310296071065737,0.15135953301985788,0.6080732470366866,0.004789981794501457,0.004300576924247978,0.00044705411813237997
torsiontest2000,testcase-244,IHTNRDIBNXBSIF-UHFFFAOYSA-N,CC[C@H]1CCCCO1,2-3,8,stereocentre_adjacent,0,4.827266766107641,0.15009472706723798,0.00204456699337748,0.008348914194697509,0.567923044040364,0.0668004406224549,1.4657745366917287,0.5595741298456665,0.0,0.1741963093298263,0.12970546910630648,0.041801798613349095,0.8264481652869669,0.0002125876433035387,0.000816536648701815,0.0010154427013721263
torsiontest2000,testcase-2440,ZFLFOBFHQPCHFU-UHFFFAOYSA-N,CC(=O)N1CCC(N(C)C(C)=O)CC1,4-6,14,plain,0,7.84815488307504,0.6983262564498106,0.033447768611723196,0.1593491235222212,2.2681139345073795,0.5201678986201677,2.7121394703019135,2.1087648109851584,166.26907073509017,0.5847082372644483,0.27069491292414843,0.6373675170855255,0.058489801378602775,0.02629947814251818,0.003968572512209169,0.003179717956995852
torsiontest2000,testcase-2441,RESPXSHDJQUNTN-UHFFFAOYSA-N,C=CC(=O)N1CCCCC1,3-5,10,anomeric,0,20.621583632717375,0.08634403252599852,0.14728195893073837,1.470418986646472,2.344405989876294,2.8016591538322086,6.3856349440259645,0.8739870032298218,44.93758668515949,0.29167174122236417,0.03093967144412758,0.763116917680274,0.058661451944860034,0.10719154418250836,0.0217064482010702,0.01838396654715983
torsiontest2000,testcase-2443,DVQCXAUFUOFSDW-UHFFFAOYSA-N,C=CCNC(C)=O,2-3,7,plain,0,2.8053558578249067,0.1665081034959594,0.008313148421641152,0.01528154920824943,0.3490439247650652,0.07940080853415153,0.8547031574337034,0.33376237555681576,121.33148404993068,0.15610162135106012,0.018057502531573753,0.16248248993826261,0.8111468591085226,0.004303203370654441,0.0003123613035047117,0.003697583747481999
torsiontest2000,testcase-2444,DVQCXAUFUOFSDW-UHFFFAOYSA-N,C=CCNC(C)=O,3-4,7,anomeric|amide|conjugated,0,5.892046659078915,0.08308989400959386,0.0018657632246135143,0.028481132182146256,0.5397199270189919,0.08563867750765936,1.8699893910150973,0.5112387948368456,176.25520110957007,0.24208697032860146,0.6492702660341687,0.2921657752894594,0.056698195451758346,0.0009965214547879167,0.0006619252946439506,0.00020731647518164707
torsiontest2000,testcase-2445,LWBHDKQIAWVWQZ-UHFFFAOYSA-N,CNC(=O)CN1CCCCC1,2-4,11,plain,0,8.05059613881167,0.14641282956103893,0.10447745791930738,0.5285100729723147,1.0587139953710234,0.9379976504004349,2.455021004924196,0.5302039223987087,0.4993065187239836,0.10824627470876284,0.6708706632312376,0.19458182440729402,0.030070054442161154,0.043927152378502775,0.03986261989277399,0.020687685648030602
torsiontest2000,testcase-2446,LWBHDKQIAWVWQZ-UHFFFAOYSA-N,CNC(=O)CN1CCCCC1,4-5,11,plain,0,10.027027762087528,0.6182903193264819,0.11314676667210129,0.812802533217718,2.654539450524802,1.3525054957811125,3.3149702860433625,1.841736917307084,17.475728155339795,0.6136051970248908,0.543735942685337,0.217822318021752,0.12529497262080977,0.06227731679495751,0.030698065055665764,0.020171384821478015
torsiontest2000,testcase-2447,UKANCZCEGQDKGF-UHFFFAOYSA-N,CN1CCC[C@@H](O)C1,5-6,8,anomeric|stereocentre_adjacent,0,4.871153530606534,0.3528514700857123,0.0039713926718782265,0.006896445653696425,0.8697294120974264,0.09252422550144004,1.4641285333820409,0.86283296644373,3.495145631067942,0.41596598389997713,0.7756641422011727,0.14879304492685383,0.07157142020009524,0.0031354521508165254,0.0006957367704885924,0.00014020375057310905
torsiontest2000,testcase-2448,OWYLXPLVEIGDSL-UHFFFAOYSA-N,CNC(=O)[C@@H]1CCc2ccccc21,2-4,13,stereocentre_adjacent,0,4.0257281912490726,0.11666722170968996,0.013073276408261014,0.022694801537319516,0.4177401052060224,0.14146328348785114,1.2214200770539283,0.3950453036687029,0.9986130374479671,0.09614470234474295,0.9147906946317742,0.0435092308869236,0.028626798073041068,0.009632693982165619,0.002357887130790099,0.001082695295305294
torsiontest2000,testcase-2449,JWJAXJJIINOKQV-UHFFFAOYSA-N,C=CCC[C@@H](NC)C(C)=O,3-4,10,stereocentre_adjacent,0,6.926677985058632,0.16363381484208633,0.006066521529259131,0.016730088847698558,0.7225135662838261,0.14008212547742335,1.7857140120565327,0.7057834774361276,112.84327323162273,0.31911083997590517,0.34753786805648607,0.23166577696736246,0.4147298334468923,0.0013450283624758036,0.0024677524627082525,0.0022537407040750753
torsiontest2000,testcase-2450,RQKJUOWDJNEADC-UHFFFAOYSA-N,CNC(=O)N[C@H](C)C(=O)O,2-7,10,conjugated|stereocentre_adjacent,0,9.848508499970194,0.880077922406279,0.0158066480528099,0.10468289656645391,2.6109901587774416,0.36497032934294654,2.7829326953469073,2.5063072622109877,23.966712898751723,0.6937427338871278,0.8041871439818442,0.11802956798686338,0.06197663997848237,0.011939393700563143,0.003551238976705698,0.0003160153755410559
torsiontest2000,testcase-2451,XSHPWHACDDCUPS-UHFFFAOYSA-N,CNC(=O)N[C@H](C)C(C)=O,3-4,10,anomeric|conjugated,0,13.038128190441057,0.14673016379340711,0.08886023126924593,0.7045044341374067,1.4780621312928912,1.2323914745999711,3.4644986578628565,0.7735576971554845,8.987517337031903,0.16252957871919538,0.09726954386967925,0.7965877137704499,0.01728251109062475,0.0514122119707243,0.01397877762539619,0.023469241673125436
torsiontest2000,testcase-2452,USSPHSVODLAWSA-UHFFFAOYSA-N,CC[C@@H](C)N(C)C,3-5,7,stereocentre_adjacent,0,6.491486164770322,0.48059263742762737,0.022683105587823552,0.09113577288159101,1.2345651739336223,0.2825792166798856,1.7783202016866877,1.1434294010520314,123.32871012482661,0.4229423458376591,0.4664898571752207,0.03881248052653975,0.47201455671041587,0.008494220431665728,0.008037151350770693,0.00615173380538713
torsiontest2000,testcase-2453,KTHDTJVBEPMMGL-UHFFFAOYSA-N,CC(=O)N[C@H](C)C(=O)O,6-8,9,plain,1,12.085236696293578,0.00037354744892219733,0.00023024569609780024,0.0016817732043150847,0.07338719227059717,0.057625433989003494,3.7960648385636695,0.07170541906628208,0.4993065187239836,0.014718661956658611,0.15476819642405645,0.8448428084713465,0.00015874940849931217,0.00021671964995803776,1.2790574642741389e-05,7.354714970210836e-07
torsiontest2000,testcase-2454,OTQVGYMGQKHLMY-UHFFFAOYSA-N,CSC1CCCC1,2-3,7,plain,0,3.2412841063342057,0.21511702991307163,0.013523505142622714,0.1663983391292229,0.5245005853592433,0.20794760305287527,1.0852737008067646,0.3581022462300204,0.9986130374479671,0.18603288773075305,0.28154264670980067,0.005367103178981289,0.6995667449685953,0.003747001725597432,0.007950841778617504,0.0018256616384077769
torsiontest2000,testcase-2455,ZEFLPHRHPMEVPM-UHFFFAOYSA-N,CN(C)C1CCCC1,4-5,8,plain,0,7.74963974088314,0.06000645061248424,0.02251886917370031,0.10495042679497942,0.5052156098692697,0.32041700969575887,2.0201591400271037,0.4002651830742903,1.9972260748959343,0.10385029835790113,0.23320429727920255,0.026778853704556453,0.7174979798425408,0.0062461253820363756,0.003476869922103976,0.012795873869559963
torsiontest2000,testcase-2456,OUSBZHYDUVVKHE-UHFFFAOYSA-N,CN(C)C[Si](C)(C)C,2-4,8,plain,0,5.303393372858409,0.48973269237738,0.016536126044733847,0.08691738647746737,1.2344432974384076,0.2423907725739622,1.7617386704176943,1.1475259109609404,111.84466019417476,0.3683581284588175,0.5508673487125924,0.039494379618614454,0.39310214562405915,0.0032480462165102755,0.007148760986664442,0.006139318841559131
torsiontest2000,testcase-2457,OUSBZHYDUVVKHE-UHFFFAOYSA-N,CN(C)C[Si](C)(C)C,4-5,8,plain,0,1.6688229839201085,0.4321245623824684,0.055376896063128726,0.029409258293146834,0.38220565890999025,0.13955079605986503,0.5804453497636418,0.3527964006168434,35.95006934812761,0.15639240014692404,9.497550575291002e-05,0.0008411244535150937,0.9436870039776032,0.0018930501866205993,0.0009784285313820793,0.05250541734512605
torsiontest2000,testcase-2458,MRMPEDYLYDZVTQ-UHFFFAOYSA-N,CNC(=O)CC1=CCCCC1,2-4,11,conjugated,0,3.656882390147075,0.760007937139081,0.016256374863538536,0.13359718190628203,0.8340023367058845,0.17984515052906466,0.9537111272317338,0.7004051547996025,28.46047156726769,0.34981859188984477,0.6584908057605163,0.30780103261385267,0.01745178676209249,0.005519360756131537,0.005951396855241896,0.004785617252165103
torsiontest2000,testcase-2462,KLGVWITWFZDHIX-UHFFFAOYSA-N,CNC(=O)CC1CC1,2-4,8,plain,0,1.7604998845781665,0.39625231542448525,0.016582065378102806,0.008333834534069169,0.32001804612573576,0.06597105961083904,0.5082757339305339,0.3116842115916666,18.47434119278779,0.14118203071792368,0.6786213428939699,0.08549620726374837,0.219300384464179,0.01263829213499606,0.0031484346321129716,0.0007953386109937717
torsiontest2000,testcase-2463,INUHXAUBIBWREW-UHFFFAOYSA-N,CNC(=O)CC1(C)CC1,4-5,9,plain,0,6.510588551696856,0.708942209770418,0.18432000028061604,0.71286099619453,1.3674260886892928,0.9285469753464152,1.5584919782425397,0.6545650924947628,150.29126213592235,0.42247079252538494,0.025877282298735253,0.3531662337002978,0.4366364837203509,0.06824787318111282,0.05048699549325755,0.06558513160624567
torsiontest2000,testcase-2464,WQGZNMZFOZBXOE-UHFFFAOYSA-N,CNC(=O)C1(C(C)C)CC1,2-4,10,plain,0,5.48831736552529,0.16765233387017395,0.03299100657624828,0.052700791460788037,0.7181217662236037,0.32204195518535966,1.7499188198473263,0.6654209747628157,128.32177531206662,0.22466394040779847,0.06591076534016967,0.14240064906909863,0.7586975790144833,0.011272025353114369,0.0010500336610951388,0.020668947562038777
torsiontest2000,testcase-2466,ILBIXZPOMJFOJP-UHFFFAOYSA-N,C#CCN(C)C,3-4,6,plain,0,6.159800951136276,0.09672090038544429,0.0026125773692580565,0.00980775761832856,0.570423631776446,0.09424806755564705,1.8339153474317038,0.5606158741581174,0.0,0.22334630047553142,0.0010128176079755302,0.10655713832064508,0.8898174667021213,0.001273345773192249,2.62135447605175e-05,0.0013130180513052903
torsiontest2000,testcase-2468,YAWYREAQLDBQKU-UHFFFAOYSA-N,CN[C@@H]1CCC(=O)NC1=O,1-2,10,stereocentre_adjacent,0,7.869556366582401,0.29826917610990356,0.005965033448234201,0.018600447646924586,1.0848718271190574,0.15452058113852735,1.986230236962371,1.0662713794721328,6.4909847434119285,0.41571237365024244,0.26813072722686726,0.34774512094630483,0.3781591183785937,0.0030882767523883587,0.0020930453318606973,0.0007837113639851454
torsiontest2000,testcase-2469,NVEYVSRXOFPIRE-UHFFFAOYSA-N,CC(=O)N(C)C1CCCCC1,1-4,11,plain,0,7.813772013178095,0.6591603762777115,0.044538213678921586,0.13254578468718217,2.2565238762354447,0.6003597103896654,2.7777225117763376,2.1239780915482624,171.26213592233006,0.5756186310858313,0.19869428759467372,0.7043230202718866,0.052444478454518086,0.03427582065530474,0.004411412551172839,0.005850980472444005
torsiontest2000,testcase-2471,DBNOPCXURWGBCS-UHFFFAOYSA-N,C[C@@H](C(=O)N(C)C)N1C[C@H]2C[C@@H]2C1,4-6,13,stereocentre_adjacent,0,6.4746269848546945,0.5779952311452101,0.03548958131199197,0.45942912842219663,1.4567143690353486,0.5730700926593396,1.8754278856132751,0.9972852406131519,7.489597780859924,0.43598211855140806,0.0679538621607959,0.4791687658880813,0.4173877906391308,0.016013563973291147,0.013017704749664766,0.00645831258903606
torsiontest2000,testcase-2472,XZEJXEZIWLTFJR-UHFFFAOYSA-N,CC(=O)Nc1ccc(N(C)C)cc1,3-4,13,biaryl,0,1.9763328206609003,0.0027593974755260402,0.03980372739582218,0.00467006984389258,0.035790788254634616,0.13485218471649843,0.6755313115019362,0.031120718410742036,0.49930651872409726,0.01004414895714483,0.002688417441900339,0.9572144966222816,0.00029335853999581067,0.03839633066879657,8.140015328421511e-05,0.001325996573741393
torsiontest2000,testcase-2473,SXFFMFAQNAFSLF-UHFFFAOYSA-N,CCc1ccc(C#N)cc1,6-7,10,plain,0,0.8062388683028985,2.42349765788479e-06,0.17887249751274972,0.01126717732524494,0.011276622814271992,0.1258703305696993,0.2966320441445143,9.445489027051779e-06,0.0,0.00018816571581677536,2.458124322575847e-07,0.8211268837675709,3.7290724693017324e-07,0.16490020921789758,0.00016525034163864847,0.013807037953213471
torsiontest2000,testcase-2474,AUZWUQTWIDPLOK-UHFFFAOYSA-N,CNC(=O)[C@@H](C)C#N,2-5,8,anomeric|stereocentre_adjacent,0,5.384171878511552,0.020526163311083135,0.0033534283297871003,0.23080640115284234,0.33936865674819183,0.2517624220848553,1.7518309784422124,0.10856225559534949,0.0,0.03958112707265843,0.9394652334107343,0.046383938958571784,0.01079739930090677,0.0029802540092215128,0.0003028799689393554,7.029435162623207e-05
torsiontest2000,testcase-2475,GFNZJAUVJCGWLW-UHFFFAOYSA-N,COc1c(C)cccc1C,2-3,10,biaryl,0,4.716158350114711,5.087254998436887e-06,0.012366806534303982,0.04952781588180137,0.049661120137721504,0.18599984501471165,1.6129408319606342,0.00013330425592013306,178.75173370319004,0.002012103314809347,0.0011323333207638626,0.9859965308494885,0.0005043292954436492,0.008772863962004999,5.477080145776796e-05,0.0035391717708412145
torsiontest2000,testcase-2476,KYLREQLONXDQKY-UHFFFAOYSA-P,COc1ccc(CN=c2[nH]cc[nH]2)cc1,6-7,15,plain,0,3.4744543387787417,0.6947656883666798,0.029524128327764992,0.2681172389930471,0.9824937307544188,0.33143978369814225,1.165246308380168,0.7143764917613717,139.80582524271847,0.35340971092260637,0.0009331977259542164,0.968680513336094,0.0008621606101867221,0.002048666609457518,0.00017987285363277243,0.027295588864674706
torsiontest2000,testcase-2477,CYKPBWZRIYFZLX-UHFFFAOYSA-P,C/N=c1/[nH]cc(C(F)(F)F)[nH]1,5-6,11,anomeric,0,1.6988611409906298,1.2153354165816175e-06,0.003213269541562016,0.01500081675156086,0.01501614445652509,0.0379667629133519,0.6154643417362836,1.5327704964230096e-05,0.0,0.0003040224572964945,2.9203601123269158e-05,0.00011379716280998081,0.9966437296945048,7.916231491156126e-05,2.1344010596257234e-05,0.003112763216054198
torsiontest2000,testcase-2478,DVGKQHFBCIRIAD-UHFFFAOYSA-N,CNC(=O)[C@H]1CCCC(=O)N1,6-7,11,anomeric|conjugated|stereocentre_adjacent,0,5.7912179825943895,0.10485058722506158,0.013392886581453031,0.03183621327481918,0.5021975438915296,0.18193034569641836,1.5481282148691256,0.4703613306167104,4.493758668515966,0.15190008672157762,0.2664660578354872,0.6167875876385245,0.10335346794453515,0.007170165438280057,0.004847748412480247,0.0013749727306927267
torsiontest2000,testcase-2479,NYOZCDTULQDYDI-UHFFFAOYSA-N,CO[C@H]1CCCN(C)C1,5-6,9,stereocentre_adjacent,1,5.071879292954691,0.4110889454476703,0.004626369095724585,0.028203118233097995,1.0329003509517256,0.11310649256092611,1.6106282243107375,1.0046972327186277,104.35506241331484,0.3550380143376571,0.5968986218655301,0.084035660021229,0.3144393490175163,0.0006977193242986323,0.0021205725490031414,0.0018080772224228117
torsiontest2000,testcase-2480,YYTLGIHIRNVTSU-UHFFFAOYSA-N,CN(C)C(=O)c1cnc2sccn2c1=O,7-8,15,anomeric|conjugated,0,12.07595092849806,0.002968891290592175,0.17872912738452573,0.46046362013486974,0.4863023706646182,1.2979676701537473,2.9072048385450495,0.025838750529748433,0.4993065187239836,0.02799176164963796,0.4020724208807076,0.41707140808552534,0.00212704364924128,0.14993354428224823,0.004149491555134188,0.0246460915471433
torsiontest2000,testcase-2487,XFOWYEKVIRMOBI-UHFFFAOYSA-N,CC(C)(C)CC#N,2-4,7,plain,0,4.881585101276869,5.788951411548812e-10,0.0004649219497361877,0.004052445816074209,0.004052657712776743,0.03735957552408553,1.7224351214399014,2.1189670253423526e-07,0.0,2.044811945437247e-05,5.510719118007004e-09,0.00024552342769617924,0.9992895491118485,0.00027756411555669616,1.6604722437036352e-06,0.00018569736193578792
torsiontest2000,testcase-2488,OJGMBLNIHDZDGS-UHFFFAOYSA-N,CCNc1ccccc1,7-8,9,plain,0,6.876583276258316,0.023604523655575367,0.032622459497557016,0.1376168140179323,0.3007773046151247,0.3432121306502843,1.7462073478150142,0.1631604905971924,4.493758668515966,0.10291608489515931,0.34256035512978456,0.17681021336065864,0.4480069720119997,0.020902072389729204,0.006974861943742246,0.004745525164085567
torsiontest2000,testcase-2489,DWQXJEHOYNGRCV-UHFFFAOYSA-N,CNc1c(Cl)cccc1[N+](=O)[O-],2-3,12,biaryl,0,6.273972469964065,0.2744135271699119,0.38038728784864967,0.7087988165233493,1.1486213671812713,1.2785999121373872,1.86532006073296,0.439822550657922,59.417475728155324,0.1988222651762288,0.08266566553655014,0.5104235078912314,0.02652353872356898,0.2498536446895313,0.01726416785751503,0.11326947530160326
torsiontest2000,testcase-2490,KFBOUJZFFJDYTA-UHFFFAOYSA-N,CNc1ccccc1[N+](=O)[O-],7-8,11,conjugated,0,7.51441513968166,0.0001373342356501146,0.03553758357125825,0.11882122408933815,0.12225242964111227,0.4776644633043149,2.457067930197509,0.003431205551774119,0.4993065187239836,0.003685812198906182,4.466448544641312e-05,0.964344689737147,7.306220614832409e-05,0.03264778840855763,0.00011301186731687489,0.0027767832953837428
torsiontest2000,testcase-2491,AIUUAKHKOQFCKF-UHFFFAOYSA-N,CC[C@H]1CCOC1,2-3,7,stereocentre_adjacent,0,4.957506666047266,0.11652092258248908,0.010523950723461108,0.01916821358152464,0.501614148233332,0.15185470587336566,1.4685464475322711,0.4824459346518073,0.9986130374479671,0.19761103816641845,0.1934913249897909,0.00669803812538873,0.7892866861613594,0.0022025812542317514,0.006595639477333336,0.0017257299918960207
torsiontest2000,testcase-2492,GGHAEUFIBXTEFE-UHFFFAOYSA-N,CN[C@@H]1COC[C@H]1C,6-7,8,stereocentre_adjacent,0,5.4639212883485015,0.45271468616157623,0.011086950678064353,0.02392356937532224,1.0933218683523243,0.17272071029099334,1.6247210855528427,1.0693982989770021,2.4965325936200315,0.26404704558444925,0.2700582103626322,0.24246395640755602,0.4763908825517473,5.214487684260593e-05,0.008513897148316771,0.0025209086529049745
torsiontest2000,testcase-2493,RJSZFSOFYVMDIC-UHFFFAOYSA-N,CN(C)C(=O)OC(C)(C)C,4-5,10,plain,0,5.220902795146685,0.00029064610861377036,0.010269775674505328,0.0772413213788876,0.08279503845842899,0.19331310236072569,1.7504199003256518,0.005553717079541387,0.4993065187239836,0.006759121788011973,0.0005749869320636269,0.0030821555571364555,0.9860730818362947,0.003122363774879354,0.00012695546523707358,0.007020456434388902
torsiontest2000,testcase-2495,JQPJCPJUEYREHV-UHFFFAOYSA-N,CC(C)Nc1ccccn1,2-4,10,plain,0,7.286822340276558,0.46001428152107043,0.009276977239632476,0.12337386120067793,1.5646030271495686,0.2535387483306023,2.3029693472852606,1.4412291659488907,104.85436893203882,0.44106470030626393,0.484314166748431,0.15121979887898054,0.355189057132956,4.227365488462531e-05,0.005442671362580812,0.0037920322221670385
torsiontest2000,testcase-2496,SMYTUBMIBZOXTH-UHFFFAOYSA-N,CNc1ncccc1C(=O)O,1-2,11,anomeric|biaryl,0,13.41747005196521,3.420968681175879e-08,0.05951687103798019,0.5065414173507149,0.5065420312266812,1.1569598341986755,4.29369780156955,6.138759662821514e-07,0.0,0.0001477410348654282,0.5492661237854582,0.38489491594474545,0.00632208923181616,0.05269525915013257,0.0067600541081803776,6.15577796672531e-05
torsiontest2000,testcase-2497,PVNIIMVLHYAWGP-UHFFFAOYSA-N,O=C(O)c1cccnc1,7-9,9,plain,1,12.001030476589222,2.538851906743724e-09,0.001330168017965971,0.04340915375912886,0.04340955860592128,0.14247612801269482,3.7210298647739655,4.048467924164245e-07,0.4993065187239836,1.6820450250777568e-05,0.25896281421485345,0.7372661196542152,0.0024408981129653315,0.0010781481349858527,0.0001921442612360072,5.987562174411094e-05
torsiontest2000,testcase-2498,ZNPFXBUKHUJVKH-UHFFFAOYSA-N,CO[C@H](C)C1CCCCC1,3-5,10,stereocentre_adjacent,0,6.904213605390396,0.0018342344827890081,0.009317291483331595,0.021422940184065327,0.08633319130741243,0.189706444590229,1.9528839557173983,0.06491025112334711,3.4951456310679987,0.045315640674352835,0.14561445946947613,0.08087808247042594,0.7641901665767664,0.003982101363100857,0.0008685603281146412,0.004466629792116098
torsiontest2000,testcase-2499,ZCTKFFFICRZRPQ-UHFFFAOYSA-N,CNC(=O)N1CCC2(CCC2)C1,2-4,12,anomeric,0,11.06831222603796,0.0061516908087322795,0.02753374715011844,0.4075022030545031,0.4908726541429669,0.7080148783886906,3.513005087520015,0.0833704510884638,6.4909847434119285,0.0732525267135151,0.0474798387894727,0.8303432778366668,0.09464313622374207,0.008838248893746183,0.01596642150815869,0.002729076748213565
torsiontest2000,testcase-2500,VAGHQPQYMACYDU-UHFFFAOYSA-N,CNC[C@@H]1CCCN1C,5-6,9,stereocentre_adjacent,0,9.69651197976782,0.28368773733559866,0.00936372650054697,0.413195568125491,1.2853579774736243,0.4686448079734122,2.3222257679711906,0.8721624093481333,6.9902912621359405,0.4211173203536865,0.07941080629277507,0.3400752924302715,0.5711501747764065,0.001047254684060978,0.007862053580398022,0.00045441823608797057
torsiontest2000,testcase-2503,BKJVBHJVNBHTTA-UHFFFAOYSA-N,CNS(=O)(=O)N(C)C,2-3,8,plain,0,8.247215922863688,0.2330900472494531,0.15139256221876807,0.6763683366758757,1.2027277999690262,1.0487532461718911,2.1681362702549736,0.5263594632931505,113.34257975034677,0.33408768936154626,0.0438493802761495,0.35941421932686907,0.4453438381782135,0.04775833340303437,0.07926813930206764,0.024366089513666075
torsiontest2000,testcase-2504,CJBSHJOOFLPMKG-UHFFFAOYSA-N,CC[C@H](C)C(=O)N(C)C,2-3,9,stereocentre_adjacent,0,5.3534156314854044,0.24876423337774303,0.027471824360774867,0.17155053705036805,0.7105064048886401,0.28623149787269603,1.3929947841384658,0.5389558678382721,127.3231622746186,0.25798048557151554,0.19688612885045723,0.037731957610074314,0.7379100891786936,0.01792169017039444,0.004002284293807758,0.0055478498965726725
torsiontest2000,testcase-2505,FGZZGTRXSOYHIF-UHFFFAOYSA-N,CNC(=O)c1ncccc1O,4-5,11,anomeric|conjugated,0,20.62706676061498,9.835956375108876e-06,0.015068055460391057,0.2555209520208124,0.2562952666651685,0.8200052164469267,6.3527064702074485,0.0007743146443561222,0.0,0.002001043890681439,0.8506777671697812,0.11586443797316848,0.018389739396659145,0.013023100468608108,0.0017635611537382126,0.00028139383804473756
torsiontest2000,testcase-2506,CAOMCZAIALVUPA-UHFFFAOYSA-N,CSCCC(=O)O,2-3,7,plain,0,4.228235865710303,0.05019945161228636,0.009653187923431429,0.12218224587204678,0.2961638810415521,0.17007262929376485,1.2103027904944674,0.17398163516950532,0.9986130374479671,0.08217311850068755,0.2919476235014539,0.17649395493036515,0.5219052336447496,0.0031805856797426212,0.0014801524847934476,0.004992449758895359
torsiontest2000,testcase-2507,QZNFRMXKQCIPQY-UHFFFAOYSA-N,CCCc1ccsc1,2-3,8,plain,0,4.644048153364565,0.01577501132594797,0.001155062155802933,0.010670590213271583,0.17000135455579876,0.0471343290830617,1.3509021113991406,0.1593307643425272,125.3259361997226,0.09142757004133066,0.05327477162909127,0.036346403595172855,0.909223762619933,0.001025946746642945,4.313359124806777e-05,8.598181791192017e-05
torsiontest2000,testcase-2508,SLDBAXYJAIRQMX-UHFFFAOYSA-N,CCc1ccsc1,2-3,7,biaryl,0,1.2388505407143384,1.5002436860308084e-05,0.017573714591063938,0.0025132684681692472,0.0028942075089948478,0.049186283618055486,0.37055631994815913,0.00038093904082560056,0.4993065187239836,0.0006501156677125108,0.11811053613867255,0.12546388217899884,0.7388518670912644,0.017145237501255843,7.940973841838921e-06,0.00042053611596625645
torsiontest2000,testcase-2509,QCPIRWAFDXWUNY-UHFFFAOYSA-N,COC[C@H]1CCCN(C)C1,3-4,10,stereocentre_adjacent,0,4.677025203418452,0.09935140944307286,0.001230420348326779,0.004928892356502877,0.46330586366242343,0.051791550701346334,1.4698016539011025,0.45837697130592053,0.4993065187239836,0.13029863197396216,0.08924354089758832,0.04291253575645588,0.866613502997629,0.0010488914257642038,3.8115265459487817e-05,0.00014341365710308736
torsiontest2000,testcase-2510,DDACTGVPWNSSDS-UHFFFAOYSA-N,CN(C)Cn1ccsc1=O,2-3,10,biaryl,0,6.954259311198257,7.714563863562253e-07,0.03040455264242711,0.013855666622938554,0.013993747605825137,0.38955053559731573,2.232686501762627,0.00013808098288658338,170.76282940360613,0.0010422228070361321,0.14218710783655972,0.8245449143120921,0.0028634252089210113,0.030017205814326254,0.00010892138072405887,0.00027842544737679436
torsiontest2000,testcase-2514,WAAUXNSLVPBVRA-UHFFFAOYSA-N,c1ccc(CC2CCCC2)cc1,4-5,12,plain,0,4.3827368369093165,0.034372776776199286,0.0037196391972934163,0.03518564743395659,0.2645552805658149,0.09315548341137175,1.4147128642137123,0.22936963313185832,0.49930651872409726,0.09613617761152937,0.03887714856179818,0.005942987117745509,0.951460225123163,0.002628077088067685,0.00044588065490285987,0.0006456814543228717
torsiontest2000,testcase-2515,BTXIJTYYMLCUHI-UHFFFAOYSA-N,CCCc1cccs1,6-7,8,plain,0,4.7366732125519775,0.014044326585432117,0.0025446955916642575,0.019152021232117244,0.16180731387884598,0.07102237803783022,1.3558975840539869,0.14265529264672874,122.82940360610269,0.08300124539475509,0.034055736223630124,0.04336481811512827,0.9200347500695775,0.0015532073250855102,0.0006688268617386415,0.0003226614048401061
torsiontest2000,testcase-2516,QRPMOALCKCCAAF-UHFFFAOYSA-N,C[C@@H](Nc1cnccn1)c1cccs1,4-5,14,stereocentre_adjacent,0,2.5834367661736906,0.679084883272704,0.02690686110087788,0.01984554440439618,0.6587687155638345,0.13256457289575738,0.7992962037368954,0.6389231711594383,149.29264909847439,0.26707887469000424,0.027342319541858617,0.8564934613592299,0.08925735799803357,0.019679034116070082,0.00684637117011116,0.0003814558146966372
torsiontest2000,testcase-2517,VGKOARVVEXZTPU-UHFFFAOYSA-N,CNc1cnccn1,2-3,8,gauche_effect|biaryl,0,11.208374753594398,0.20124965173519346,0.1248926069818571,0.8268155983386125,1.7347081490262801,1.4583742062211784,3.4984837456953977,0.9078925506876676,1.4979195561719791,0.10481712120286683,0.015187119807387494,0.8300169421405059,0.02990333107024968,0.07854148979050146,0.02114674952525007,0.02520436766610558
torsiontest2000,testcase-2519,ABNOJKUXCARXPA-UHFFFAOYSA-N,[H]/N=C(/NC)NC1CCC1,1-2,9,anomeric|conjugated,0,12.76524430324207,0.31860618333092594,0.10197817296802969,0.8913865749317831,2.050227521675705,1.3731948129868834,3.390261516019089,1.1588409467439218,5.9916782246879166,0.24964250804892346,0.07541037635132213,0.6295805798277043,0.19303087085294396,0.04586941951375963,0.04072450785774225,0.015384245596527813
torsiontest2000,testcase-2522,LAZZTYSKRUEQGZ-UHFFFAOYSA-N,CNC(=O)NC1CNC1,2-3,9,plain,0,14.40413790155435,0.29185788875997165,0.13294147988554347,0.900613519437479,2.3012449740156504,1.68933518321515,4.022049855203364,1.4006314545781713,6.9902912621359405,0.12067176907309247,0.06165081476473377,0.765958119431748,0.0394495859179748,0.08481913517806106,0.021554680050454675,0.026567664657027756
torsiontest2000,testcase-2523,LAZZTYSKRUEQGZ-UHFFFAOYSA-N,CNC(=O)NC1CNC1,3-4,9,gauche_effect,0,7.394934477284551,0.4499707908498523,0.031778218991460785,0.2265148844552198,1.6718050955531707,0.49504636195114726,2.4796456784269796,1.4452902110979509,108.34951456310682,0.4964480124651788,0.6983798441280381,0.05181389162136328,0.21802804525913783,0.026871479408364166,0.0025218648837559768,0.002384874699340641
torsiontest2000,testcase-2524,YIAPLDFPUUJILH-UHFFFAOYSA-N,O[C@H]1CCc2ccccc21,9-10,10,stereocentre_adjacent,0,2.1863968314719386,0.5396122349648912,0.0018978815320673504,0.005659822458100534,0.41107766861011147,0.025025229701265396,0.5595824912668846,0.40541784615201093,112.34396671289875,0.19397066899139753,0.20751920238416643,0.44847206524237443,0.3421108508413918,0.001732959175926985,6.383311206044347e-05,0.00010108924407992169
torsiontest2000,testcase-2527,GBWSPAMRIAOHFY-UHFFFAOYSA-N,CN[C@H](C)C1CCC1,2-3,8,stereocentre_adjacent,0,5.443408866878599,0.30036832009943876,0.0058064430068601285,0.027395478945280036,0.8627959118818421,0.12298962129983755,1.573722489010643,0.8354004329365621,12.9819694868238,0.287202511825932,0.30674314771168804,0.08531750267524732,0.6021329066062044,0.0015832509437132697,0.0012387934198371789,0.0029843986433096795
torsiontest2000,testcase-2528,SXQUOALEYCCTHW-UHFFFAOYSA-N,COc1ccccc1CN(C)C,8-9,12,plain,0,8.546326722309459,0.15449016684106956,0.059707726423932864,0.7639289253818796,1.2628132610718996,0.9870982558807947,2.669907872318771,0.49888433569002,16.976421636615896,0.3750729925977356,0.540285619405239,0.29195696302305896,0.10804969114776924,0.005718869401067125,0.008777619457996705,0.045211237564869035
torsiontest2000,testcase-2529,MLJOKPBESJWYGL-UHFFFAOYSA-N,CN1CCN(Cc2ccccc2)CC1,7-8,14,plain,0,6.286662034224719,0.23509540921231106,0.006969017317963849,0.026908966527842713,0.9636007554119389,0.16800967491404617,1.9867593597031132,0.9366917888840962,113.34257975034672,0.28926586849488245,0.210216756943816,0.08463123507915817,0.698182990659062,0.005703833922335778,2.8427124242683782e-05,0.0012367562713853876
torsiontest2000,testcase-2530,FFDGPVCHZBVARC-UHFFFAOYSA-N,CN(C)CC(=O)O,1-2,7,gauche_effect,0,12.446340077498462,0.3310145558082511,0.21008057329097962,1.1905127874619599,2.7481856186980758,2.304572911565047,4.466752025111698,1.5576728312361159,129.81969486823857,0.5355635863811627,0.5399203861180388,0.22825121350096136,0.021747827090020252,0.11880001376819965,0.061331790773391216,0.029948768749388746
torsiontest2000,testcase-2531,HFTYUUGBENLWBZ-UHFFFAOYSA-N,CN(C)C(=O)[C@]1(C)CC=NO1,4-6,11,stereocentre_adjacent,0,11.884613464295398,0.019545409920214637,0.026060099100040934,0.40019410915215514,0.6270970492076555,0.6862537657885737,3.476492539393144,0.22690294005550038,1.9972260748960196,0.22505297334474547,0.7220954604637296,0.021145581093907382,0.23069885934232193,0.010721754563618001,0.0030409173106743484,0.012297427225748584
torsiontest2000,testcase-2534,LIQDTKQKWYLYJV-UHFFFAOYSA-N,CNCC(=O)N1CCC1,3-5,9,anomeric,0,16.355044523603283,0.03660082660577637,0.15393180679269156,0.9104619354060147,1.2619217569890528,2.0099784287730857,4.657173518531507,0.3514598215830381,170.76282940360608,0.15937685769987672,0.0241317720833022,0.7896557862323386,0.03228063489166761,0.1217814927595251,0.012400458738874643,0.019749855294291803
torsiontest2000,testcase-2535,JXNGHJAOFSMXAN-UHFFFAOYSA-N,CC(=O)N1CC(C2CC2)C1,5-6,10,plain,0,4.594127789488994,0.5432734664760511,0.06462740702334248,0.019703228071793914,0.955662193231749,0.33013138029790867,1.2964414554755244,0.935958965159955,15.977808599167815,0.33063936655360776,0.06252022861990572,0.016412930587424136,0.8564394337693277,0.05709944880530992,0.006763129636236876,0.0007648285817956785
torsiontest2000,testcase-2536,MNDSTSQKHHOFEI-UHFFFAOYSA-N,CC(=O)N1CC[C@H]1C1CC1,6-7,10,stereocentre_adjacent,0,3.9468205139273778,0.8639390631189896,0.021568190200444422,0.026328329157656892,1.126255533008735,0.1798406444606312,1.2116554609926302,1.0999272038510781,90.37447988904296,0.39863640208137413,0.13830143105450265,0.004721401588444031,0.835408977156609,0.012170341632193344,0.009011172536817708,0.00038667603143336705
torsiontest2000,testcase-2537,RSEPODZAQBVPOS-UHFFFAOYSA-N,CNC1CCN(C(C)=O)CC1,2-3,11,plain,0,7.193332466296852,0.6921818596857154,0.005191308764764298,0.02956294581659848,2.0412669435091777,0.179214808370356,2.453441246401914,2.011703997692579,106.85159500693482,0.5805584312112252,0.8035805873776324,0.010496593563897285,0.180731510293706,0.0005040546027716851,0.0020336072921195232,0.00265364686987309
torsiontest2000,testcase-2540,MTQUKYRLCVNXJC-UHFFFAOYSA-N,CC(C)CC1CCC1,2-4,8,plain,0,5.151642373966752,0.1822344230787108,0.008425650946590426,0.02098385492439161,0.6555727311394328,0.1424456323741473,1.535053474117114,0.6345888762150412,5.9916782246879166,0.17667462902805553,0.18594147207703693,0.047114965803695875,0.7585179111726768,0.0012011376333571342,0.0028388786523151108,0.0043856346609181815
torsiontest2000,testcase-2541,LCXKKRMEKLQZPU-UHFFFAOYSA-N,CC(=O)NCC1(C)CCC1,2-3,10,plain,0,4.244394161098171,0.19651729518642333,0.005130392333528076,0.07309565333677312,0.6115792368181729,0.12234419037913778,1.3716559231406948,0.5384835834813998,110.34674063800277,0.21485792245405247,0.004333721754732124,0.007621097533618797,0.9829147883781211,0.0039586281505188566,0.001170263626426238,1.5005565829813227e-06
torsiontest2000,testcase-2542,IWXVTGIOAKXVFA-UHFFFAOYSA-N,CC(=O)N[C@H](CO)C1CC1,4-5,10,stereocentre_adjacent,0,6.546609201526735,0.40948950293669123,0.0254628622030519,0.45220713939380547,1.3833769912147984,0.5574722256765172,2.0925034321285354,0.931169851820993,8.987517337031903,0.42330731586497056,0.34356844804494596,0.2883990969398351,0.3425695928121669,0.00890161017568487,0.005884366780552061,0.010676885246814972
torsiontest2000,testcase-2543,QAPSIUMUNHNUPW-UHFFFAOYSA-N,CCCS(C)(=O)=O,2-3,7,plain,0,5.205789703526534,0.00012553628053924734,0.0033208194718602766,0.032365854866398036,0.03589223524588146,0.08610993308742164,1.3850828629922833,0.0035263803794834264,0.0,0.007742945773396642,0.3386771403193411,0.14094443159347353,0.5170576086153251,0.0001242849887537321,0.0018482428550159265,0.001348291628090618
torsiontest2000,testcase-2544,YBJCDTIWNDBNTM-UHFFFAOYSA-N,CCS(C)(=O)=O,2-3,6,plain,0,4.096273433358874,3.44626057555421e-06,0.0013395586400970741,0.005729834007522474,0.006143410528146865,0.044062825374078574,1.1936953609859187,0.0004135765206243914,0.0,0.0011020482678228741,0.07446045290173862,0.05101974386789014,0.8731802445902741,0.0004610400534692614,1.117304324459045e-06,0.0008774012823033535
torsiontest2000,testcase-2546,PWWWDFAQRVVVCK-UHFFFAOYSA-N,CNC(=O)[C@@H](OC)C1CC1,1-2,10,gauche_effect|stereocentre_adjacent,0,7.716141494514886,0.11457294188668599,0.009057759687355588,0.08032766207722934,0.8220691904832601,0.24365720326106666,2.4183773771408656,0.7417415284060308,8.488210818307891,0.27981530110765757,0.6098113087214982,0.16826108403232748,0.2128698475588185,0.0051401141373071104,0.0033411575293195665,0.000576488020728912
torsiontest2000,testcase-2547,PWWWDFAQRVVVCK-UHFFFAOYSA-N,CNC(=O)[C@@H](OC)C1CC1,2-3,10,anomeric|conjugated|stereocentre_adjacent,0,6.610538225970231,0.021940029985681286,0.006085100868542152,0.0304425168692856,0.3190290005874419,0.16999554223668625,2.144219806574113,0.28858648371815626,18.474341192787847,0.1943541946342928,0.9245203779721423,0.05000641281544247,0.019388108343873143,0.005744974980134754,0.00032654312294183374,1.358276546556413e-05
torsiontest2000,testcase-2548,PWWWDFAQRVVVCK-UHFFFAOYSA-N,CNC(=O)[C@@H](OC)C1CC1,2-6,10,stereocentre_adjacent,0,4.529849065758754,0.6089315845812368,0.11641017593046107,0.2420783866825698,0.8954165080312746,0.4479672246445758,1.1309501486643625,0.6533381213487048,137.30929264909844,0.3128705999849633,0.02450037673232939,0.13597464577450588,0.7231148015627036,0.010962891918763581,0.05461356702483684,0.05083371698686065
torsiontest2000,testcase-2549,CKSAQKVVYFYRMM-UHFFFAOYSA-N,CC(=O)N[C@@H]1CCCCC12CCNCC2,3-4,15,stereocentre_adjacent,0,11.87898210529238,0.15094968513349333,0.03035948104158217,0.07687740161475191,1.6028138538260206,0.7220864450854487,4.121376683912711,1.5259364522112686,158.7794729542303,0.5399107286804973,0.7061188005528315,0.2566507654257077,0.006870952979878605,0.02851706325276943,0.001715360676661964,0.0001270571121507722
torsiontest2000,testcase-2553,FQGVVDYNRHNTCK-UHFFFAOYSA-N,COC(=O)[C@H](C)NC(C)=O,3-4,10,stereocentre_adjacent,0,6.833859898906667,0.5375618024039205,0.01293755254743428,0.1025057075094388,1.7204051250261003,0.2854610393420179,2.3445509552324224,1.6178994175166614,19.97226074895977,0.4780376798896592,0.7068020021781092,0.06622685502147638,0.2140335902529802,0.012079434297222337,0.000795093169098779,6.302508111316546e-05
torsiontest2000,testcase-2554,FQGVVDYNRHNTCK-UHFFFAOYSA-N,COC(=O)[C@H](C)NC(C)=O,4-6,10,stereocentre_adjacent,0,5.36965269211214,0.256262290034299,0.002506372612043146,0.0342809161894845,0.725274210677464,0.07942569720771964,1.4315241334064313,0.6909932944879795,10.485436893203882,0.21983802131483857,0.29369798151657206,0.6613816094474361,0.04241403642394865,0.0015100062232052136,0.0008562250187536076,0.00014014137008432504
torsiontest2000,testcase-2555,WNVRHTATNMNPGH-UHFFFAOYSA-N,CN[C@@H](CC(=O)OC)C(C)=O,3-4,11,anomeric|conjugated,0,4.389635602594353,0.08105548089767041,0.03308038264316764,0.10863466889469414,0.38575318932532815,0.2602223442604946,1.3046277495069505,0.277118520430634,26.463245492371698,0.11285101602853595,0.45055930082416396,0.5162418269548423,0.00011848957782602529,0.025388093284326164,0.0014660770287202097,0.006226212330121268
torsiontest2000,testcase-2556,PQIUHUKRJAOTLS-UHFFFAOYSA-N,CN[C@@H](C)C(=O)OC,4-6,8,anomeric,0,13.921396326710237,0.006668348459704571,0.0013041076987275156,0.0657106588078991,0.3426783722423777,0.16259953760547996,4.119056014269734,0.27696771343447857,0.9986130374479671,0.04182210524733016,0.3684525964611127,0.6278593131886375,0.0023839826515225024,8.04083632747976e-05,0.0009811913527413701,0.0002425079827113481
torsiontest2000,testcase-2557,YDVMILOIKRSPEO-UHFFFAOYSA-N,CCO[P@@](C)(=O)OC,2-3,8,stereocentre_adjacent,0,3.703975568758324,0.05263354221087253,0.058667406414609775,0.2966018834268467,0.38183717994673844,0.3904214652979308,1.0893321820070094,0.08523529651989176,4.993065187239949,0.09975684820224757,0.3324389303155792,0.43801494515830264,0.17087871811150834,0.007526647272449832,0.03429992394522801,0.016840835196931928
torsiontest2000,testcase-2558,WLQHQRNASQZTES-UHFFFAOYSA-N,COP(=O)(OC)c1cccnc1,1-2,12,plain,0,3.963450636831112,0.2371384260291983,0.0017169328360081826,0.010787448194180907,0.569165820479725,0.04960842935419165,1.1686338546743735,0.5583783722855441,3.9944521497919823,0.20386067195445715,0.6205499497162003,0.029819701883106568,0.3479134155646851,0.0006383670740658925,0.0008650402512009021,0.00021352551074138798
torsiontest2000,testcase-2560,CAAULPUQFIIOTL-UHFFFAOYSA-N,COP(=O)(O)O,1-2,6,plain,0,2.8803221971029416,0.2691086207469768,0.009589577995657489,0.07443713388198189,0.4871202497515647,0.1174692999109498,0.9309679518900431,0.41268311586958284,108.8488210818308,0.18834286753756455,0.33771850708403717,0.005357277385263629,0.6473346375350417,0.0027986742729266523,0.003932434716169601,0.0028584690065612335
torsiontest2000,testcase-2561,CAAULPUQFIIOTL-UHFFFAOYSA-N,COP(=O)(O)O,2-4,6,plain,0,1.8405797958839685,0.8857980215739303,0.005568995635609854,0.028046180538085753,0.5083680751757775,0.04905547483851867,0.5400518602931634,0.48032189463769176,25.963938973647714,0.21368212584327673,0.5944944451249834,0.3496040349007849,0.050332524338621815,0.004186564740736525,0.00016791063404156405,0.0012145202608317637
torsiontest2000,testcase-2562,DWHMMGGJCLDORC-UHFFFAOYSA-N,CO[P@](C)(=O)O,2-4,6,stereocentre_adjacent,0,4.842142482055351,0.9321165744047281,0.0084546024211882,0.07328729535875782,1.399213431301945,0.15192155560861217,1.4491335530425455,1.3259261359431873,49.93065187239944,0.4929861515039235,0.730551399790706,0.23192560042752172,0.029068397360584138,0.005870810496479546,0.0025501324402570137,3.3659484451640496e-05
torsiontest2000,testcase-2563,DWHMMGGJCLDORC-UHFFFAOYSA-N,CO[P@](C)(=O)O,2-5,6,anomeric|stereocentre_adjacent,0,5.3056696966523305,0.18655022758521866,0.0007727742489491686,0.008990901494058985,0.6561888320451842,0.043176020653941494,1.5191397459605305,0.6471979305511252,4.993065187239949,0.21088608278283874,0.7343333109874027,0.0582199061373787,0.2066740086262692,0.00018274671230025357,0.0005170261034376037,7.300143321131125e-05
torsiontest2000,testcase-2564,FTMWJWWQKVEKIT-UHFFFAOYSA-N,C[C@H](O[P@](C)(=O)O)c1ccccc1,5-6,13,stereocentre_adjacent,0,5.823470543138683,0.40280924069976654,0.07841791569117812,0.38967002542550183,1.2183138506251248,0.6412797027709458,1.8600345105520921,0.8286438251996229,10.485436893203882,0.36146790695727055,0.30137956014860773,0.29469631034000626,0.3255062138202077,0.008059658270830185,0.04203606916948744,0.028322188250860508
torsiontest2000,testcase-2565,VEIBHDXUEHNKJH-UHFFFAOYSA-N,C[P@@](=O)(O)O[C@H](c1ccccc1)C(F)(F)F,6-13,16,stereocentre_adjacent,0,5.399886450148188,0.0241221510446709,0.0027602460414794285,0.03276816199277542,0.2998880860767724,0.10602712301820078,1.9195812642391619,0.267119924083997,120.83217753120664,0.06890098546180848,1.4412701729929857e-05,0.0005141542977075,0.9967111869590832,0.0003944119340955816,3.973825839064322e-05,0.0023260958489932037
torsiontest2000,testcase-2566,BJPJMTMWIVUMAK-UHFFFAOYSA-N,CC(=O)N(C)O,2-4,6,plain,0,15.839039761049207,0.0021491532977570877,0.015709587749732898,0.3017716818725208,0.3755901849364012,0.6756944206608073,4.83289811123521,0.07381850306388038,1.4979195561719791,0.023908743664201402,0.008322485795919014,0.9545653400821,0.02140258637224822,0.012136340385911933,0.0030109233049826177,0.000562324058838348
torsiontest2000,testcase-2567,BJPJMTMWIVUMAK-UHFFFAOYSA-N,CC(=O)N(C)O,4-5,6,anomeric,0,10.377105441351887,1.2666726206545333e-05,0.004301105972186236,0.12972671800911648,0.13013806513699602,0.23049132264512215,2.9078951661375942,0.00041134712787954664,0.0,0.002083975046786415,0.9547248647855161,0.0018085928971498355,0.039165436345147873,0.0014755445023113525,0.0016166750854396728,0.0012088863844352108
torsiontest2000,testcase-2568,WSOZCKLPMDVDDK-UHFFFAOYSA-N,CCN(O)C(C)=O,4-6,7,plain,0,5.208530505537055,0.0010725937948879197,0.03034112274660115,0.08933542807382254,0.10069012928152225,0.2627099105014861,1.421136204103751,0.011354701207699713,141.30374479889045,0.023195975205358734,0.22785426690181743,0.7048320593344994,0.03697255101708189,0.018865750054260534,0.009542706307555026,0.0019326663847855894
torsiontest2000,testcase-2569,STOAZSLMVDLDLR-UHFFFAOYSA-N,CC(=O)N(O)C[C@H](C)O,6-7,9,stereocentre_adjacent,0,7.070026801084168,0.2927532855000623,0.08857713442478496,0.3323767923706747,1.1304137694699672,0.6809386498275423,2.0243502819228096,0.7980369770992926,114.34119278779474,0.3237917770346908,0.44457277374706733,0.029659556336777654,0.4371905354913701,0.057832137129875026,0.007927421223881988,0.022817576071027947
torsiontest2000,testcase-2570,GATNOFPXSDHULC-UHFFFAOYSA-N,CCP(=O)(O)O,2-3,6,plain,0,3.0056708171614446,0.10938656959114848,0.00039841473582097315,0.010392181842895537,0.3305422727608225,0.022484465864005758,0.9989730104353379,0.32015009091792695,112.3439667128988,0.12606426318602243,0.03156111102618961,0.0017507312374865865,0.9662897430005029,0.00032145570693991807,6.651834599783827e-05,1.0440682883216845e-05
torsiontest2000,testcase-2571,YACKEPLHDIMKIO-UHFFFAOYSA-N,CP(=O)(O)O,2-4,5,plain,0,4.0840757436235435,0.09168389628593558,0.07985558223433568,0.49076865813762754,0.6181210888522873,0.6032035156447585,1.3345951126542852,0.1273524307146598,1.4979195561719507,0.197638607478344,0.8225523512115752,0.02388360469951387,0.07370846185457523,0.020176695172359725,0.029078789176077657,0.030600097885898302
torsiontest2000,testcase-2576,BTANRVKWQNVYAZ-UHFFFAOYSA-N,CC[C@@H](C)O,2-3,5,stereocentre_adjacent,0,4.9952484245586675,0.12387664016967921,0.0023953275012914585,0.0066935587926116764,0.5461614756980293,0.07623528827490501,1.5516645879005764,0.5394679169054176,124.8266296809986,0.1648796615981515,0.10949085283462603,0.038372335719686575,0.849741483944396,0.0001414306395842216,0.000861990701697186,0.0013919061600100504
torsiontest2000,testcase-2577,DNIAPMSPPWPWGF-UHFFFAOYSA-N,C[C@H](O)CO,2-4,5,stereocentre_adjacent,0,7.000449431012385,0.27955629992232345,0.052297434574048694,0.3292400854860839,1.0274694489120928,0.5344274944918974,1.8700163133065022,0.6982293634260088,109.84743411927877,0.41548558710723055,0.2920095884628399,0.001692771959419421,0.6540002050036918,0.025602780412028108,0.01447769362589071,0.01221696053612987
torsiontest2000,testcase-2578,VONWDASPFIQPDY-UHFFFAOYSA-N,COP(C)(=O)OC,2-3,7,plain,0,4.842524573788978,0.7651732984199431,0.0015382256863685961,0.017126372058931357,1.3420730537912549,0.06255862653224337,1.5342214466850579,1.3249466817323234,22.46879334257983,0.43091090948910155,0.6410823019870424,0.17697803265687292,0.18040143966971608,0.0012120309560604984,9.068069321368716e-05,0.00023551403709441056
torsiontest2000,testcase-2579,JQCMQAOPTPWDJY-UHFFFAOYSA-N,COP(=O)(OC)C1(O)CCCC1,3-7,12,plain,0,6.935696148662828,0.4259461020776071,0.10229914902919192,0.392902992126128,1.1591773772221137,0.6633329259306381,1.7165534285612667,0.7662743850959857,148.29403606102636,0.40174174045713645,0.1801382580939372,0.2047830689053917,0.5127795239714792,0.023072283211231226,0.039514968408189036,0.03971189740977165
torsiontest2000,testcase-2581,XQLSFUCXVCCSCT-UHFFFAOYSA-N,C=CCO[P@@H](=O)OC,3-4,8,stereocentre_adjacent,0,2.357012686377857,0.055314596640900826,0.02833623864735537,0.06300733256679136,0.16508384867651593,0.12608361683230537,0.6518321352905845,0.10207651610972457,1.9972260748959627,0.06501490278536887,0.05082575360375381,0.7957819722159916,0.12505603553289926,0.012030492512929354,0.012796291967071651,0.003509454167354365
torsiontest2000,testcase-2582,CHQCPOOFRZOKCZ-UHFFFAOYSA-N,COP(=O)(NC(C)=O)OC,2-3,10,plain,0,5.427300223149359,0.48480708297189246,0.008893270046069943,0.057855081523793095,1.3700478803943223,0.19421116406676225,1.9667619994661887,1.3121927988705293,3.9944521497919823,0.3711011329899636,0.8578017781660023,0.05168428364066676,0.08162066814726095,0.006471668066234435,0.0022224701575629347,0.00019913182227257367
torsiontest2000,testcase-2583,FXHWJKMUMNGYEN-UHFFFAOYSA-N,COP(=O)(NC(N)=O)OC,2-4,10,anomeric|conjugated,0,8.662739566760138,0.7592257509812682,0.02020991749389025,0.2644967447982035,2.338843763980959,0.46228513857849995,2.6800703119123224,2.0743470191827558,51.428571428571445,0.6197178184316108,0.3380687003354561,0.5264078085111916,0.11531357365946202,0.009386723566255988,0.010803062541589935,2.01313860443274e-05
torsiontest2000,testcase-2584,HTTPGMNPPMMMOP-UHFFFAOYSA-N,N[C@@]1(C(=O)O)CCc2ccccc21,1-2,13,gauche_effect|stereocentre_adjacent,0,11.61565335834166,0.4694432406669923,0.13032205250055684,0.8946605080912661,2.8402529968491774,1.678600109509905,4.034805690776689,1.9455924887579115,1.4979195561719791,0.5389620234750125,0.3015576177265962,0.3557082189764808,0.21241211079636627,0.03703661857400824,0.06872269435330575,0.02456273957324287
torsiontest2000,testcase-2585,HTTPGMNPPMMMOP-UHFFFAOYSA-N,N[C@@]1(C(=O)O)CCc2ccccc21,2-3,13,anomeric|conjugated|stereocentre_adjacent,0,11.338321816932876,0.3322192364370729,0.05964852912305659,0.7041890575948805,2.301872853769477,1.1654158464349638,3.866834341868707,1.5976837961745964,1.4979195561719791,0.14785437368795432,0.611409843909161,0.3144833492129523,0.014458277754830003,0.004394158076893737,0.05090338147367877,0.004350989572484091
torsiontest2000,testcase-2586,QLZHNIAADXEJJP-UHFFFAOYSA-N,O=P(O)(O)c1ccccc1,3-4,10,plain,0,1.0708629789296538,0.9028186700389949,0.01617046292271171,0.01859979442587681,0.3751021583068797,0.05347781181634592,0.39472752003046363,0.35650236388100287,127.82246879334258,0.1591280618951874,0.00040487448747114315,0.9830185000782412,0.00040616251157598763,0.014948507370699561,0.00021059363430173353,0.0010113619177104126
torsiontest2000,testcase-2588,XOXVBDCJZLBOAF-UHFFFAOYSA-N,CNCc1cncnc1,2-3,9,plain,0,5.556464556866558,0.1162045848231604,0.009257428913682204,0.10018738226458035,0.540474882389151,0.1803025677498287,1.5612305007359213,0.44028750012457063,107.35090152565886,0.1994543345466813,0.21619545519571748,0.08105088942986495,0.6934962264607354,0.005316279924554957,0.0024933122170201355,0.001447836772107111
torsiontest2000,testcase-2589,SAYIDBFKZNLZDN-UHFFFAOYSA-N,CNCc1cnc(N)nc1,2-3,10,biaryl,0,3.485423904028721,0.918349956263659,0.17938473578117237,0.6909312542032595,1.157994905551214,0.8037845161567024,1.1906850303363958,0.46706365134795447,117.83633841886268,0.3487695362187258,0.00014404017905371,0.8200119779057463,0.00045924613402758397,0.02477905527954681,0.0007838849437762467,0.15382179555784928
torsiontest2000,testcase-2590,WVLBCYQITXONBZ-UHFFFAOYSA-N,COP(=O)(OC)OC,2-3,8,plain,1,3.807562976027839,0.6279372521247893,0.0029473669961427,0.014260024560325909,0.8605292246240726,0.06064772923847211,1.08588879984947,0.8462692000637466,148.2940360610263,0.328061512622188,0.3544230742072578,0.3054565346989858,0.3371730240976139,0.002823587979711188,4.345054217376787e-05,8.032847425774468e-05
torsiontest2000,testcase-2591,FXBLJWDJXBQLEL-UHFFFAOYSA-N,C=COP(=O)(OC)OC,2-4,9,anomeric|conjugated,0,3.6193123343982734,0.6059853071844271,0.07864907922109364,0.1466044810047766,0.8692670759871597,0.3417220294303647,1.1103883799693108,0.722662594982383,29.958391123439696,0.32355462630141807,0.4442860935917406,0.2971243802796041,0.17994044690756147,0.062032689007932615,0.006977781836009765,0.009638608377151265
torsiontest2000,testcase-2592,FXBLJWDJXBQLEL-UHFFFAOYSA-N,C=COP(=O)(OC)OC,4-5,9,conjugated,0,3.8096345775411464,0.1693825972957186,0.23552838733815826,0.4954708761442046,0.6097183157851308,0.6488945258766172,0.9954569901031621,0.11424743964092621,0.9986130374479671,0.12269412700159876,0.26077400152319863,0.4766686641580436,0.027028946980599503,0.0959505979814901,0.050872855386081495,0.08870493397058668
torsiontest2000,testcase-2593,XHAFIUUYXQFJEW-UHFFFAOYSA-N,C=C(Cl)c1ccccc1,2-4,9,plain,0,1.8629402707447298,6.368688411008e-05,0.47534516296851465,0.020041694992881633,0.020663287445379753,0.43502812308162997,0.6306244221399637,0.0006215924524981195,0.0,0.002468691126637187,2.6426467284382626e-05,0.5241940655029496,0.000434345061251519,0.4676135757269286,7.626239079301395e-06,0.0077239610025067774
torsiontest2000,testcase-2594,TWIIRMSFZNYMQE-UHFFFAOYSA-N,COC(=O)c1cnccn1,2-3,10,anomeric|conjugated,0,11.280379094416276,2.0874497627473863e-07,0.002772662855953893,0.19561204102617616,0.19561836021716733,0.2666493434851982,3.4469790848455077,6.319190991171952e-06,0.0,0.0002724100910480367,0.36608784364780306,0.6020693805288221,0.02907011296742078,0.000641013750029981,0.0008987145402807536,0.0012329345656431582
torsiontest2000,testcase-2595,TWIIRMSFZNYMQE-UHFFFAOYSA-N,COC(=O)c1cnccn1,3-5,10,anomeric|conjugated,0,3.8943114954745397,6.382901209802397e-08,0.01190219880822,0.0015790039942989741,0.001610900113618652,0.13774985857860106,1.2625527065449857,3.1896119319677844e-05,0.0,0.00014574303324965237,0.11938436270437638,0.8675783520423858,0.0011350864450177707,0.011771300658818692,0.000117920408087543,1.2977741313765634e-05
torsiontest2000,testcase-2596,XLSMFKSTNGKWQX-UHFFFAOYSA-N,CC(=O)CO,2-3,5,plain,0,6.485299931693589,1.0115320295336051e-07,0.020009896656892335,0.3588114101999268,0.3588118160104364,0.43168746977833555,1.7342834479619915,4.0581050958499176e-07,0.4993065187239836,0.0001423501614037035,0.5088938520885913,0.37099670831982196,0.10009954293469442,0.0018064066264129105,0.004089429812134699,0.014114060218344725
torsiontest2000,testcase-2597,XLSMFKSTNGKWQX-UHFFFAOYSA-N,CC(=O)CO,3-4,5,plain,0,6.630579095915891,1.8762699232422792e-07,0.0002514489541295824,0.013965052977107753,0.014005895675551019,0.0415454225814523,2.4675710655349916,4.084269844326603e-05,0.0,0.0001279351888802002,0.9349630591863647,0.06185924694960211,0.0029262449099035294,0.0002080778949969626,1.3425980414877942e-07,4.323679932847103e-05
torsiontest2000,testcase-2598,ROWKJAVDOGWPAT-UHFFFAOYSA-N,CC(=O)[C@@H](C)O,2-3,6,stereocentre_adjacent,0,4.678301694133552,0.040855260839406146,0.008571875565363504,0.07297790147004045,0.28859192028822545,0.14724977098043418,1.3832983377314712,0.21561401881818498,0.4993065187239836,0.06974187283391099,0.4789790357737314,0.4134153632963114,0.09903372536459364,0.002336911341888256,0.004846056034462882,0.0013889081890123666
torsiontest2000,testcase-2599,ROWKJAVDOGWPAT-UHFFFAOYSA-N,CC(=O)[C@@H](C)O,3-4,6,stereocentre_adjacent,0,7.3922557568585034,0.0068541823712497205,0.0010123745485040108,0.03361893495005188,0.22461638072070098,0.09173446185769461,2.6827361567418686,0.1909974457706491,2.4965325936199747,0.03797919537852629,0.9309114654844728,0.06155896223605332,0.006517197730969933,0.0008546173087583606,0.00012980414884967655,2.795309089597366e-05
torsiontest2000,testcase-2600,FFYGQZADJGVPGT-UHFFFAOYSA-N,CC(=O)[C@H](O)[C@H](C)O,3-5,8,stereocentre_adjacent,0,9.591677896212786,0.7040732479579246,0.020687981626369048,0.39783652597024843,2.2704362510497598,0.5523501797472544,2.6935090718085655,1.8725997250795112,25.963938973647714,0.6408734735888877,0.3492654956431253,0.19127061772115975,0.4387759050093458,0.007052277345883587,0.006520584962702133,0.007115119317783329
torsiontest2000,testcase-2601,OWBTYPJTUOEWEK-UHFFFAOYSA-N,C[C@H](O)[C@@H](C)O,2-4,6,stereocentre_adjacent,0,7.645904973556753,0.11506490682690414,0.03566626413527007,0.26053923273234947,0.7848143325184116,0.48760496972870904,2.197922376100501,0.5242750997860621,117.83633841886268,0.28433199242174184,0.10545639349045409,0.02200436161377045,0.8368729807605054,0.025665929007521893,0.007776756046999539,0.00222357908074864
torsiontest2000,testcase-2602,GVFPRYAPMFINSY-UHFFFAOYSA-N,CCOP(C)(C)=O,2-3,7,plain,0,3.3008820936083794,0.020750068411858332,0.004777905279066095,0.10530025157287665,0.18227460429904466,0.1272208083960235,1.0382071042821837,0.07697435272616801,156.78224687933425,0.06904884988599848,0.5262933630655573,0.33445884204304355,0.13446988961233308,0.0016100786386082243,0.000461860953452468,0.002705965687005402
torsiontest2000,testcase-2603,KVUACIWPUWVZGT-UHFFFAOYSA-N,COP(=O)(N1CC1)N1CC1,1-2,10,plain,0,3.0691001571249217,2.6426485793998127e-06,0.007387475555867209,0.027409142452592735,0.027445181728872836,0.07923175071564512,0.8653506090143529,3.603927628010109e-05,0.0,0.0005898452359762542,0.0053468208449812165,0.559310876279705,0.4279548273194467,0.004905206508528985,0.0018095259646191604,0.0006727430827190638
torsiontest2000,testcase-2604,KVUACIWPUWVZGT-UHFFFAOYSA-N,COP(=O)(N1CC1)N1CC1,2-4,10,anomeric,0,7.300559295283165,0.24632199072904495,0.10098964353146857,0.528439409559463,1.109532415007404,0.8182188996903755,2.0355237010125933,0.581093005447941,18.97364771151183,0.33547435730267083,0.6288886284223039,0.04108601770556465,0.22903571034066295,0.011471350962697297,0.0485849305425922,0.040933362026179074
torsiontest2000,testcase-2605,QKWULNOMHKBBLA-UHFFFAOYSA-N,C=CCCNC,3-4,6,plain,0,6.717152707686182,0.030369478179850723,0.004658068202435532,0.008062136719672926,0.30298864243782775,0.11889346134134511,1.7380358266121658,0.2949265057181548,131.31761442441052,0.173302935552208,0.11939031661455642,0.15638914586789623,0.7195624693151119,0.0037441398042109505,0.0006708650067275614,0.0002430633914970205
torsiontest2000,testcase-2606,UFGGBJYMEZXRLU-UHFFFAOYSA-N,CC[P@H](C)=O,2-3,5,stereocentre_adjacent,0,3.239583265502006,0.07132587160779734,0.0066200306408980905,0.0057324979937003985,0.2515446338157087,0.07682825616539272,0.941643676705697,0.24581213582200828,110.8460471567268,0.07821999600949374,0.054429666603333815,0.017807591452733553,0.9211427113030345,0.0047888954399040095,0.0009242709748629243,0.0009068642261311566
torsiontest2000,testcase-2607,ZWEHNKRNPOVVGH-UHFFFAOYSA-N,CCC(C)=O,2-4,5,plain,0,2.0004843360511586,3.014220514676089e-09,0.024558879376323665,0.024470157352481457,0.024470172777318742,0.0821549452421606,0.5010428587576686,1.5424837285921145e-08,0.0,1.0863415054534674e-05,0.6898534046055006,0.04045937585884865,0.24512834015932694,0.0006810773958268459,0.01513819304777269,0.008739608932724127
torsiontest2000,testcase-2608,ZZKFHBJYRMQKHD-UHFFFAOYSA-N,CC(C)(C)[P@@H](=O)O,2-5,7,stereocentre_adjacent,0,4.047043608734384,0.15018788912031436,0.0006033045449272761,0.004784832743984189,0.5542960579426112,0.03545421212484524,1.4302454200684525,0.5495112251986269,7.489597780859924,0.19534772516914134,5.4324048954643694e-05,0.000585104247862416,0.9987572671582556,0.0005828665531512304,1.9348104754024026e-05,1.0898870220216265e-06
torsiontest2000,testcase-2609,BCDIWLCKOCHCIH-UHFFFAOYSA-N,C[P@@H](=O)O,2-4,4,stereocentre_adjacent,1,4.112675068201497,0.025504863519144258,3.978767168684144e-05,0.007884878411441469,0.24681707639462133,0.012534258391991803,1.544713009378877,0.23893219798317986,23.966712898751723,0.12259058349221412,0.9726080435115737,0.01317262003558836,0.014179548781151123,1.8943585397688398e-05,6.648538477775291e-06,1.4195547811377756e-05
torsiontest2000,testcase-2610,AQNQDNPBGPSXLA-UHFFFAOYSA-N,C[Si](C)(C)C(F)(F)P(=O)(O)O,2-5,11,plain,0,2.3366040672408417,0.22366075503288227,0.06003212052646549,0.03074419712926638,0.35082198238720985,0.1836464512613439,0.7395936768021258,0.32007778525794345,106.8515950069348,0.16398679151323822,0.0017403388561901918,4.64604565537865e-05,0.9381810801607905,0.0004589153179547818,0.0017692313396325814,0.05780397386887813
torsiontest2000,testcase-2611,METYCTMKKRQCFT-UHFFFAOYSA-N,C=C(C)C[C@H](NC)C(C)=O,2-4,10,stereocentre_adjacent,0,5.8837075174669735,0.5223340224821073,0.04502490304182177,0.1995007196502567,1.2110661175207924,0.40348084043965643,1.6647949330674066,1.0115653978705357,107.3509015256588,0.43515955946719537,0.12089739574886821,0.48519024132925687,0.3488874598800533,0.007999079883986888,0.03522120824609743,0.0018046149117374596
torsiontest2000,testcase-2612,JVZGXNOECLGJAU-UHFFFAOYSA-N,C=CC[C@H](NC)C(=O)O,3-4,9,stereocentre_adjacent,0,7.986997644067742,0.2574898955885981,0.08199583190596106,0.3655958332180041,1.023571552617221,0.6517121965678958,1.9192354024102214,0.6579757193992171,120.83217753120664,0.38599835343762384,0.05540067377678314,0.19086346762032483,0.6717400266969309,0.04304272918269437,0.028224953138729674,0.010728149584537031
torsiontest2000,testcase-2613,GDFAOVXKHJXLEI-UHFFFAOYSA-N,CN[C@@H](C)C(=O)O,2-3,7,anomeric|amide|stereocentre_adjacent,0,12.059277809195919,0.1652577194078793,0.055394103091369266,0.8504738315060397,1.7782644977722293,1.2413004123936153,3.9346669547970623,0.9277906662661896,8.48821081830792,0.4560989478675504,0.6354579826588452,0.2978489858000198,0.011298928449765622,0.0445597303968958,0.003097792023877452,0.007736580670596011
torsiontest2000,testcase-2614,GDFAOVXKHJXLEI-UHFFFAOYSA-N,CN[C@@H](C)C(=O)O,2-4,7,stereocentre_adjacent,0,10.169942647451535,0.05299514551647305,0.027963414596989124,0.3807150674656837,0.9110484876514242,0.711635987370596,3.615506431102381,0.5303334201857406,0.4993065187239836,0.17846636327175947,0.7735328395933614,0.19050679444607496,0.007996951363574414,0.008468852622903545,0.014916228454714615,0.004578333519370965
torsiontest2000,testcase-2615,GDFAOVXKHJXLEI-UHFFFAOYSA-N,CN[C@@H](C)C(=O)O,4-6,7,plain,1,14.578936944453744,0.004621085346574995,0.0008592976561934031,0.2166499144517795,0.3818377488153024,0.25557949708728755,4.63042207048261,0.1651878343635229,2.9958391123439583,0.08871070597594323,0.06081992213311346,0.9377911125524392,0.0005296676582541145,0.0002650309334424832,0.00013720304708468302,0.0004570636756662368
torsiontest2000,testcase-2616,YKBYTZGYGUZKTA-UHFFFAOYSA-N,CC(=O)[C@H](C)NC(C)C,3-4,9,plain,0,4.592682279646397,0.40571692342749854,0.019349419083428007,0.02236230844659589,0.9044859453640339,0.19872792524437605,1.4197482682844853,0.882123636917438,103.85575589459086,0.34035578504132913,0.3873952529174578,0.03935669043588459,0.5538986375632294,0.0019730127907366477,0.017133804457578835,0.00024260183511252498
torsiontest2000,testcase-2617,PYFSCIWXNSXGNS-UHFFFAOYSA-N,CC[C@@H](C)NC,2-4,6,stereocentre_adjacent,0,5.101599748857552,0.12545688504516198,0.00529448417381352,0.016223588887283345,0.5784779731496528,0.1198930450513048,1.6326402834317506,0.5622543842623694,116.33841886269067,0.1532567959267006,0.1403079479455715,0.045700515983406305,0.8086970518972086,0.0028050101596062684,0.0002468025609314377,0.002242671453275814
torsiontest2000,testcase-2618,UVWSEDHGOCUHEM-UHFFFAOYSA-N,CC[P@](C)(=O)OC,2-3,7,stereocentre_adjacent,0,2.8088106469949707,0.19587980214262443,0.0031546775371111813,0.01200300559711929,0.4085337925575477,0.053194916651340386,0.9227466489399199,0.39653078696042837,1.4979195561720644,0.13930911056041412,0.03594303762566206,0.05416442033122889,0.906737864505998,0.00029093539201505283,0.0009350641115443438,0.0019286780335517845
torsiontest2000,testcase-2619,HAXBLJDZJKJLHZ-UHFFFAOYSA-N,COP(C)(C)=O,2-5,6,plain,0,4.700398437504191,3.9196462663284057e-07,0.00048587516902640906,0.017870477937260612,0.017905295081206987,0.043167138642045154,1.782748526350496,3.481714394637514e-05,0.0,0.0004921078538738642,0.8551124608141795,0.011708118165893176,0.13269354585090085,0.0001245760014774336,7.507792574749636e-06,0.0003537913749742258
torsiontest2000,testcase-2620,UFZOPKFMKMAWLU-UHFFFAOYSA-N,CCO[P@](C)(=O)O,2-3,7,stereocentre_adjacent,0,2.778870474139694,0.02723342677975212,0.004559384967911227,0.03222251049313134,0.14953535270498805,0.06788284275119696,0.8854340538348607,0.11731284221185671,9.486823855755887,0.055912019731937844,0.6526176773466515,0.25495953300242796,0.08786340468300935,0.0013785358781481126,0.0030568754140757547,0.00012397367568736043
torsiontest2000,testcase-2621,NVZRFUCVCIVKJR-UHFFFAOYSA-N,CO[P@](=O)(O)Cc1ccccc1,2-5,12,conjugated|stereocentre_adjacent,0,5.167050747899339,0.2229097391712298,0.003516064666022027,0.0545530233780676,0.6627145568313323,0.09928068795273184,1.3999600482761418,0.6081615334532647,1.9972260748959911,0.3243407992579298,0.25916298136340216,0.09766218393467639,0.6396587700358994,6.982222896490957e-05,0.001915962614595222,0.0015302798224618955
torsiontest2000,testcase-2622,KMVOVPFZNMZUML-UHFFFAOYSA-N,C[C@H](N)C(=O)O[P@](C)(=O)O,2-3,10,anomeric|amide|stereocentre_adjacent,0,9.165361969731748,0.6411344282716339,0.3607222728615601,0.8112737213508587,2.392849020477397,1.8733212421536798,2.9261266167992597,1.5815752991265384,2.9958391123439867,0.5246359114595482,0.4079826184761889,0.19719387720671974,0.03410123145553135,0.10936920480403026,0.1580616384987978,0.09329142955873207
torsiontest2000,testcase-2623,KMVOVPFZNMZUML-UHFFFAOYSA-N,C[C@H](N)C(=O)O[P@](C)(=O)O,2-4,10,stereocentre_adjacent,0,9.679382385336794,0.6614032346901805,0.09187968024668418,0.7301510900169139,2.6374452549630876,1.1938921125698965,3.2006692566330175,1.9072941649461737,63.411927877947306,0.6946470169485935,0.7844926394909922,0.06896200636500384,0.054665673897319814,0.05739559104452663,0.03433049718371632,0.00015359201844122647
torsiontest2000,testcase-2624,CVUXIFAXHPVNPN-UHFFFAOYSA-N,CC(=O)O[P@](C)(=O)O,3-4,8,stereocentre_adjacent,0,6.330278325767722,0.6739751251664798,0.04012666400184666,0.31662044929237776,1.2863311232528079,0.43908230418917665,1.551310250822733,0.9697106739604301,14.479889042995836,0.41012076308237383,0.24986177890586334,0.3547519684205434,0.3552595886717466,0.015347410756421402,0.01787415050969754,0.00690510273572773
torsiontest2000,testcase-2625,CVUXIFAXHPVNPN-UHFFFAOYSA-N,CC(=O)O[P@](C)(=O)O,4-6,8,stereocentre_adjacent,0,8.044469809276052,0.8280847047506991,0.023952068518279267,0.42151920586308367,2.732546017186704,0.6233090738965046,2.996676945868514,2.3110268113236208,59.916782246879336,0.6482396673363631,0.9648257616775774,0.0072971481469596,0.00392502165718397,0.009948567076933534,0.007825882000821455,0.006177619440524279
torsiontest2000,testcase-2626,ZKQVVZHCUZWTQX-UHFFFAOYSA-N,CC(=O)O[P@](=O)(O)[C@@H](C)N,4-7,10,stereocentre_adjacent,0,4.218972433358431,0.06139209372280965,0.021580616703266373,0.19285279114925816,0.3628024207455566,0.2653063850678026,1.2551470350323195,0.16994962959629842,113.34257975034672,0.09453206315642751,0.04622964951257896,0.05370188881756963,0.878487844966585,0.004087039635649446,0.0006611245252564002,0.016832452542360526
torsiontest2000,testcase-2627,WKYLIZWRODRLGJ-UHFFFAOYSA-N,CO[P@](=O)(O)[C@@H](C)N,5-7,8,stereocentre_adjacent,0,6.676394023816101,0.30033333785615524,0.056253242520057395,0.5491308459437537,1.1551450572617876,0.7035581833112163,1.9340234278284767,0.6060142113180339,1.9972260748959343,0.3008273773412231,0.19683267715540656,0.16730140327952212,0.579612677045014,0.0037080171296909703,0.005395498959747209,0.04714972643061922
torsiontest2000,testcase-2628,UOUBSNKDIDEUCV-UHFFFAOYSA-N,CP(C)(=O)Oc1ccccc1,5-6,11,plain,0,2.8314427112345584,0.9493191550846909,0.04700765332662888,0.10450838085520661,0.852400195912555,0.21531316295881572,0.8745244259335874,0.7478918150573484,140.80443828016644,0.3133833868569971,0.002960861927902349,0.9468983373905252,0.003133147354943645,0.03553564030183917,0.0006129871005292371,0.010859025924260473
torsiontest2000,testcase-2629,TVJQWMZXNHGWQN-UHFFFAOYSA-N,CN[P@@](C)(=O)Oc1ccccc1,6-7,12,stereocentre_adjacent,0,7.931923509109765,0.10723219406494626,0.05529708016039228,0.2952969629781627,0.6721973165891056,0.5246340600387837,1.867551731759006,0.37690035361094293,2.4965325936199747,0.14990850947365633,0.5570853679273915,0.29639003895737115,0.09122751295484512,0.023813597129827103,0.02113373215630358,0.0103497508742616
torsiontest2000,testcase-2630,RKWANFZBPMDAKU-UHFFFAOYSA-N,CO[P@](C)(=O)Nc1ccccc1F,5-6,13,biaryl,0,4.746882433653809,0.06918362239427725,0.030591122172558095,0.21481341708467935,0.47180642791991695,0.3523762772109518,1.6114276139803867,0.2569930108352376,11.983356449375862,0.176559463195042,0.8704962416583094,0.09521519397731487,0.003697442191817611,0.02064005442481408,0.006016570013812586,0.003934497733931421
torsiontest2000,testcase-2631,SZNLOKORAXUTRM-UHFFFAOYSA-N,CO[P@](=O)(O)CC(=O)O,2-5,9,anomeric|conjugated|stereocentre_adjacent,0,7.512140910956077,0.45557904879188227,0.089890922581365,0.44038315956906177,1.5860930585791402,0.8074936963001699,2.3000447342123453,1.1457098990100785,123.8280166435506,0.5145232992289996,0.3908507450057879,0.19119520412641777,0.3280631282864292,0.04352448986847487,0.0041231800159655775,0.042243252696924555
torsiontest2000,testcase-2634,XWUFPNLBTGIAFF-UHFFFAOYSA-N,C=C[P@@](=O)(O)CC,2-3,7,stereocentre_adjacent,0,3.2163204189855605,0.15371724256312905,0.0022056370096462637,0.005018821830554152,0.3829739652367385,0.046144669688950535,0.976734436464669,0.37795514340618436,111.84466019417476,0.14399923600770365,0.07253206457137519,0.007210398727272256,0.9180518996917063,0.0018893913062568515,2.463424779176094e-05,0.0002916114555976511
torsiontest2000,testcase-2635,ZNBYZIRVKBMNRF-UHFFFAOYSA-N,C=C[P@@](C)(=O)O,2-4,6,conjugated|stereocentre_adjacent,0,4.334243833553046,0.04838390444372837,9.12831414845147e-05,0.0020619726521248663,0.35583096724224,0.015592384264731534,1.617656129894096,0.3537689945901151,32.954230235783655,0.15973226535724822,0.9844358712517713,0.003389122178550917,0.012083723428193194,8.618554734803186e-05,1.3174555485249252e-06,3.7801385879579023e-06
torsiontest2000,testcase-2636,NIXOWILDQLNWCW-UHFFFAOYSA-N,C=CC(=O)O,2-3,5,anomeric|conjugated,0,5.821859229297843,3.2686391000085257e-06,0.009749499358942865,0.0046676697911847325,0.0058797490751863165,0.1953306303887244,1.9776811840302568,0.001212079284001584,0.0,0.00028234162533716245,0.0033196490328694355,0.9865401672909494,0.00039068431723834744,0.009664831087280099,1.0619824224226752e-05,7.404844743854022e-05
torsiontest2000,testcase-2637,NIXOWILDQLNWCW-UHFFFAOYSA-N,C=CC(=O)O,3-5,5,plain,1,12.647036564507289,7.163365240868232e-07,0.00020508738533822607,0.0013257055071712394,0.003589489870551429,0.05645697650511621,3.9412047732956057,0.0022637843633801897,0.0,0.0001672159674612406,0.19749500477415724,0.8015032983938557,0.000796609446648796,0.0001972896232555329,7.087575090049279e-06,7.101869926439426e-07
torsiontest2000,testcase-2638,WYKNNRXUNHJPDJ-UHFFFAOYSA-O,C[N+](C)(C)CP(=O)(O)O,2-5,9,plain,0,5.09375345625449,0.07562375311470039,0.053651631975363274,0.09581610699001487,0.48122663216509415,0.4086105676115264,1.7175659935633496,0.3854105251750793,131.31761442441052,0.23832150630872875,7.459559128857549e-05,0.00042703642710447277,0.9458467360062438,0.00036864888176507004,3.682607245061685e-05,0.053246157021147586
torsiontest2000,testcase-2639,XZKIHKMTEMTJQX-UHFFFAOYSA-N,O=[N+]([O-])c1ccc(OP(=O)(O)O)cc1,2-4,14,conjugated,0,5.644290928146802,7.37252442748648e-05,0.01195016231476331,0.019769354528651063,0.02618237453058886,0.21944765199687633,1.999380189571576,0.006413020001937796,0.0,0.009483577696996289,3.098599168294426e-05,0.9880108092735017,8.04242005198047e-06,0.011891932246341242,2.8232724001008966e-05,2.999734442105941e-05
torsiontest2000,testcase-2640,CMPQUABWPXYYSH-UHFFFAOYSA-N,O=P(O)(O)Oc1ccccc1,4-5,11,plain,0,1.383383645559661,0.9568885233814967,0.015759358564312525,0.01186460314299833,0.4699485625657227,0.06144703913654619,0.4804117359858574,0.4580839594227244,143.3009708737864,0.19213180709519492,0.0004129603813876044,0.9830594394654207,0.0007682415888791489,0.014208871531488197,8.460301385699058e-05,0.001465884018967337
torsiontest2000,testcase-2641,KTHDTJVBEPMMGL-UHFFFAOYSA-N,CC(=O)N[C@@H](C)C(=O)O,5-7,9,stereocentre_adjacent,0,5.357445918489248,0.23634924158882126,0.002556153446400021,0.04249134982519393,0.6881895441226671,0.08311491985903063,1.4135068200121035,0.6456981942974731,8.987517337031932,0.20636066113045465,0.28647508753036977,0.6549247067194245,0.05604405230380579,0.0017032826903387297,0.0006329572685170796,0.00021991348754421157
torsiontest2000,testcase-2642,KTHDTJVBEPMMGL-UHFFFAOYSA-N,CC(=O)N[C@@H](C)C(=O)O,7-9,9,plain,1,12.064747030439321,0.00037745441547079887,0.0002316293441576607,0.0018450628144505768,0.07376988149416265,0.057800167898827824,3.795865432089797,0.07192481867971208,0.0,0.014213037445685927,0.1547014818763329,0.8449112658980024,0.0001556228815070303,0.00021898514338862765,1.2151551439270012e-05,4.926493297630008e-07
torsiontest2000,testcase-2643,KISDWGZUMNKHNY-UHFFFAOYSA-N,CN[C@@H](C[P@H](=O)O)C(C)=O,3-4,10,stereocentre_adjacent,0,11.741951850184705,0.4847137645413387,0.03831260006743439,0.4787857159547223,2.1313924882280793,0.7551091520807381,3.0213407734639883,1.6526067722733568,3.4951456310679703,0.6017187434979907,0.5671729761028397,0.3337970390665706,0.060717384763155254,0.016514987375716304,0.005283273636348328,0.01651433905536976
torsiontest2000,testcase-2644,QLAUIXHXGPSZQW-UHFFFAOYSA-N,C[P@](=O)(O)CN,1-2,6,stereocentre_adjacent,0,4.194142209424172,0.12383671489126814,0.1591866425732382,0.3046930685425,0.4837093096915004,0.5237014585625707,1.1101971936800998,0.1790162411490004,135.8113730929265,0.11483331783240791,0.12756744799427724,0.38891098782040323,0.3243349216120813,0.05966574711334768,0.04641193125715516,0.05310896420273535
torsiontest2000,testcase-2645,QLAUIXHXGPSZQW-UHFFFAOYSA-N,C[P@](=O)(O)CN,2-3,6,stereocentre_adjacent,0,5.249161879241001,0.4451426499921494,0.14942505372179343,0.330978322649168,1.0084298293256422,0.6435345548064064,1.4655917826066847,0.6774515066764741,5.492371705963933,0.32342763622373905,0.5024197438131401,0.1026120123234314,0.24554319014163517,0.09448124628861422,0.02350133723279733,0.03144247020038189
torsiontest2000,testcase-2646,GOJNABIZVJCYFL-UHFFFAOYSA-N,CP(C)(=O)O,2-4,5,plain,0,4.253465776739176,2.1821249305350134e-08,7.05777270617762e-05,0.00044732808296053193,0.0005097059200498378,0.013902664038279819,1.6540148202554115,6.237783708930587e-05,0.4993065187239836,9.034866074646985e-05,0.9655151979376736,0.022908845537979568,0.011505378797285191,7.004919897872782e-05,3.725436777283301e-07,1.5598440532005623e-07
torsiontest2000,testcase-2647,UOGWNGIDNIUNQT-UHFFFAOYSA-N,C[P@@](=O)(O)C1Cc2ccccc2C1,2-5,13,stereocentre_adjacent,0,4.7636570611502975,0.3507585210346526,0.016362048746195137,0.023730480016639226,0.8016882170896233,0.17469247314497377,1.353249209686695,0.7779577370729841,127.82246879334258,0.36160888625155047,0.0388595992920511,0.33600604913163956,0.6087723028301144,0.00959918920730257,0.0054595876435811945,0.001303271895311373
torsiontest2000,testcase-2648,JBQMFBWTKWOSQX-UHFFFAOYSA-N,O=C(O)[C@H]1CCc2ccccc21,9-10,12,anomeric|conjugated|stereocentre_adjacent,0,2.2784087694017217,0.18343556789478183,0.0262255731825336,0.004367946968662117,0.2792192698351465,0.105653677226329,0.6518687459875746,0.2748513228664844,0.4993065187239836,0.13066581216603612,0.16386002850470918,0.6892087586878298,0.12070563962492735,0.024527213485947098,0.0005570118533207489,0.0011413478432657552
torsiontest2000,testcase-2649,QOJLTIJRCYTUDQ-UHFFFAOYSA-N,COP(=O)(CC(=O)O)OC,2-4,10,anomeric|conjugated,0,8.337776706786826,0.671250973141974,0.05806535902854982,0.5106355633933497,2.1200744904916644,0.7918337842164733,2.562874195556522,1.6094389270983147,7.489597780859924,0.5800006138179218,0.5493165668968072,0.23616814307961423,0.1564499309950289,0.026507412454221786,0.02048561070314313,0.011072335871184906
torsiontest2000,testcase-2650,XMNQCSOOUOJOLR-UHFFFAOYSA-N,CCO[P@@](=O)(O)OC,2-3,8,stereocentre_adjacent,0,2.291667597135529,0.031987782256066674,0.00869336852578752,0.029017309905657967,0.12974067914914297,0.07202637350661091,0.7076296377886824,0.100723369243485,11.484049930651878,0.056623653806537944,0.5286727107414256,0.3153413342781348,0.14729258645465196,0.002370247211685742,0.005469964594563649,0.0008531567195381288
torsiontest2000,testcase-2651,KKUKTXOBAWVSHC-UHFFFAOYSA-N,COP(=O)(O)OC,1-2,7,plain,0,3.9645341085270047,0.1902260034069537,0.07180644431380692,0.17610529525686633,0.552495308239005,0.3667863943522176,1.2135306711916236,0.3763900129821386,4.993065187239949,0.1870756640429112,0.28927524996722126,0.046635992547480805,0.592282313171491,0.04419496486049159,0.017044960988759874,0.010566518464555467
torsiontest2000,testcase-2652,KKUKTXOBAWVSHC-UHFFFAOYSA-N,COP(=O)(O)OC,2-4,7,plain,0,2.735792269872036,0.4744291012427063,0.07256940275777884,0.18562447979584207,0.5439946216715541,0.27285882282854845,0.7652387666918314,0.35837014187571203,38.94590846047157,0.23574179162154196,0.4379043720997253,0.3456209759147303,0.14390524922776535,0.048484873430345576,0.014887854100592651,0.00919667522684062
torsiontest2000,testcase-2653,ZDOQYGNBITZAMD-UHFFFAOYSA-N,C[C@@H]1Nc2ccccc2O[P@]1(=O)c1ccccc1,11-13,18,conjugated|stereocentre_adjacent,0,5.541148804011755,0.5959308145819671,0.019436413590933253,0.03810934539841798,1.4612452460611545,0.2665451135285104,1.8926299154804778,1.4231359006627364,158.2801664355062,0.4108017601861584,0.0004555432641843656,0.9798600197731144,0.00024802337176787754,0.017806285250718385,0.0006570652755893802,0.0009730630646254877
torsiontest2000,testcase-2654,ZQXUIBWHDVDICW-UHFFFAOYSA-N,CN1CCN([Si](C)(C)C)[P@@H]1=O,2-5,11,plain,0,1.4692615640815347,0.8800292824685781,0.07985323487373713,0.046736703460193506,0.45901518439435374,0.14527366936118996,0.48899934728615974,0.41227848093416025,87.87794729542298,0.18405565671717547,3.2643179929530305e-06,0.0004975885948993774,0.9196459122133704,0.0002871517286809099,0.00019783080995789404,0.07936825233509832
torsiontest2000,testcase-2656,JHMJHQREOYSHDJ-UHFFFAOYSA-N,CC[C@H]1CCCP1c1ccccc1,2-3,13,stereocentre_adjacent,0,6.574005660659168,0.2600047650632549,0.022782642119626308,0.055040939236535365,0.9411339813184493,0.2835059520692947,1.84336213999848,0.8860930420819139,114.84049930651872,0.33896699560286225,0.42155527492686845,0.09457330419594666,0.46108877875755855,0.015177558117889529,0.004729959010877827,0.002875124990858953
torsiontest2000,testcase-2657,LYINTWKRUWVLBA-UHFFFAOYSA-N,c1ccc(C2OCCO2)cc1,6-7,11,anomeric,0,1.1319708343362436,0.5355615602938684,0.5043954042944448,0.08233793596640437,0.2538156445751656,0.24711918779632308,0.33824555349796503,0.17147770860876121,108.34951456310681,0.10834852798443484,0.036182429208420866,0.4396016398345696,0.019820526662564605,0.45885721876379465,0.02994169792766642,0.015596487602983794
torsiontest2000,testcase-2658,YHQMSHVVGOSZEW-UHFFFAOYSA-N,CCP(=O)(OC)OC,2-3,8,plain,0,2.716542308102362,0.13863682962684185,0.015811764654816256,0.06943215416468175,0.32721183277127946,0.1283831350938226,0.8615889499418599,0.25777967860659773,1.4979195561719791,0.11899589778617381,0.04032884070079496,0.006233931720027243,0.9376254629243617,0.007822080218010967,0.004356954017312892,0.003632730419492397
torsiontest2000,testcase-2659,ZLPICQDCFDTOPK-UHFFFAOYSA-N,CC(C)OP(C)(C)=O,2-4,8,plain,0,3.2850044641527347,0.6310754440576273,0.015261501956163935,0.156528367864001,0.930252698090785,0.2117454422575108,1.1648771660585824,0.773724330226784,80.38834951456312,0.3457322143705119,0.4657657266526481,0.3329042156159232,0.18606855577526465,0.0059712594407724555,0.0088751695805439,0.00041507293484758113
torsiontest2000,testcase-2660,YZMZIVRDOIYLFC-UHFFFAOYSA-N,CO[P@@]1(=O)CCC[P@@](=O)(OC)C1,1-2,12,stereocentre_adjacent,0,7.120662315282971,0.02502439803505543,0.003657193717973208,0.06868342042642368,0.4168096225292833,0.1715162449508693,2.5997385678419063,0.3481262021028596,0.0,0.059245481861482846,0.9366262591678574,0.0322039459255391,0.02751260118863033,0.003276089561870896,0.00035530109005664067,2.5803066045671367e-05
torsiontest2000,testcase-2661,DWCRHUWVDSHYPO-UHFFFAOYSA-N,CNP(=O)(OC)OC,1-2,8,plain,0,5.089339210710023,0.2220371361425769,0.004890716481733722,0.02961895709666546,0.7251389426354572,0.11153535587838191,1.5378944474696932,0.6955199855387917,0.0,0.20352840373024167,0.8448062263163026,0.011698414833884691,0.1386046423680789,0.003702394474855482,0.001042795670054182,0.0001455263368240574
torsiontest2000,testcase-2662,DWCRHUWVDSHYPO-UHFFFAOYSA-N,CNP(=O)(OC)OC,2-4,8,anomeric,0,5.29465368099045,0.8788516288060926,0.03952374347783993,0.29761479967347576,1.41343736724312,0.417656034077557,1.503658971448973,1.1158225675696443,47.933425797503446,0.4616970673231174,0.009011475898293781,0.8397348317419776,0.11172994888188852,0.005954049265763305,0.013760213860182577,0.019809480351894046
torsiontest2000,testcase-2664,ARALPBQCGKVIJW-UHFFFAOYSA-N,CNC(=O)NN(C)C,2-4,8,plain,0,17.817094211059157,0.1593755010158744,0.0755477774604377,0.9951868096685627,2.232454283050003,1.6980539040605478,5.103651317657594,1.2372674733814404,5.492371705963933,0.16859837467055547,0.37114544455447385,0.4869219572657602,0.06638482071932825,0.03199237651908129,0.0325705424841496,0.010984858457206806
torsiontest2000,testcase-2665,HRGKUONFJGOSMB-UHFFFAOYSA-N,CNC(=O)NN1CCCCC1,4-5,11,plain,0,15.933771316253114,0.6043135114546332,0.12945606221208533,0.8965118764423502,4.094275342693,2.0548854682183393,5.2165906988670185,3.1977634662506498,99.86130374479887,0.6827408640002041,0.342486132493982,0.4842293304119753,0.04382847488195723,0.10306262828437875,0.001894526653977331,0.024498907273729265
torsiontest2000,testcase-2667,WQQAPJITHNMMNQ-UHFFFAOYSA-N,COP1OCCCO1,2-3,8,plain,0,4.619529320450965,0.578628978128889,0.009593329341833132,0.05933256691592109,1.4399477383645214,0.19452126507540415,1.8923055886617364,1.3806151714486004,2.995839112344015,0.4248180964101795,0.8914583058553489,6.055275929901856e-06,0.09894230952688805,0.007679596343359473,0.0008373041361131409,0.001076428862360517
torsiontest2000,testcase-2668,VSLXSJMDVAHBEQ-UHFFFAOYSA-N,COP1(=O)OCCCO1,2-3,9,plain,0,6.956005675543565,0.5571316936989179,0.025429109977689907,0.2387454607175057,1.925947175229239,0.4729689052273844,2.571476263838855,1.6872017145117333,6.4909847434119285,0.4895327122403658,0.8057185036380498,0.00793905746831483,0.1609133289159455,0.010371446516776756,0.00744864066715282,0.00760902279376033
torsiontest2000,testcase-2669,DKPBGPGFLDMHRG-UHFFFAOYSA-N,CCP(C)(C)=O,2-3,6,plain,0,3.049022993131075,9.830315110690769e-08,0.006106400583051797,0.009191952729202065,0.009197275693829013,0.07851704868479932,0.9979146003758996,5.322964626948076e-06,110.34674063800276,0.00010292462788781306,0.07678431153982895,0.012888365528409631,0.9042209223487097,0.002966832381077152,2.22005181810261e-05,0.0031173676837936187
torsiontest2000,testcase-2670,PCRSZFWMPJQEAM-UHFFFAOYSA-N,CC(C)[P@](C)(=O)c1ccccc1,2-4,12,stereocentre_adjacent,0,4.567965863156132,0.09197142330696675,0.005248166170266347,0.012083882156007987,0.41422432814990945,0.09964260443664483,1.3653413143586974,0.4021404459939015,117.83633841886268,0.1950234890615331,0.06110967225548865,0.023289976006603222,0.9103521855676416,0.0017141267126119823,0.0005437657023019821,0.002990273755352383
torsiontest2000,testcase-2671,IPZJMMRIOCINCK-UHFFFAOYSA-N,CP(C)(=O)c1ccccc1,2-5,10,conjugated,0,2.7952312385314144,6.168844825456167e-05,0.007735083104014377,0.012851807514067832,0.014800631316109918,0.08320078008724174,0.9347422551133793,0.001948823802042086,0.4993065187239836,0.0017049205091275816,2.0421843104299882e-05,0.9918221541443549,0.0004223409085263317,0.003219869614131558,0.00044071424860197406,0.004074499241280846
torsiontest2000,testcase-2672,RGZKEKLNNXERMN-UHFFFAOYSA-N,CP(C)(=O)CC(=O)O,3-4,8,anomeric|conjugated,0,11.047190214972943,0.22896764261087046,0.1790911492933386,0.8135836481968384,2.1240471999947235,1.9165060081097327,4.1803140004755255,1.310463551797885,64.90984743411929,0.24469607783913958,0.771297963260582,0.03228699793222043,0.01732388951385895,0.09691464474447226,0.06271012094997018,0.019466383598896173
torsiontest2000,testcase-2678,ZMXDDKWLCZADIW-UHFFFAOYSA-N,CN(C)C=O,2-4,5,anomeric,0,16.11641905095894,6.059658319842886e-10,0.04040121224359254,0.24508661498164702,0.245086651647826,1.1217659716294817,5.451593056900877,3.6666178981903386e-08,0.0,6.926823967458923e-05,0.008278518166114097,0.9367601424897967,0.01456012710049672,0.03531638001201791,0.0017115711667126667,0.0033732610648619667
torsiontest2000,testcase-2679,DKGFJWDKTSVYKE-UHFFFAOYSA-N,CO[P@](C)(=O)Oc1ccccc1,3-4,12,biaryl,0,2.330617024563253,0.9036843651879527,0.06701386907562261,0.05175547241756638,0.7212339522619314,0.20261908633192838,0.758507584723863,0.669478479844365,33.45353675450761,0.2733420801751361,0.0003755843886662832,0.9319809529481582,0.0006295935875528344,0.05495389241088846,0.00012800927861128414,0.011931967386122863
torsiontest2000,testcase-2680,INANVXNIFVFBAR-UHFFFAOYSA-N,C[P@@](=O)(O)Cc1ccccc1,2-4,11,stereocentre_adjacent,0,4.7726036359672435,0.23957767321736798,0.005852965571210679,0.026530778710628315,0.6693441322573576,0.1078518408016982,1.3666803035810215,0.6428133535467292,111.34535367545072,0.20923653095271352,0.07985786903333691,0.1659738143204843,0.7483153510749682,0.0045296901899327885,0.0003038792360019258,0.0010193961452759656
torsiontest2000,testcase-2681,NXHKQBCTZHECQF-UHFFFAOYSA-N,CC[P@@](C)(=O)O,2-5,6,stereocentre_adjacent,0,3.2242308868444525,0.07596729456628053,0.002243000299952186,0.016578999084646256,0.27519831260640454,0.050028659836972786,0.9967887712088154,0.25861931352175827,1.4979195561720644,0.09903636565908552,0.051912481615757976,0.0066417514290159135,0.9392027666552739,0.00046398989482343946,0.0001743351252769415,0.0016046752798518052
torsiontest2000,testcase-2682,YXCKWWNGFQTTCD-UHFFFAOYSA-N,C[P@](=O)(O)C[C@@H]1C=CC=CC1,4-5,11,stereocentre_adjacent,0,5.147405364608858,0.27562517675271997,0.04226356619511547,0.07454025889988085,0.743703104370039,0.299189491038782,1.4114130171047523,0.6691628454701581,151.28987517337032,0.2903950397605631,0.2983168429915416,0.2714889297537999,0.38793066105954305,0.03029436365674434,0.002944273284908539,0.009024929253462592
torsiontest2000,testcase-2683,FQEMARONUOAYGT-UHFFFAOYSA-N,OC1=CCCC=C1,4-5,7,conjugated,0,4.253358944464708,0.016607861708826884,0.00012491811011063576,0.003771174393963608,0.1637160543486463,0.01468729346061078,1.270050492789981,0.1599448799546827,0.9986130374479956,0.04409614371023764,0.07672996941534893,0.9037923109204815,0.019352801554058878,0.00011745845747755304,2.6116890991164487e-06,4.847963533966271e-06
torsiontest2000,testcase-2684,SGZOBSIMKNHYPM-UHFFFAOYSA-N,COP(=O)(OC)[C@](C)(O)c1ccccc1,3-7,15,stereocentre_adjacent,0,6.8593650492839515,0.6130134237258202,0.021641887425853712,0.13549052028404165,1.4909279500418329,0.31013855565609794,1.9011950042943504,1.3554374297577911,13.481276005547869,0.5250538465949743,0.00980728961406929,0.3567193676778029,0.6118314552822741,0.012696282556577454,0.008507701725834756,0.0004379031434414983
torsiontest2000,testcase-2685,SGZOBSIMKNHYPM-UHFFFAOYSA-N,COP(=O)(OC)[C@](C)(O)c1ccccc1,7-9,15,stereocentre_adjacent,0,5.128868601517752,0.21867529358744053,0.013622014737120226,0.14464287914688892,0.6757892757113525,0.21924227082927789,1.4190463757865055,0.5311463965644636,93.86962552011096,0.2351378991384846,0.7701862555060769,0.0017996870502012758,0.21439204270660162,0.00612407007384959,0.0023964462817675286,0.005101498381503108
torsiontest2000,testcase-2686,RQCAAFRALKAXRR-UHFFFAOYSA-N,CCN1CC=CCC1,2-3,8,plain,0,6.353045354480855,0.29710249392989213,0.01140212397221639,0.038261050130632905,1.059587347586243,0.21093932472223198,1.943051493260545,1.02132629745561,7.988904299583908,0.271092827609567,0.24488603831460745,0.11662086627030387,0.6270909714428724,0.004389942413710836,0.0015351328471164497,0.005477048711389106
torsiontest2000,testcase-2687,XOEXUKCWWKJXHP-UHFFFAOYSA-N,C=C[P@@](C)(=O)c1ccccc1,2-3,11,stereocentre_adjacent,0,3.0802158533479087,0.031684692257352584,0.007389092123352355,0.013139460655625814,0.147999221928156,0.07239121491731673,0.8282682369021983,0.1348597612725302,1.4979195561719791,0.05348143173077985,0.1311839608401608,0.028843707759108272,0.8325832392773787,0.0024242977870294327,0.0029072489175515476,0.0020575454187713752
torsiontest2000,testcase-2688,NSTREUWFTAOOKS-UHFFFAOYSA-N,O=C(O)c1ccccc1F,4-5,10,anomeric|conjugated,0,3.3216239777975716,7.3345162313237054e-06,0.03280269556977744,0.007526378176673316,0.008123389163905653,0.20455426354100148,1.1286757962999325,0.0005970109872323369,0.0,0.0007831161036822623,0.07078404173933357,0.8916640661078417,0.004749196583047122,0.03215129776778852,0.0005083513050063664,0.000143046496982548
torsiontest2000,testcase-2690,UNHRDDXVGCYJSJ-UHFFFAOYSA-N,COC[P@@](C)(=O)O,2-5,7,stereocentre_adjacent,0,3.8199716155068018,0.37448953042423977,0.05100665267854678,0.08277549773159035,0.6982868084882253,0.26894575487606537,1.1360488126114323,0.615511310756635,7.988904299583936,0.36602156435141664,0.4869127577387747,0.2077069606523481,0.2543736289303305,0.039505416766803914,0.004280465112736689,0.00722077079900618
torsiontest2000,testcase-2692,SAILMANCAYPQIP-UHFFFAOYSA-N,COP(=O)(OC)[C@@H](N(C)C)P(C)(C)=O,2-5,14,stereocentre_adjacent,0,7.444716030382551,0.34231667760870815,0.06197364177287855,0.4249261453581878,1.2912281987806125,0.6706104824123212,2.126886259388951,0.8663020534224246,155.78363384188629,0.4812053114363841,0.17886728908749094,0.4776730084727115,0.281486060666919,0.0024865326622362156,0.023887629616641447,0.035599479494000885
torsiontest2000,testcase-2693,SAILMANCAYPQIP-UHFFFAOYSA-N,COP(=O)(OC)[C@@H](N(C)C)P(C)(C)=O,5-6,14,stereocentre_adjacent,0,15.15154911018908,0.6855987221337805,0.1268813295098121,1.2278102605577592,3.210515260358382,1.7708987036844952,3.7871957775714926,1.9827049998006228,46.43550624133147,0.7134376056727891,0.10563939037695694,0.7621218953624752,0.005357384750755799,0.04561694693004823,0.07327083986174907,0.00799354271801481
torsiontest2000,testcase-2694,RTAAKNLNWIHGGX-UHFFFAOYSA-N,CO[P@](C)(=O)c1ccccc1,2-3,11,stereocentre_adjacent,0,6.229729850892909,0.08217460313620005,0.0020621528071967537,0.020684014892783768,0.5556217168930342,0.09035617070124377,1.9370199564227142,0.5349377020002504,98.86269070735091,0.291265038654851,0.8383451102287158,0.00874152107500463,0.15085121588908276,0.0015634455844599974,0.0004506085631148493,4.809865962190715e-05
torsiontest2000,testcase-2695,RGXIXVNKYUAKHS-UHFFFAOYSA-N,COC1=CCC=CC1,2-3,8,conjugated,0,4.965593302069465,1.8336883524358707e-06,0.0041065931207178484,0.023187077631830227,0.023280698269303027,0.10139204326690686,1.5404524665360204,9.362063747279936e-05,0.0,0.0003637605435447068,0.48341636751742223,0.3342860608530755,0.1781909785087844,0.0016180324499400116,0.0010854012667386882,0.0014031594040391485
torsiontest2000,testcase-2696,WWWDEKCCCQHRJO-UHFFFAOYSA-N,CO[P@](=O)(c1ccccc1)C1CC1,1-2,13,stereocentre_adjacent,0,5.349963159649633,0.018536314579522775,0.0019340193819628853,0.016988819639002808,0.24110385629889639,0.07952177266309533,1.7665735485086433,0.22411503665989357,104.35506241331484,0.15348417924474367,0.7931777316378325,0.021090147917663237,0.18379810106254138,0.001545593110178352,0.00028190427421471444,0.000106521997569819
torsiontest2000,testcase-2697,WWWDEKCCCQHRJO-UHFFFAOYSA-N,CO[P@](=O)(c1ccccc1)C1CC1,2-4,13,conjugated|stereocentre_adjacent,0,3.690122639411129,0.7084695289079505,0.05472183809242199,0.2585955520136508,0.9667554434564101,0.36591767674106657,1.1365243935610823,0.7081598914427593,160.2773925104022,0.3523908712252287,0.0050293110603026065,0.9347516971342847,0.005497153712990701,0.02023140672151009,0.0048993129782451544,0.029591118392666746
torsiontest2000,testcase-2698,YIHJVNKCVXFDKM-UHFFFAOYSA-N,CCc1ccc(OP(C)(C)=O)cc1,2-3,13,biaryl,0,0.87141193728894,0.0033882184092041082,0.12251875670681166,0.013175871003060563,0.02281563936126554,0.11278015063840788,0.3202693427940637,0.009639768358204978,2.4965325936199747,0.009128160234207547,0.0014469076740544426,0.8737465797097189,0.0022877559094150283,0.11201967390220582,0.00249715828333551,0.008001924521270326
torsiontest2000,testcase-2699,CSZAIEFFZDGWNV-UHFFFAOYSA-N,CO[P@@](C)(=O)Nc1cccnc1,2-5,12,stereocentre_adjacent,0,6.960614197771065,0.754029201539898,0.09252422057462999,0.3945776152228627,1.6695873590745307,0.6918337717490438,1.909462923779953,1.275009743851668,142.80166435506243,0.4539510253219804,0.0012243627597776678,0.6724190671088452,0.2338323495567471,0.04296658687289603,0.049069800356907986,0.00048783334482597535
torsiontest2000,testcase-2700,XEMRNTMMQAXVCZ-UHFFFAOYSA-N,CO[P@](C)(=O)OC(F)(F)F,1-3,10,anomeric|stereocentre_adjacent,0,2.566987773985602,0.8931848479009015,0.05527019379703152,0.12581643273525359,0.716076272071807,0.21582423787179172,0.7564345604011568,0.5902598393365535,46.93481276005548,0.2799352050687867,0.5525154891483748,0.36527082399330685,0.026943493061287023,0.01341948936343922,0.0035285025030831465,0.03832220193050915
torsiontest2000,testcase-2701,GLXJLHFGUYPSHK-UHFFFAOYSA-N,C[C@H](CN)P(=O)(O)O,2-3,8,stereocentre_adjacent,0,9.57539768476272,0.22510845508424798,0.08206089410223896,0.3144622098226941,1.3138384714598634,0.8319234811107746,2.7069876903777303,0.9993762616371693,4.993065187239949,0.547850937998124,0.6526021723910187,0.04975648223039145,0.2155804512763508,0.05672381532722545,0.021020617954168867,0.004316460820844644
torsiontest2000,testcase-2702,ATLPLEZDTSBZQG-UHFFFAOYSA-N,CC(C)P(=O)(O)O,2-4,7,plain,0,4.19701869081473,0.062152152523134385,0.0011596247883783905,0.016931857465667017,0.32492050344134177,0.04744585360262883,1.3016536888916346,0.30798864597567477,123.32871012482667,0.10226120811101135,0.02894005146620359,0.01261742401561857,0.9572828997297994,0.0008803088397023647,6.8646695270122775e-06,0.00027245127914901336
torsiontest2000,testcase-2703,HXDOZKJGKXYMEW-UHFFFAOYSA-N,CCc1ccc(O)cc1,2-3,9,biaryl,0,0.8841659536701627,0.0004459306338779021,0.10110475478589331,0.01059791561936042,0.012705861742841332,0.10606544727138491,0.33207048870736006,0.0021079461234809124,0.4993065187239836,0.0030856452136728465,0.0011281475033736435,0.8924113911872006,0.005355706523532435,0.08892299854416645,0.00017166981262202417,0.012010086429104835
torsiontest2000,testcase-2704,MUCJLZGDWNSXGF-UHFFFAOYSA-N,CO[P@@](C)(=O)OCC(Cl)(Cl)Cl,6-7,11,plain,0,7.08726444747299,0.04382575546355424,0.0017712077120187052,0.03795919857578131,0.5239821069013296,0.11170867589410761,2.496659111130414,0.4860229083255483,3.495145631067942,0.13795257590700494,3.508001874171326e-05,0.0005438010236438,0.9976499112455958,0.0005659285173897774,3.6578637588507863e-05,0.00116870055704042
torsiontest2000,testcase-2705,OECCEFXMNQKERN-UHFFFAOYSA-N,COP(=O)(OC)[C@@H](O)c1ccccc1,2-5,14,stereocentre_adjacent,0,6.981660079443827,0.5231508170701702,0.024475953526786588,0.2931960726619205,1.5286105062003663,0.43733713791224194,2.0947892379279742,1.2354144335384458,75.39528432732317,0.4679881070195657,0.5528905475724618,0.2132498206633336,0.20938367823741796,0.0063029510367333015,0.016455934255420523,0.001717068234632763
torsiontest2000,testcase-2706,XQWASWNSNVBXKV-UHFFFAOYSA-N,COP(=O)(OC)[C@@H](O)c1ccccc1F,5-7,15,stereocentre_adjacent,0,7.471719254157506,0.3523459167265057,0.012627152260277847,0.19470283442043235,1.3745727677111872,0.3228989875939943,2.3006100898940685,1.179869933290755,175.75589459084608,0.4699857654940487,0.2906263513267446,0.6053139153027653,0.09143258111021221,0.006916403956059598,0.0035142010983099745,0.0021965472059082736
torsiontest2000,testcase-2707,OLYWGXUJESDUAC-UHFFFAOYSA-N,CC(=O)[C@@H](C)N,2-3,6,anomeric|amide|stereocentre_adjacent,0,5.8664667269040365,0.7042478309144725,0.025580580943651093,0.23624142866471376,1.5405350563178029,0.3741482941573527,1.8293349159908117,1.304293627653089,38.94590846047157,0.37431472015008843,0.6610012572028967,0.18189815213876617,0.1315200097146859,0.01413544946001831,0.006310674825289095,0.00513445665834369
torsiontest2000,testcase-2708,OLYWGXUJESDUAC-UHFFFAOYSA-N,CC(=O)[C@@H](C)N,2-4,6,stereocentre_adjacent,0,2.642562185123097,0.22150907073034892,0.02049354622749243,0.03523679150267814,0.3768260574280842,0.11943262400521347,0.7979251027416681,0.34158926592540606,10.984743411927894,0.15141454033070811,0.518645437711727,0.3303470216628898,0.13051399439789083,0.0036987641677749023,0.008594977177000905,0.00819980488271662
torsiontest2000,testcase-2709,DVSHXLWNRCEDCW-UHFFFAOYSA-N,CC(=O)CP(=O)(O)O,3-4,8,plain,0,6.343872601981275,0.30084492460688816,0.056440016665120406,0.728850339941314,1.2068142214866875,0.8395181775545538,1.89907498311388,0.4779638815453735,12.482662968099874,0.339162299037964,0.1359866632196983,0.3554493008197848,0.4521240192953963,0.00951492155485339,0.012625906288220422,0.0342991888220466
torsiontest2000,testcase-2710,AMEIGBQUPYJRGP-UHFFFAOYSA-N,C[C@@H]1CCCC[C@]1(C)P(C)c1ccccc1,2-3,16,stereocentre_adjacent,0,10.17476878175512,0.20830369610599267,0.03466897149536164,0.09710662661005844,1.2132291047611188,0.502831823622011,2.6514915018988643,1.1161224781510604,15.478502080443832,0.37438948044017845,0.6841384177654639,0.03609932058218583,0.24509329015698864,0.006405424157870135,0.0034325285445579116,0.024831018792933597
torsiontest2000,testcase-2711,HASCQPSFPAKVEK-UHFFFAOYSA-N,CP(C)c1ccccc1,2-4,9,plain,0,0.5832075809012167,0.8510300876764088,0.3187778983892861,0.010769086316684046,0.13502503718691194,0.08307689369127895,0.14629720980286606,0.1242559508702279,11.983356449375862,0.05693372778482186,0.008031123732752825,0.6717803871924053,0.0014105906855557532,0.009301653318165255,0.005639716286631739,0.3038365287844891
torsiontest2000,testcase-2712,CELWCAITJAEQNL-UHFFFAOYSA-N,O[C@@H]1CCCCO1,3-4,7,stereocentre_adjacent,0,3.9796128271555062,0.6433035682484557,0.0009777853912488817,0.002895960798691619,0.9446078972366326,0.036940513290223034,1.177722671166163,0.941711936437941,125.3259361997226,0.4215661116467309,0.44607020692198995,0.4681573792634208,0.08479462842334026,0.0009236251835358049,3.982275863407263e-05,1.4337449079004311e-05
torsiontest2000,testcase-2713,MIAXJJCAIQVKPX-UHFFFAOYSA-N,O[C@H]1CCCO[C@@H]1O,5-6,8,stereocentre_adjacent,0,4.334139174956363,0.6997591442638258,0.0006958555187292719,0.001392999479423991,1.1320687306772133,0.03572630915520777,1.353313307261381,1.1306757311977893,1.9972260748959911,0.4701920438902213,0.7358645984068577,0.1875834670715355,0.07585607900287764,0.0006423049309237767,4.353683626716587e-05,1.0013751538329342e-05
torsiontest2000,testcase-2714,LMYJGUNNJIDROI-UHFFFAOYSA-N,OC1CCOCC1,5-6,7,plain,0,1.376375377905788,0.0473366044537444,0.0032019108841425453,0.027750210026988378,0.08685724876995676,0.03504669123887404,0.3793068571926832,0.05910703874296838,1.9972260748960196,0.029779280157329984,0.03948060755188769,0.015387581161250186,0.9419299004027195,0.0010829214542523225,0.0006599933963451224,0.0014589960335451
torsiontest2000,testcase-2715,SKRABBMADUGSQM-UHFFFAOYSA-N,C[C@H]1OCCC[C@H]1O,7-8,8,stereocentre_adjacent,0,3.164310408232268,0.26673450166205204,0.004288118204031828,0.004209298010417736,0.4753511821223179,0.06041550499490502,0.9203704460017302,0.47114188411190017,1.4979195561719791,0.25762582145694546,0.7244310010570711,0.10048488621201289,0.1707959945268841,0.0032857080384143516,0.000852480325526195,0.00014992984009128165
torsiontest2000,testcase-2716,FBHCWAGXJMKXKP-UHFFFAOYSA-N,COP(OC)N(C)C(C)C,2-4,10,plain,0,5.721323194215074,0.5677481107578607,0.10579647818815913,0.3052813795849066,0.9775892811362987,0.5039002795798962,1.269775708263605,0.6723079015513922,1.4979195561719791,0.3273913645003004,0.021064550964073073,0.6363812439443374,0.23675772690343044,0.006703567264425177,0.06215582557533764,0.0369370853483963
torsiontest2000,testcase-2717,VJRZCOYNWVLDOY-UHFFFAOYSA-N,COP(OC)N(C)C,1-2,8,plain,0,7.001064175623469,0.8731866766590738,0.01724759238976951,0.3736611177447414,2.377934407343004,0.49855428195394796,2.5407697257292363,2.0042732895982627,132.3162274618585,0.5845295696847495,0.07273392988373886,0.8470468759472093,0.06297160177928217,0.006585643636603384,0.010250050300530427,0.0004118984526357014
torsiontest2000,testcase-2718,VJRZCOYNWVLDOY-UHFFFAOYSA-N,COP(OC)N(C)C,2-3,8,plain,1,4.0177019439288415,0.2106368316703314,0.010267924135491307,0.06905975541985523,0.5424101464270458,0.13739942000961414,1.174259765350903,0.47335039100719056,0.9986130374479671,0.17252709924745688,0.2763494662897322,0.1942084861928317,0.5191741233819449,0.00822066228761974,0.0007857055022451137,0.0012615563456264526
torsiontest2000,testcase-2719,VYCYBHBWMMVJOH-UHFFFAOYSA-N,CCOP(OC)N(C)C,3-4,9,plain,0,2.943774843297433,0.06719162437075597,0.0028638372801559745,0.01884335078934873,0.22841278283123304,0.05063228538114463,0.8783754783447302,0.2095694320418843,16.477115117891827,0.09015568788732797,0.7154893171063659,0.1667329649040027,0.11491388070947553,0.00036882955969510226,0.002077669252216661,0.0004173384682442109
torsiontest2000,testcase-2720,ARAPVSIHNQAKQE-UHFFFAOYSA-N,CO[P@]1(=O)OCCN1C,2-3,9,stereocentre_adjacent,0,6.17265490727732,0.4259297825076488,0.0016014532807990453,0.06038135302489116,1.2376008649187262,0.09690757215827438,1.895024111693058,1.1772195118938351,13.481276005547898,0.36725755491845485,0.5804165018855739,0.28476080314466623,0.13322124168896077,0.0011015915871182072,0.0004776503050815182,2.2211388599320062e-05
torsiontest2000,testcase-2721,KTHKBPKVABCVET-UHFFFAOYSA-N,CO[P@]1(=O)O[C@@H](c2ccccc2)[C@@H](C)N1C,5-6,16,biaryl|stereocentre_adjacent,0,9.077957287547179,0.9788416849139889,0.027288201472237997,0.04949888792875261,3.1648203881443235,0.5306700738508164,3.198834548915631,3.115321500215571,143.8002773925104,0.675830865094923,0.002600767279441178,0.9700236285955667,8.740265275407952e-05,0.025887920303181936,0.0010579748430005192,0.0003423063260555418
torsiontest2000,testcase-2722,KKDZPJAROYVZPM-UHFFFAOYSA-N,CP(C)(=O)c1cc(F)ccc1N,11-12,12,plain,0,11.490795968216844,0.2689440361164262,0.12722702020508417,0.9592224159112894,2.353149478344793,1.7619097088428195,4.252999949962553,1.3939270624335034,1.9972260748959911,0.28760059449962294,0.024649032078929375,0.7910670712733088,0.05705687644267753,0.09351001063930484,0.023887894101946798,0.009829115463832543
torsiontest2000,testcase-2723,PJBOQMHPSCSTDZ-UHFFFAOYSA-N,CSCP(C)(C)=O,2-5,7,plain,0,5.018963409704156,0.5775551046941767,0.027015580535642753,0.09766086179460662,1.0988511083523136,0.25607024881116736,1.4434987764094966,1.001190246557707,120.33287101248266,0.4533391060039072,0.43853709642031946,0.12000876642764112,0.4144385566163967,0.012320061107073,0.00015246561665860174,0.014543053811911151
torsiontest2000,testcase-2724,SDDKIZNHOCEXTF-UHFFFAOYSA-N,[H]/N=C(\N)SC,1-2,5,anomeric|conjugated,0,6.7630014009191655,0.008015650171563332,0.00047304788620396913,0.08734012696425407,0.2035167902277764,0.09809421628711282,2.0550504059639976,0.11617666326352234,0.9986130374479671,0.027537921171127987,0.49755978483187524,0.4989875045904424,0.0029796626914782324,0.000329729751465441,5.025224520621029e-05,9.306588953231783e-05
torsiontest2000,testcase-2725,SDDKIZNHOCEXTF-UHFFFAOYSA-N,[H]/N=C(\N)SC,2-4,5,plain,1,7.926132110587787,0.3529851932035801,0.14123005449002488,0.6325101837865511,1.692655750111312,1.1774237831938412,2.7172406561308664,1.0601455663247608,41.442441054091546,0.26692688320158864,0.005863455995613474,0.8284367056805977,0.02446978383376389,0.09411217549475605,0.018870395627509872,0.028247483367758962
torsiontest2000,testcase-2726,UYYOELZSHBWAAA-UHFFFAOYSA-N,CCNP(=O)(OC)OC,4-5,9,plain,0,2.9057273564394563,0.10440089486844648,0.0170804912236952,0.03746714791361311,0.2770162896679242,0.1171699835084662,0.8502877498479448,0.23954914175431108,3.4951456310679703,0.11919194710001141,0.615504182356782,0.2586056198177103,0.10880970660181272,0.008902166612162992,0.005682217701134164,0.0024961069103980453
torsiontest2000,testcase-2727,QCKLYDQORUPOIR-UHFFFAOYSA-N,CCOP(OC)OC,2-3,8,plain,1,4.197549664473627,0.02364635426625453,0.007303404742739727,0.061562793789222366,0.2236222977138878,0.13440428067946344,1.3993915132968981,0.16205950392466545,12.9819694868238,0.06396205415105527,0.8253784144717519,0.1547639826757503,0.012554198109758156,0.0025835821860852558,0.004389142432843136,0.0003306801238113357
torsiontest2000,testcase-2728,WBESQMVRIKXRFL-UHFFFAOYSA-N,C[C@@]1(O)CCCO1,3-4,7,stereocentre_adjacent,0,3.6430918347032275,0.2852284324424713,0.0002581443237140787,0.005182098148315284,0.6259598261870433,0.019530737963715367,1.172032122153712,0.620777728038728,105.85298196948679,0.2951557700872598,0.8909922661982852,0.043906045596101784,0.06484354388189882,0.00013751115807103577,0.0001194606843797803,1.1724812632626178e-06
torsiontest2000,testcase-2729,VZKIEJBXBMKQCK-UHFFFAOYSA-N,OC[C@@]1(O)CCCO1,3-5,8,stereocentre_adjacent,0,7.256470324588008,0.11353376727632564,0.054167144531147786,0.3341790988147654,0.7547489588854883,0.5746078777805561,2.036040534329572,0.42056986007072295,2.4965325936199747,0.2156569995823541,0.27330937224722274,0.048410008011433914,0.6241134752101956,0.03267596400808698,0.007348413996944664,0.014142766526116145
torsiontest2000,testcase-2730,CSCSROFYRUZJJH-UHFFFAOYSA-N,CO[C@@H](O)CO,4-5,6,plain,0,6.377285146270879,0.6714639375878386,0.041034002415503514,0.23537925225360812,1.2228210225324472,0.3786781554143248,1.4831736366679855,0.9874417702788391,118.8349514563107,0.47677081275448635,0.4883979637835638,0.36809804090265735,0.10246999289827516,0.01724968098770126,0.013042027633349917,0.010742293794452344
torsiontest2000,testcase-2731,UUVNJWZKAZUKIG-UHFFFAOYSA-N,C[C@]1(O)OCC[C@@H]1O,6-7,8,stereocentre_adjacent,0,1.8758335235761479,0.15515461618526877,0.008058921820061734,0.004068224244996598,0.20660546544919536,0.04725299393072197,0.5244307413507555,0.20253724120419878,114.34119278779474,0.09616654916987534,0.05096260494732954,0.1867800077342821,0.754198465498327,0.006991317789474542,0.0008001445865036095,0.00026745944408358154
torsiontest2000,testcase-2732,ZFVWBUVYNPLIIS-UHFFFAOYSA-N,C[C@H]1OCC[C@@H]1O,6-7,7,stereocentre_adjacent,0,1.615981902286876,0.09645663044524323,0.05131704056155829,0.03218885949908814,0.1501569571650476,0.11171584952334475,0.47333686007845377,0.11796809766595945,92.87101248266293,0.06111472732834168,0.06230472114027804,0.1650588338270541,0.7213194044711095,0.038620325568272634,0.0030649437058673755,0.009631771287418276
torsiontest2000,testcase-2733,KFDZBPCOPKPLKH-UHFFFAOYSA-N,C/N=N/P(=O)(OC)OC,1-2,9,plain,0,5.794341893284582,0.1779380839632527,0.09377658135794364,0.4544723762613357,0.7609416306348203,0.634706622906348,1.5165407787984067,0.30646925437348466,83.38418862690708,0.31396277518417604,0.5081583874605622,0.23053171356682567,0.16753331761466844,0.03098149254837316,0.05061708624667213,0.012178002562898357
torsiontest2000,testcase-2734,OPEKELURFDLAHP-UHFFFAOYSA-N,C/N=N/c1cccnc1,2-3,9,biaryl,0,3.82979872712167,4.679215929531452e-06,0.051468727133345174,0.006098281414346915,0.006698042484347323,0.290611640076241,1.2807081549015313,0.0005997610700004081,0.4993065187239836,0.0008204068686384723,0.005053783129077741,0.9293476190767247,0.01412987066085238,0.0513618526681478,0.00010152083917765256,5.353626019722679e-06
torsiontest2000,testcase-2735,BWONBEUMAJFHTO-UHFFFAOYSA-N,CN(C)C(=O)C(C)(C)C(=O)O,3-5,11,plain,0,7.532068169908598,0.02448417741797069,0.058499165832905244,0.20333491732534067,0.4097101325791849,0.5861985228261256,2.28224772195374,0.20637521525384425,1.9972260748959911,0.09692154892128228,0.5228571138630999,0.019686084304707217,0.39895763599928785,0.05110760972972381,0.000827486161143746,0.006564069942037684
torsiontest2000,testcase-2736,BWONBEUMAJFHTO-UHFFFAOYSA-N,CN(C)C(=O)C(C)(C)C(=O)O,5-8,11,plain,0,6.6665215928223915,0.8437635801018444,0.027736205029912274,0.0586044326504627,1.964244943490794,0.36076384968887903,2.1382332704442244,1.9056405108403314,137.80859916782248,0.5572271340379771,0.10512192217104457,0.857716555373671,0.009425317425372295,0.02193069361297414,0.0035195347990465017,0.0022859766178916284
torsiontest2000,testcase-2740,JNIUIAKXLBYKRW-UHFFFAOYSA-N,COCCOP(C)(C)=O,3-4,9,plain,0,8.334609399316832,0.20103333274798527,0.00829802901509323,0.26325596000480117,0.9414805836631344,0.3209831772740674,2.033154019557465,0.6782246236583331,133.31484049930657,0.44033335772533855,0.09451840516304501,0.4469560905182419,0.45022747530361973,2.816098923387224e-06,0.0033401751949204,0.004955037721249443
torsiontest2000,testcase-2741,FCGZOLWXTWNTSA-UHFFFAOYSA-N,C[C@@H]1CCCC[C@H]1OP(C)(C)=O,7-8,12,stereocentre_adjacent,0,5.5358026581816375,0.40756646374533,0.026665057321409762,0.15621530819887394,1.1883901574689686,0.33941780177051595,1.8519328851351229,1.0321748492700946,57.919556171983345,0.4127196542853037,0.5317007242717119,0.41748665430347276,0.024147564103405697,0.020344740452796144,0.0006002055695973479,0.005720111299016268
torsiontest2000,testcase-2743,HVEMPDZEMICSMG-UHFFFAOYSA-N,c1ccc(B2OCCO2)cc1,4-5,11,plain,0,5.051417711132672,2.3970414971732448e-05,0.0072283709347718906,0.01754790477671255,0.019632376022565082,0.15387878509953112,1.7981956785085176,0.0020844712458525302,0.4993065187239836,0.0025582007025436444,5.6034449928000685e-05,0.9927012479401021,1.4346675198156949e-05,0.007204555395045491,2.9952227345276107e-06,2.0820316991872374e-05
torsiontest2000,testcase-2744,ROOUXWJPWGWFEP-UHFFFAOYSA-N,CP(C)C1C=CC=C1,2-3,8,plain,0,5.078152436646633,0.3210722874248016,0.006492107931201205,0.02613140184068113,0.9623300825263511,0.13926387467319545,1.6979082315490899,0.93619868068567,10.485436893203882,0.3063652533875154,0.001034179906969428,0.017762865399850582,0.9747108467619787,0.000655380292419568,0.0025467264535501874,0.0032900011852314503
torsiontest2000,testcase-2745,FUSUHKVFWTUUBE-UHFFFAOYSA-N,C=CC(C)=O,2-4,5,conjugated,0,5.243782306351932,7.543597014905145e-07,0.010819919530312817,0.0152925641044186,0.015369573935549455,0.18466788625479255,1.7693000024305663,7.700983113085452e-05,0.0,0.00035166198702066265,0.002807864868481698,0.9862918257573693,8.038984383610244e-05,0.010393170350175257,0.0001547703777699558,0.0002719788023676042
torsiontest2000,testcase-2746,CQCXMYUCNSJSKG-UHFFFAOYSA-N,C=CP(=O)(OC)OC,2-3,8,plain,0,3.479003716085572,0.5162117442955275,0.005302161848143267,0.020786676387159603,0.7002169744246901,0.07391673725098888,0.9743752628733532,0.6794302980375305,122.3300970873787,0.3146115328535783,0.10130100867685898,0.4230381913236222,0.4703586381513757,0.000671264492959682,0.002612170288274269,0.002018727066909316
torsiontest2000,testcase-2747,BYAYYJIUCHDMFJ-UHFFFAOYSA-N,CO[P@](C)(=O)Cc1ccc2ccccc2n1,5-6,16,biaryl,0,5.036679813754745,0.5099942381709935,0.006966917565784756,0.10513443951142672,1.0448751253679922,0.1606755096603938,1.4594917709244204,0.9397406858565654,0.4993065187239836,0.4427396850472262,0.5335972342501539,0.3901371344851378,0.06929871369892353,0.000999599271150997,0.0018458330024170423,0.004121485292216717
torsiontest2000,testcase-2748,AQPOCFLTUHRDBW-UHFFFAOYSA-N,CO[P@@](=O)(O)CSC,2-5,8,stereocentre_adjacent,0,5.202827476197854,0.09635377128737078,0.018617939673025285,0.09440629736877865,0.4447488791174803,0.21309768055931225,1.4033115691879763,0.35034258174870164,8.987517337031903,0.18138377530825153,0.3848080572179388,0.09162974824837437,0.5049442548606615,0.010072444682954087,0.006148738778801965,0.002396756211269233
torsiontest2000,testcase-2749,MKDUUUBNJFUNJR-UHFFFAOYSA-N,CNC(=O)[C@@H]1CCCO1,2-4,9,stereocentre_adjacent,0,8.996100289805327,0.2630670577776239,0.0010664959735277467,0.033102502693668434,1.381341958682769,0.09395184390887226,2.6926258109955694,1.3482394559891007,2.9958391123439583,0.12603758825906053,0.8173613374778179,0.18052770634213977,0.0010444602065144773,0.0009484014899284355,9.958770435034368e-06,0.00010813571316427677
torsiontest2000,testcase-2750,JHEFOJNPLXSWNZ-UHFFFAOYSA-N,CC(=O)Nc1ccc(F)cc1,3-4,11,biaryl,0,2.7265278415288776,0.0001910384131539004,0.048952701838664334,0.01815456563988916,0.022215039645222884,0.20575051035746483,0.9264851720989041,0.0040604740053337245,0.49930651872409726,0.0046565850673490426,0.00016498478616228766,0.9508129967128093,6.93166623640663e-05,0.04605320251696355,6.988414396777331e-05,0.0028296151777330155
torsiontest2000,testcase-2751,FNTBXHXRHAFYJT-UHFFFAOYSA-N,CCSc1ccccn1,2-3,9,anomeric,0,7.066320717451163,1.5505231420308404e-05,0.00039513529014766633,0.0482853547247891,0.04894095690889448,0.06289573399588255,2.0281318244613966,0.0006556021841053819,0.0,0.0050546573378527585,0.4179420643622505,0.3649508687495769,0.2167119315980249,9.433656677638591e-05,0.0002960606820077563,4.738041363524055e-06
torsiontest2000,testcase-2752,CETUEEQZMGKICA-UHFFFAOYSA-N,CC(=O)N[C@H](C)c1ccccn1,2-3,12,anomeric|amide|conjugated|stereocentre_adjacent,0,9.416124521638267,0.4263921894162582,0.013990133446272212,0.1498597494343075,1.8291978828190913,0.3626347926800127,2.795881438408851,1.6793381333847839,23.966712898751666,0.510353591449419,0.6822964691921868,0.09299353688982052,0.21071986047172042,0.01027750490889708,0.002450958033087464,0.0012616705042876656
torsiontest2000,testcase-2754,RREVFVTWVYIPDW-UHFFFAOYSA-N,CNC(=O)[C@@H]1CCCOC1,2-4,10,stereocentre_adjacent,0,6.365193828649353,0.1976759286547529,0.014503305344626665,0.12440825976936074,0.7738274110338935,0.24140411474273354,1.7223316207376613,0.6494191512645328,20.47156726768378,0.3319373598077561,0.8144502099551882,0.06459184810905533,0.10645463659112976,0.00795087856001018,0.0038333990036336055,0.002719027780982878
torsiontest2000,testcase-2755,VJUDVVHGQMPPEI-UHFFFAOYSA-N,CNC[C@H]1CCCO1,2-3,8,stereocentre_adjacent,0,6.514469499496045,0.3272739933163825,0.03403408036503977,0.1496288056050082,0.986818164533564,0.3483237175162522,1.7115773051938603,0.8371893589285557,117.83633841886268,0.4443874324690268,0.08063371080913513,0.2303792834608188,0.6549529253650062,0.02836995491503488,0.0035498046346511274,0.0021143208153537635
torsiontest2000,testcase-2756,KTHXBEHDVMTNOH-UHFFFAOYSA-N,OC1CCC1,1-2,5,plain,0,1.4365157146239653,0.3988891470952129,0.0016654579548589133,0.0006826365371859834,0.2640824209042613,0.017077580706848682,0.4181309350943404,0.26339978436707534,9.986130374479899,0.10879903913305523,0.007013303468635838,0.3363930714152231,0.654928167161282,0.0015401874439375381,5.744904472763734e-05,6.782146619373771e-05
torsiontest2000,testcase-2757,KCAPTTPXCZRLTD-UHFFFAOYSA-N,c1ccc(CNC2CCC2)cc1,5-6,12,plain,0,4.91608335863566,0.09211820476368976,0.034644464613633394,0.11675442751180332,0.4143019315051688,0.2702938329859815,1.3149052969133446,0.2975475039933655,108.34951456310682,0.17416721187832562,0.15119478669191752,0.09075579199865244,0.7234049566957967,0.024359762039294606,0.005575218810927426,0.004709483763411365
torsiontest2000,testcase-2758,MKTSSBCZDAXGGO-UHFFFAOYSA-N,CCN(C)c1ccccn1,2-3,10,plain,0,7.743372087890748,0.0005410236952145934,0.010975726142499436,0.09800425539760635,0.11206111528278101,0.26364596321930484,2.338269547106172,0.01405685988517466,162.77392510402217,0.013883844130392342,0.2848080123208601,0.6608570836850667,0.043359177851573456,0.00665978351497212,0.003972014683527156,0.00034392794400016103
torsiontest2000,testcase-2759,KSVGDNMWQCMHRE-UHFFFAOYSA-N,CN(C)c1ncccc1Br,2-4,10,anomeric,0,7.408517301548272,0.46142066055435904,0.30013795623616507,0.7409925501953115,1.5560926364666239,1.329274219965238,2.1463625214679207,0.8151000862713124,1.4979195561719791,0.332142652296987,0.270644182982843,0.15161418828491796,0.27760367249607387,0.21699931003898823,0.07906915355900898,0.004069492638167846
torsiontest2000,testcase-2760,YAAYTUSOEFHQIF-UHFFFAOYSA-N,C=NNC,2-3,4,plain,0,13.890511600329774,0.3972623365328683,0.11725695121722177,0.971869086129933,2.4757939434169876,1.573199615136928,3.741178945635024,1.5039248572870547,2.9958391123439583,0.35439114618729634,0.06358505648246737,0.6850836559907207,0.13407433630959012,0.03646074547774149,0.04832361268333273,0.03247259305614755
torsiontest2000,testcase-2761,LUZJHVBAQMOUTJ-UHFFFAOYSA-N,C=NNC1CCCC1,3-4,8,plain,0,3.1387466682645027,0.14773554700186423,0.013075430048886401,0.030061214556185694,0.33861415590540617,0.10474595925576574,0.8780085987602751,0.30855294134922046,2.4965325936199747,0.13075413558967028,0.09333986144526715,0.07567230680234893,0.8179124017034974,0.010172122162128032,0.0026307506593298033,0.00027255722742856387
torsiontest2000,testcase-2762,XRIRHKSGBCQGRS-UHFFFAOYSA-N,CNC(=O)[C@@H]1CNC[C@H]1C,6-7,10,anomeric|conjugated|stereocentre_adjacent,0,4.828571803518571,0.6069185478409702,0.03608582301594982,0.0820247672076567,1.0364320227462418,0.2649467123731634,1.3287405049887318,0.9544072555385851,162.77392510402223,0.45568520294890275,0.2504482520485658,0.5801751910593733,0.13329073387611098,0.01779407579984015,0.011995903165177535,0.006295844050932135
torsiontest2000,testcase-2763,PFYHAAAQPNMZHO-UHFFFAOYSA-N,COC(=O)c1ccccc1OC,2-3,12,biaryl,0,4.3287243999075145,0.020052359114969928,0.0907042496678567,0.1550186676654816,0.2046001794057119,0.3235500542288281,0.9556307347708995,0.04958151174023029,1.4979195561720644,0.034840104256980024,0.7467440102868416,0.0060264746928272135,0.15652526535247466,0.005760353980894197,0.07507656380620151,0.009867331880760994
torsiontest2000,testcase-2764,PFYHAAAQPNMZHO-UHFFFAOYSA-N,COC(=O)c1ccccc1OC,8-9,12,anomeric|conjugated,0,1.4495400598971173,0.00026209960663171915,0.21430958536551037,0.01148167636083212,0.013724940449204248,0.2153296479751678,0.46461900079135204,0.0022432640883721273,0.0,0.003826025108677866,0.13648576303744234,0.6159324048716796,0.033272246725367896,0.20276108994023684,0.01017077396385066,0.001377721461422895
torsiontest2000,testcase-2767,BRHPIIDAFFYZDA-UHFFFAOYSA-N,CC(=O)N(C)[C@@H](C)C#N,2-5,9,gauche_effect|stereocentre_adjacent,0,10.478808523446787,0.5096432476945554,0.01465442896517611,0.15268087983405515,2.223587900821204,0.4059709001102352,3.1111331504203186,2.070907020987149,141.8030513176144,0.6175830980924524,0.42415348282923426,0.4991580059279887,0.062034082277601085,0.01366024094441407,0.00034767531469478844,0.0006465127060672525
torsiontest2000,testcase-2769,WUUXBUPJEOKIBN-UHFFFAOYSA-N,CN[C@@](C)(CO)C(=O)O,2-3,9,stereocentre_adjacent,0,9.89482441538712,0.4688050641943213,0.08981232202489428,0.6111458477720155,2.03407563782686,1.04622630915784,2.8986811746944423,1.4229297900548443,113.34257975034672,0.5664337276856243,0.4659569997696059,0.01533594115010776,0.42889473705539194,0.047464995471154056,0.021448312925254516,0.02089901362848571
torsiontest2000,testcase-2770,DLAMVQGYEVKIRE-UHFFFAOYSA-N,CNC(C)(C)C(=O)O,2-4,8,plain,0,11.36732643583673,0.13769944272320844,0.08684929327579297,1.112935261636039,1.7514862266411648,1.5466922999747093,3.810745530157062,0.6385509650051258,171.26213592233006,0.2929449602498011,0.301859456550885,0.48609661212915634,0.12519463804416578,0.07013517198417847,0.006407111126467767,0.01030701016514674
torsiontest2000,testcase-2774,ZECQWMIJWDURLX-UHFFFAOYSA-N,C=C(Br)CN(C)C,2-3,7,plain,0,5.527431650785729,0.2744780405622699,0.2099267595069545,0.6356057380320087,1.0559283944190985,0.9735376327360924,1.730411986755815,0.42032265638708977,139.3065187239945,0.2862009626359872,0.05266840201262997,0.14484222721268564,0.59256261126773,0.09617545831317464,0.0245345111115446,0.08921679008223529
torsiontest2000,testcase-2775,KYKQPVBWGDUGDS-UHFFFAOYSA-N,CC(=O)N(C)CC(N)=O,2-3,9,gauche_effect,0,10.382224015833344,0.04753718478442756,0.03057524797546026,0.27969881269012326,0.7012371699671346,0.5866768565205129,2.962550415855141,0.42153835727701133,1.9972260748959911,0.14287673621836125,0.16398391700618992,0.7772635198531076,0.02817731516524242,0.0002627460356416123,0.007923317154578618,0.02238918478524003
torsiontest2000,testcase-2776,KYKQPVBWGDUGDS-UHFFFAOYSA-N,CC(=O)N(C)CC(N)=O,3-4,9,anomeric|amide|conjugated,0,8.737687667831779,0.9514207383167871,0.010209291245961736,0.04853748362852511,2.559456024335241,0.26948938183890697,2.623961900853299,2.5109185407067156,104.35506241331484,0.661828560528842,0.8733343652302025,0.09840158986182271,0.018054753662013073,0.00709683088433776,0.0016262650161232711,0.0014861953455007047
torsiontest2000,testcase-2777,WKJOQYHMXRVQDK-UHFFFAOYSA-N,CN(C)CC(N)=O,1-2,7,gauche_effect,0,10.04094081898802,0.48820486884247,0.02535199751197907,0.2696072462585868,2.418402109406751,0.6104332161612179,3.450180204841682,2.148794863148164,103.35644937586687,0.5880566824207539,0.5586004231034409,0.2037319405536366,0.21231563883094343,0.020626505804670837,0.0007578380239118105,0.003967653683396426
torsiontest2000,testcase-2778,WKJOQYHMXRVQDK-UHFFFAOYSA-N,CN(C)CC(N)=O,2-3,7,anomeric|amide|conjugated,0,7.455346166359959,0.1419329725159003,0.09943961857351864,0.4698914348092478,0.9992858123840944,0.8750515662742815,2.3876083172633966,0.5293943775748466,0.9986130374479956,0.10975297227377527,0.6758715853822405,0.19397016582710813,0.030718630217132694,0.04218702734003013,0.03733254937444014,0.019920041859048377
torsiontest2000,testcase-2779,WKJOQYHMXRVQDK-UHFFFAOYSA-N,CN(C)CC(N)=O,3-4,7,conjugated,0,15.672054620750714,0.0010049116161937733,0.0882158500962675,0.5649123776521738,0.5853517505790625,1.5436972076396638,4.869790288214317,0.020439372926888688,0.0,0.023208276304014043,0.000557892224249811,0.9110127109813457,0.00021354669813674322,0.07628650705449162,5.743288787379445e-05,0.011871910153902099
torsiontest2000,testcase-2780,XLLFOYLOXZNGKU-UHFFFAOYSA-N,CN(C)C(=O)c1cccnc1Br,3-5,12,conjugated,0,10.797131122322753,3.823505427399741e-05,0.10367949148010001,0.22013207934009477,0.22112564066926313,1.112334627105875,3.3933538684794327,0.0009935613291683631,161.7753120665742,0.004887501769449372,0.04541767597564646,0.8416270449419991,0.00927578760225436,0.08758837300450187,2.3979184631079822e-05,0.016067139290967078
torsiontest2000,testcase-2783,VHOZXKCOAPJVFY-UHFFFAOYSA-N,CNC(=O)c1ccccc1[N+](=O)[O-],9-10,13,conjugated,0,5.273765239631757,0.0931826630244866,0.3214152862936344,0.49828699616805483,0.6641570699463979,0.9557012076646958,1.5223343645880167,0.16587007377834306,53.42579750346738,0.12309781058490554,0.0020075255997930672,0.6757547337766512,0.0008224543299212124,0.24481651402911125,0.0001945765940432852,0.0764041956704799
torsiontest2000,testcase-2784,ZHKJJVGESBQQBR-UHFFFAOYSA-N,CNC(=O)C1(C(=O)O)CC1,2-4,10,anomeric|conjugated,0,13.184937100682873,3.360149139267545e-05,0.001287591331835124,0.4099633202151209,0.4104862045369698,0.42954503641471276,3.5965732436481583,0.0005228843218489376,0.49930651872409726,0.002601657906868293,0.9634608617465729,0.008333568346537206,0.026917978575054922,3.4125457826612365e-05,0.00031104136757124093,0.0009424245064372708
torsiontest2000,testcase-2785,ZHKJJVGESBQQBR-UHFFFAOYSA-N,CNC(=O)C1(C(=O)O)CC1,4-5,10,anomeric|conjugated,0,6.236383285489865,3.816197641310512e-06,0.008441236230753046,0.06517309963908637,0.06527069241927096,0.18001805537602192,1.827603755299533,9.759278018459105e-05,0.0,0.00044553039848513624,0.2225286505213032,0.7656219959969315,0.0034081172510122496,0.0036559703789476017,0.004616851048692294,0.00016841480311315048
torsiontest2000,testcase-2786,YMGUBTXCNDTFJI-UHFFFAOYSA-N,O=C(O)C1CC1,2-4,6,plain,0,12.610778160043992,2.4717244686779152e-09,0.00020597205017000564,0.0005687239558655687,0.000601384289747673,0.05643509695307219,3.9320910161279,3.266033388210426e-05,0.4993065187239836,1.1901912583565697e-05,0.176848478185443,0.8221087296574963,0.0008368201068908023,0.000195953723350127,9.32292681427541e-06,6.954000056032354e-07
torsiontest2000,testcase-2787,CVIDJGRHAXDXKW-UHFFFAOYSA-N,CNC(=O)C[C@H](C)OC,3-5,9,stereocentre_adjacent,0,6.883477209019475,0.10492121776030484,0.07773829531406265,0.6314013774294931,0.8739791604172298,0.8180650634057507,1.9695437619777598,0.2425777829877367,8.48821081830792,0.33012064090283394,0.044621476238255034,0.15302866226179632,0.724611566185886,0.01613107217311435,0.023280362693169594,0.03832686044777871
torsiontest2000,testcase-2788,HTJDQJBWANPRPF-UHFFFAOYSA-N,NC1CC1,1-2,4,plain,0,3.8404239165975014,0.6686412119171538,0.006650700706309151,0.010848706502662992,0.8574993558776498,0.08619916003857835,1.0486383150536314,0.8466506493749868,26.463245492371698,0.3563519293952786,0.07389887774650493,0.6073217716379269,0.31212864990925904,0.0021140085762881024,0.0041671725376772415,0.0003695195923438071
torsiontest2000,testcase-2789,CCQIEJCCHLDGMW-UHFFFAOYSA-N,CNC[C@@H](C)C(=O)NC,3-4,9,stereocentre_adjacent,0,8.444555288704578,0.25200293802995477,0.020978358320512955,0.1853442172017707,1.1044294239103483,0.3647381532789212,2.1767667073994756,0.9190852067085775,0.0,0.38321838501331223,0.21730881133629462,0.20433279132418736,0.5573800390190051,0.015392172074022853,0.002648134555755653,0.0029380516907344463
torsiontest2000,testcase-2791,ICPWFHKNYYRBSZ-UHFFFAOYSA-N,CO[C@@H](C)C(=O)O,2-3,7,stereocentre_adjacent,0,10.63150601729285,0.07121022264267453,0.001258140052798601,0.08152469749738292,0.8495422459230845,0.13885326441253087,3.1699186920211875,0.7680175484257016,20.471567267683753,0.3285595182876501,0.6160291641356853,0.23865281350752182,0.14405988230399433,0.0004242737485506401,0.0004969240948216185,0.00033694220942634244
torsiontest2000,testcase-2792,ICPWFHKNYYRBSZ-UHFFFAOYSA-N,CO[C@@H](C)C(=O)O,3-5,7,stereocentre_adjacent,0,9.218091416347306,0.006027732080897287,0.0023372526695400733,0.020301467105636847,0.26113391643817596,0.16338106726112397,3.3533426066824013,0.2408324493325391,5.492371705963933,0.05907154631765993,0.8630845884876897,0.13389122717616664,0.0006869316666036563,0.0016515963878433314,0.0006760973705354459,9.55891116129568e-06
torsiontest2000,testcase-2793,NNOAHLLSLMDSBZ-UHFFFAOYSA-N,CNC[C@H](OC)C(=O)O,3-4,9,stereocentre_adjacent,0,8.853029117453843,0.3760482083297623,0.012830563578488136,0.2682660695320118,1.5560437418952417,0.3900304003870893,2.5138259811249255,1.28777767236323,121.83079056865466,0.5432747511876665,0.03531702763738607,0.4417517467246661,0.5101006620594598,0.005693187178627449,0.0027663571826544373,0.004371019217206251
torsiontest2000,testcase-2794,BRCGTWDZTMOAAA-UHFFFAOYSA-N,CN1CCC[C@@H](CF)C1,5-6,9,stereocentre_adjacent,0,4.5924047293374315,0.06234295096060629,0.0008619242486498832,0.0022529278703371765,0.3565308712942732,0.04198128630581456,1.4278920485738127,0.35427794342393604,124.32732316227458,0.10318544561518583,0.05639231521315711,0.03633874209173844,0.9064070184464547,0.0006886430585893818,0.0001494520305461802,2.3829159514321147e-05
torsiontest2000,testcase-2795,PEZCONMNKQLFHS-UHFFFAOYSA-N,CNC(C)(C)COC,3-4,8,plain,0,7.665067772788461,0.16495332164602108,0.00726730912177409,0.02612702005269783,0.8717335011596754,0.18474895704621647,2.1455589045833316,0.8456064811069776,118.33564493758672,0.4057329932863766,0.17048512727133142,0.03952212092102204,0.7827254426858724,0.004930659924632821,0.0009156826866067879,0.001420966510534481
torsiontest2000,testcase-2796,BFPMCZWKUSUMKE-UHFFFAOYSA-N,CNCC1CC1,2-3,6,plain,0,5.633789638784947,0.050007158458512814,0.0026137903204376117,0.008671053204690181,0.3216468553316369,0.0740186469951675,1.4378491702273308,0.3129758021269467,4.493758668515966,0.11103445353038972,0.3084182229134109,0.00977903231987493,0.6791889544462765,0.0021028289214379027,0.0002579606187298841,0.0002530007802698249
torsiontest2000,testcase-2797,UXURBOVFYBDMHL-UHFFFAOYSA-N,CNCC1(Br)CC1,2-3,7,plain,0,6.863432521466166,0.3347036713162641,0.05695798206143528,0.057491899299347914,1.0137800881576429,0.42147309675001116,1.7504447952714026,0.9562881888582949,116.33841886269067,0.43249948587931525,0.05217087666241566,0.3183070282025192,0.5725641130736298,0.04465746866059774,0.006869107563397168,0.005431405837440361
torsiontest2000,testcase-2800,DUBUAOCCIVSEEK-UHFFFAOYSA-N,CNC(=O)[C@@](C)(O)C1CC1,2-3,10,anomeric|stereocentre_adjacent,0,8.694665088551119,0.40148686761357005,0.11079467086762568,0.5271591369480271,1.427798195111645,0.8739479632936418,2.159483748021706,0.9006390581636179,4.493758668515966,0.2353852764886836,0.3246591070936446,0.5116682359162857,0.05287798612244404,0.06713725706111946,0.006779964516849777,0.036877449289656444
torsiontest2000,testcase-2801,DUBUAOCCIVSEEK-UHFFFAOYSA-N,CNC(=O)[C@@](C)(O)C1CC1,2-4,10,stereocentre_adjacent,0,8.756919949140865,0.3155567944480254,0.045194887239909415,0.27873501604423323,1.3056763018406845,0.5574322529293306,2.2877862037056422,1.0269412857964513,2.9958391123439583,0.1673687929979164,0.32012938697968707,0.5663199219661057,0.06835580381429783,0.01844401686019111,0.016726775562868532,0.01002409481684977
torsiontest2000,testcase-2802,DUBUAOCCIVSEEK-UHFFFAOYSA-N,CNC(=O)[C@@](C)(O)C1CC1,2-7,10,stereocentre_adjacent,0,5.229098628566135,0.7848507838553234,0.00789257541762471,0.1883776725342315,1.3195966192594726,0.22943493125852774,1.486255891925789,1.1312189467252411,30.45769764216365,0.44363577066143245,0.2053265427004126,0.05310616147762579,0.7336747204043369,0.00512600549561094,0.0024783950199657708,0.00028817490204799975
torsiontest2000,testcase-2804,BJKTXTXWDXAVHZ-UHFFFAOYSA-N,CN[C@@H](C)C1(Br)CC1,2-4,8,stereocentre_adjacent,0,9.595405636820942,0.4312549372522828,0.036118244103259346,0.35374559884258355,1.7001455155498664,0.5972763811648029,2.5568514070636765,1.3463999167072829,2.4965325936199747,0.519239500369746,0.04463184885162992,0.5004580616910056,0.41879184535410513,0.02819109171149337,0.006096579989706069,0.001830572402059912
torsiontest2000,testcase-2805,IWTDCJIERIZKAH-UHFFFAOYSA-N,C=CCN(C)C1CC1,3-4,8,plain,0,6.5485205551667605,0.33915401607311174,0.003326092308704699,0.01650532525639762,1.064169639163641,0.10665740879372718,1.8271655891538074,1.0476643139072435,12.9819694868238,0.34197590342728007,0.12927377362518358,0.1898369027067341,0.6775632313593777,0.0006089442485226758,0.00040990902526357457,0.0023072390349184488
torsiontest2000,testcase-2806,RQEUFEKYXDPUSK-UHFFFAOYSA-N,C[C@H](N)c1ccccc1,2-3,9,stereocentre_adjacent,0,2.8464277164894156,0.20605123732262287,0.004234613552871187,0.031232808070976007,0.3788836811416942,0.06249505144305531,0.832421518638082,0.3476508730707182,0.9986130374479671,0.14793274168885026,0.11676130045265093,0.32646098119204164,0.5525431048024362,0.0014537793517366776,0.000601190247255958,0.002179643953878552
torsiontest2000,testcase-2807,RQEUFEKYXDPUSK-UHFFFAOYSA-N,C[C@H](N)c1ccccc1,2-4,9,stereocentre_adjacent,0,3.5938244722783566,0.9856344303854523,0.05688753121741397,0.021048910707606536,1.194409293020275,0.28767485765956113,1.2030792771610868,1.1733603823126684,142.3023578363384,0.4151885366773053,0.0001456144649389228,0.94277583353916,0.00019102077848729985,0.04705975695376724,0.0006168298637762902,0.009210944399870444
torsiontest2000,testcase-2809,BQRIKSCISYLMQV-UHFFFAOYSA-N,CC(=O)NCc1cccs1,3-4,10,plain,0,8.022505039523821,0.0155394469673611,0.0015803260565872455,0.10302580147977418,0.33717023301517896,0.14524540419477194,2.5774740023500033,0.23414443153540476,1.4979195561719791,0.08089019343635337,0.616021659997185,0.319806976103353,0.06259103784287488,0.0007238407505249681,0.0004463023579751452,0.0004101829480871321
torsiontest2000,testcase-2810,LRGWXJJJRNOVQA-UHFFFAOYSA-N,O=Cc1ccccc1C(F)F,2-3,11,biaryl,0,6.388561600702815,9.83941697834664e-06,0.009193494684468461,0.045213475034959795,0.045707317496524784,0.20975535054358177,2.136675468985731,0.0004938424615649889,0.0,0.0007621676397088626,0.45962698054207785,0.5310802832466913,9.924152676236445e-05,0.008251676387401012,0.0009391447594754373,2.6735375920100148e-06
torsiontest2000,testcase-2811,IPSPCSZFJRJGMS-UHFFFAOYSA-N,CN[C@H](C)c1cccs1,1-2,9,stereocentre_adjacent,0,6.220572070626076,0.31959712165768656,0.017848572009947213,0.12561927372239481,0.9934787385768981,0.2646127820147269,1.747761356942519,0.8678594648545033,140.80443828016644,0.36954519827989635,0.27159286789354453,0.20891340282007068,0.5016451572764375,0.010474409005815583,0.0011070959505003245,0.006267067053631306
torsiontest2000,testcase-2812,YBSXMBIVTXNFGO-UHFFFAOYSA-N,CNC(=O)[C@@H]1CCCCN1C,7-8,11,anomeric|conjugated|stereocentre_adjacent,0,10.883705465996172,0.8644019019618641,0.03737777572373901,0.10608170771412637,2.8179829740522995,0.595101762842578,3.030670361094048,2.711901266338173,30.95700416088772,0.7134039362380875,0.16647981840619291,0.7564866017847105,0.03965580408535735,0.03208263271841126,0.0021418569629874434,0.003153286042340301
torsiontest2000,testcase-2813,CDXVCHCOBYAVHR-UHFFFAOYSA-N,CN(C)C(=O)c1cccs1,1-2,10,anomeric|conjugated,0,15.607464541855734,0.11477101472965494,0.13262749507564547,0.9579470621636055,1.7376460453440292,1.8293197760267812,4.385227335318382,0.7796989831804237,140.30513176144242,0.27462850431749075,0.08360632634807094,0.6661486445684157,0.11761753400786781,0.0938296999531235,0.020435710648814494,0.018362084473707473
torsiontest2000,testcase-2814,CDXVCHCOBYAVHR-UHFFFAOYSA-N,CN(C)C(=O)c1cccs1,2-4,10,conjugated,0,1.5798561302362941,3.24322207913169e-05,0.7307368685763324,0.12468199687342449,0.12471189847940777,0.42844782291510564,0.49545979217576225,2.990160598327629e-05,71.40083217753119,0.001277841409140492,0.15963817304347144,0.08579033021532712,0.02383462816486904,0.6409970225081355,0.04243926084336083,0.04730058522483602
torsiontest2000,testcase-2815,OBSKGKGKPGOOTB-UHFFFAOYSA-N,CC(=O)N(C)CCO,2-3,8,plain,0,7.294067162816646,0.33011120361813046,0.10697810530808732,0.3930091759871253,1.2177754913586782,0.7648429261624878,2.044240207029044,0.824766315371553,148.2940360610263,0.42862118967496055,0.5419798140461991,0.09943531983227971,0.25160676081343386,0.06264888867135192,0.027029272141003518,0.01729994449573191
torsiontest2000,testcase-2816,JSSKKCFDEASHBK-UHFFFAOYSA-N,CCC[C@@H](N)C(C)=O,2-3,8,stereocentre_adjacent,0,6.814371686836239,0.010578883504876476,0.018538787535385286,0.0688873327025285,0.18645761378784523,0.23948944389017854,1.6859904421319674,0.11757028108531672,1.4979195561719791,0.07186098827631004,0.5204270493324896,0.06403053470468792,0.39700362842743714,0.01072913027035351,0.006708247331652529,0.0011014099333792465
torsiontest2000,testcase-2817,QWCKQJZIFLGMSD-UHFFFAOYSA-N,CC[C@@H](N)C(=O)O,2-3,7,stereocentre_adjacent,0,4.842838273412781,0.06515162905618098,0.005882018169171641,0.024192776577490333,0.37429081037407824,0.11480587677233559,1.463514301228085,0.3500980337965879,126.82385575589461,0.0740967215221246,0.04246740924520738,0.10007883045738353,0.8515717421282375,0.0027501397519776264,0.001455879695158688,0.0016759987220353273
torsiontest2000,testcase-2818,QNAYBMKLOCPYGJ-UHFFFAOYSA-N,C[C@@H](N)C(=O)O,2-3,6,anomeric|amide|stereocentre_adjacent,0,4.6713073471037205,0.5533517141309406,0.009614630535039477,0.07145867323670227,0.9417207064594953,0.14292189176764478,1.264335402200359,0.870262033222793,108.8488210818308,0.295635141733778,0.8186652691026973,0.04875089613381303,0.1229692042284503,0.0048370416442828764,0.0034532466209159017,0.0013243422698407004
torsiontest2000,testcase-2819,QNAYBMKLOCPYGJ-UHFFFAOYSA-N,C[C@@H](N)C(=O)O,2-4,6,stereocentre_adjacent,0,2.1976725725398865,0.3976668398590461,0.007089039143170168,0.0027516232960280444,0.35986925762356947,0.04812570218323306,0.5706601239162229,0.3571176343275414,15.478502080443832,0.15326705115902076,0.38628730495170155,0.46445117918606726,0.14217247671906105,0.006666038940804732,0.0002533567882900451,0.00016964341407539087
torsiontest2000,testcase-2820,QNAYBMKLOCPYGJ-UHFFFAOYSA-N,C[C@@H](N)C(=O)O,4-6,6,plain,1,12.262041217822116,0.0005544417083748766,9.627553825026785e-05,0.002265736404551983,0.09084909179386265,0.03791339221739332,3.8570709391836546,0.08858335538931067,0.9986130374479956,0.025293979990026225,0.19148543095421883,0.8083808247694727,3.7468738058290625e-05,8.960605081102784e-05,6.146134494487038e-06,5.23352944752984e-07
torsiontest2000,testcase-2821,MBNNSKPVMXYERC-UHFFFAOYSA-N,C=C=CCNC(C)=O,3-4,8,plain,0,2.894230050384067,0.31582959107734027,0.0038359923388024235,0.09629167818547164,0.4820820312154216,0.10946313911510941,0.8460286360708381,0.38579035302994996,119.83356449375867,0.19979476964574974,0.29091422126675986,0.07835488590582987,0.6268949004886077,0.002371328595788961,0.0012343155385261863,0.0002303482044872759
torsiontest2000,testcase-2822,MBNNSKPVMXYERC-UHFFFAOYSA-N,C=C=CCNC(C)=O,4-5,8,anomeric|amide|conjugated,0,6.30438066527131,0.12405690632106285,0.0018194421183125938,0.015954065255072758,0.6737712267720122,0.08311907410305709,1.912473409582229,0.6578171615169395,2.4965325936199747,0.2716691225500647,0.6136705529431082,0.3002592261365984,0.08425077880198087,0.0013908338042035112,0.00014756105063177806,0.00028104726347730425
torsiontest2000,testcase-2823,RCTOMYYTGCGNCF-UHFFFAOYSA-N,CN(C)CC(F)(F)Br,2-3,8,anomeric,0,4.395906058838591,0.03153219733660842,0.01925497876264443,0.1292945663526383,0.29941085856673344,0.24748977349994844,1.5262956632529354,0.17011629221409513,0.9986130374479671,0.06148797860999905,0.009066836658310037,0.0025277532061191614,0.9691504313729262,0.003281711249552767,0.0067038055754914195,0.009269461937600242
torsiontest2000,testcase-2824,YZPQZFRRRSIHLR-UHFFFAOYSA-N,CNCc1ccsc1,1-2,8,plain,0,5.664395405445248,0.05799924625281101,0.008792945382183953,0.2394986216596832,0.433793472135603,0.277834571747333,1.5208075399412433,0.1942948504759198,111.34535367545072,0.17152908489634244,0.12714096316273354,0.1363823552625096,0.727683736192573,0.003219307941583458,0.0019269877278856402,0.0036466497127148542
torsiontest2000,testcase-2825,YZPQZFRRRSIHLR-UHFFFAOYSA-N,CNCc1ccsc1,2-3,8,biaryl,0,4.289702473150101,0.8167683983707423,0.05865607784179607,0.48258093034763355,1.1636517998873284,0.5598242390008084,1.2671275497318792,0.6810708695396948,143.8002773925104,0.3606486812228106,0.01440025300936417,0.7523813501075556,0.17456231904128405,0.003086221363273132,0.039690847358803745,0.0158790091197192
torsiontest2000,testcase-2826,SXJBPTJAUHIAIX-UHFFFAOYSA-N,CNC(=O)[C@@H]1OCC[C@@H]1C,2-4,10,stereocentre_adjacent,0,11.687845507636666,0.19763646705612065,0.014625252408638297,0.3767267100825353,1.5358275087352107,0.5531470878753388,3.370267842083796,1.1591007986526753,2.9958391123439583,0.1119540325775465,0.5656202721875874,0.4123254410131827,0.007429034390591636,0.006608193810369159,0.006436391504739636,0.001580667093529501
torsiontest2000,testcase-2827,VNXQBJKYPLKUST-UHFFFAOYSA-N,CC(C)(C)[C@H](N)C(=O)Nc1nccs1,2-5,14,stereocentre_adjacent,0,5.431377627886832,0.00936127712305998,0.016734736993964876,0.016151011626759172,0.1886348410571105,0.25180298210711416,1.942546666821052,0.17248382943035134,114.34119278779474,0.06948425549229963,2.1284156847112658e-05,0.00041927527523150673,0.9828247035739566,0.0004489102878783478,9.399207559532278e-06,0.016276427498526997
torsiontest2000,testcase-2828,BPKJNEIOHOEWLO-UHFFFAOYSA-N,CNC(=O)[C@@H](N)C(C)(C)C,5-6,10,anomeric|amide|stereocentre_adjacent,0,6.25783541117562,0.18075911723094534,0.02421762198297695,0.28388327166512534,0.9256578483920278,0.42963965109383817,2.0916477397489284,0.6417745767269025,106.35228848821077,0.22290455905777956,0.7239946719061133,0.045395027942529906,0.20639267816837983,0.010640803748033488,0.009243932264512028,0.0043328859704314365
torsiontest2000,testcase-2829,JVRRHVNPKGSGSX-UHFFFAOYSA-N,NCC(=O)Nc1nccs1,3-5,10,anomeric|conjugated,0,17.131425057013985,0.003399687800718173,0.03871929270877398,0.24938447945947795,0.3936319791058684,1.057623353341292,5.229257799187917,0.14424749964639044,1.9972260748959911,0.03639557060252118,0.32790848824769725,0.6333039347774304,6.828426609846521e-05,0.03518792454279655,0.0013951975747425222,0.002136170591234907
torsiontest2000,testcase-2832,LJLLAWRMBZNPMO-UHFFFAOYSA-N,CC(=O)NCCC(=O)O,4-5,9,plain,0,5.911062642291654,0.41602560051303483,0.049320499684923504,0.16109405430288173,1.0140280959074246,0.380493835249692,1.5605067084847721,0.8529340416045429,122.33009708737865,0.45964616402724584,0.35921148061410507,0.06862851549120719,0.5228395042097642,0.034359012286854264,0.005940139751982577,0.009021347646086662
torsiontest2000,testcase-2836,GUAWMXYQZKVRCW-UHFFFAOYSA-N,CNc1ccccc1C,5-6,9,plain,0,7.944131733936956,0.20417110078349002,0.11197711401275899,0.44906129682489127,1.1496583237190143,0.9032982372696379,2.3848555199793395,0.7005970268941231,28.959778085991672,0.17565896722670452,0.61626027208034,0.20116653816228453,0.07059607574461639,0.06887909948770203,0.00017160460774699274,0.042926409917309956
torsiontest2000,testcase-2837,ILWSPBQCIUAGPN-UHFFFAOYSA-N,CC(=O)NC[C@H]1CCN1,3-4,9,gauche_effect|stereocentre_adjacent,0,12.628068417485338,0.09326738321368924,0.03927414058600963,0.64855597886125,1.4180368027891779,1.04414887522877,4.179785240328839,0.7694808239279278,51.92787794729543,0.4191922433983971,0.6724407687079331,0.2247135573921214,0.06357153331393582,0.014017360651014816,0.01487043052437791,0.0103863494106169
torsiontest2000,testcase-2838,RIZZXCJMFIGMON-UHFFFAOYSA-N,C#CCOC(C)=O,3-4,7,anomeric|conjugated,0,8.190835786808748,6.7893191151679e-07,0.002234341834694983,0.02925179489684638,0.029327204410081898,0.12406935888552889,2.550937118906411,7.540951323551856e-05,0.0,0.001040783412236523,0.5875499274157375,0.2914007100721428,0.1188150206774247,0.0021203598977202133,0.00010650768041774447,7.474256557025369e-06
torsiontest2000,testcase-2839,BHRZNVHARXXAHW-UHFFFAOYSA-N,CC[C@H](C)N,2-4,5,stereocentre_adjacent,0,5.272573781519895,0.10439459874082246,0.0028061118423629255,0.011314093060516893,0.5328859895031572,0.08807708308465097,1.6489502898827768,0.5215718964426403,117.83633841886268,0.15511899275185323,0.11418205390250973,0.0285360210186864,0.854475813236441,0.0006073830564722748,0.0007562708933098195,0.0014424578925808314
torsiontest2000,testcase-2840,HLCVPLQEQJRBHR-UHFFFAOYSA-N,CS[C@H](C)[C@H](C)O,2-4,7,stereocentre_adjacent,0,10.281800995056983,0.3070381845472124,0.033660315071177005,0.3962307446890063,1.3444148595049208,0.5813232303525113,2.352103693055308,0.9481841148159145,125.3259361997226,0.4388571957674176,0.16879400427874636,0.15427032501537616,0.6432753556347006,0.025054337078854207,0.0005927447938914709,0.00801323319843133
torsiontest2000,testcase-2841,SNOAHAUUBQMVGW-UHFFFAOYSA-N,CC(C)Sc1ccccc1,2-4,10,plain,0,3.2276985026546754,0.054089972991508875,0.0062059558001367945,0.040218605847207586,0.24116970567888205,0.09002884211108904,1.0232354058654223,0.20095109983167447,0.0,0.06015039762248923,0.03451453924223354,0.03526097681289551,0.9240185281447342,0.0010507514382729047,0.00351494421380551,0.0016402601480583797
torsiontest2000,testcase-2842,CLZCFIPVCXXHGN-UHFFFAOYSA-N,C[C@H]1[C@H](CO)CCN1C,4-5,9,stereocentre_adjacent,0,10.860541679576272,0.2695779878265746,0.05324529549623798,0.5541808270181134,1.413686640509626,0.8007435240217473,2.565415731410264,0.8595058134915126,5.9916782246879166,0.4737582594255391,0.11785111511479643,0.21479732208968166,0.614106267299284,0.02453755330551893,0.01703417285524371,0.01167356933547535
torsiontest2000,testcase-2843,LQXDRLIBEBGREQ-UHFFFAOYSA-N,C=C(Br)CNC,2-4,6,plain,0,5.894061453640461,0.4654271150324461,0.02096556499775861,0.0781849796361227,1.0099144583958168,0.22755459280829354,1.4779583194033838,0.9317294787596941,121.33148404993062,0.4111692599350583,0.047088883897330146,0.43172697908113816,0.500218572023773,0.011616690282448501,0.008754664913066304,0.0005942098022438043
torsiontest2000,testcase-2844,AIUGQZIAOAZYCW-UHFFFAOYSA-N,CNCc1cscn1,1-2,8,gauche_effect,0,5.795324157807045,0.20831675103086525,0.03435953933546789,0.2653118291611215,0.7431581925500759,0.38713500707109166,1.5439121181833393,0.47784636338895436,4.493758668515937,0.2775742670028341,0.13016860470292588,0.25043783176340556,0.5850340241982005,0.01815988786039264,0.012421960798665144,0.0037776906764101104
torsiontest2000,testcase-2845,JWCURELSYGORLG-UHFFFAOYSA-N,CN(C)C(=O)C1(Br)CC1,2-4,9,plain,1,10.243247931124642,0.0003021068635146889,0.012717500887933124,0.24016957295700478,0.2469790147600249,0.4442102414881843,3.3223343216591097,0.006809441803020122,120.33287101248266,0.006990503762669106,0.5272999710032308,0.4468372724408206,0.013145255668015495,0.010511966012677683,0.0018326888624582483,0.00037284601279719356
torsiontest2000,testcase-2846,FOGHZMQAJSGQEZ-UHFFFAOYSA-N,CSCc1ccccc1F,2-3,10,biaryl,0,6.746110080042854,0.17636241102624575,0.019688259437752525,0.10341565423452141,0.9059807435162951,0.3180113812796127,2.1457191767693353,0.8025650892817737,21.96948682385576,0.35042511468241405,0.4887891783429108,0.4263444779935348,0.06517808422580185,0.017914110357715684,0.0006967522959399061,0.001077396784096934
torsiontest2000,testcase-2848,MCSAJNNLRCFZED-UHFFFAOYSA-N,CC[N+](=O)[O-],2-3,5,conjugated,0,0.2200668841251172,0.3220672806763029,0.5612996970845351,0.02688817730853044,0.03309210154619225,0.037033686105516495,0.043340088031815,0.00620392423766181,1.9972260748959911,0.008178263568270838,0.10689015922606157,0.22514572980059233,0.10666441388881101,0.22070423547393608,0.10783685327433805,0.23275860833626102
torsiontest2000,testcase-2849,WSSTWMHRNRFQGB-UHFFFAOYSA-N,C=CCNC(=O)NC,3-4,8,anomeric|amide|conjugated,0,6.706118315807544,0.1394625916896669,0.008178237314526299,0.12488092970221525,0.7584500630010633,0.22003133964519156,2.00711538878519,0.6335691332988481,168.2662968099861,0.31639019231769766,0.5912915538641978,0.33892963093520406,0.06160057788607185,0.005952450763614904,0.0012139073274691319,0.0010118792234422617
torsiontest2000,testcase-2850,YKDZEZDQPMEHGB-UHFFFAOYSA-N,CC(=O)NC[C@H](C)O,4-5,8,stereocentre_adjacent,0,6.289962406706763,0.4271334797321864,0.061875507324290285,0.4451196451761028,1.2726560841312862,0.6356545434213968,1.8778127627580266,0.8275364389551834,136.31067961165047,0.3915972806013991,0.3157872891982369,0.20014839452409677,0.42218880895337596,0.019537320591725197,0.012157726171972671,0.030180460560592415
torsiontest2000,testcase-2851,DHKHRPLFCUZKQV-UHFFFAOYSA-N,c1ccc(CN2CCC2)cc1,5-6,11,plain,0,2.8471001348807476,0.9600825617050567,0.0434398930812358,0.016038044069657916,0.9718515784160285,0.2073166695708373,0.9918441038384531,0.9558135343463706,50.42995839112345,0.34574139338672105,0.00010471140704454421,0.9564450604080229,1.0335103696901821e-05,0.042677048754572296,0.0001420652871878077,0.0006207790394756974
torsiontest2000,testcase-2852,DHKHRPLFCUZKQV-UHFFFAOYSA-N,c1ccc(CN2CCC2)cc1,6-7,11,plain,0,4.685805662360508,0.3831675240236139,0.1285596419264823,0.5672438733352884,1.018836231191671,0.7497230734149762,1.4802308040083676,0.45159235785638263,90.37447988904302,0.3715596850080012,0.23682357896255796,0.007229213976760669,0.627387565134199,0.011248238127987314,0.030238378863716945,0.08707302493477806
torsiontest2000,testcase-2854,KZZKOVLJUKWSKX-UHFFFAOYSA-N,NC1CCC1,3-4,5,plain,0,2.855001000483753,0.09955535497761464,0.002493285483914264,0.0033780778603294224,0.2496773642170928,0.039652899870789245,0.7912450547171084,0.24629928635676338,126.82385575589456,0.09789565954764005,0.01466348641212247,0.29630740256703125,0.6865358255369318,0.001778199165174866,3.0488697594330624e-06,0.0007120374489799652
torsiontest2000,testcase-2855,PWWWDFAQRVVVCK-UHFFFAOYSA-N,CNC(=O)[C@H](OC)C1CC1,1-2,10,gauche_effect|stereocentre_adjacent,0,7.728944094618782,0.11227938196731349,0.008442702303383237,0.10388480450428005,0.8164609193310194,0.2451636171641269,2.41903503957206,0.7125761148267393,7.9889042995839645,0.2765592612587444,0.6037750548775794,0.1695795793530385,0.21820266346599881,0.004847760912370181,0.002894105183540576,0.0007008362074724791
torsiontest2000,testcase-2856,PWWWDFAQRVVVCK-UHFFFAOYSA-N,CNC(=O)[C@H](OC)C1CC1,2-3,10,anomeric|conjugated|stereocentre_adjacent,0,6.615239083883353,0.019432497957261187,0.005644647451002139,0.02256255283608222,0.3022830810242965,0.1640225385482772,2.162520642904454,0.2797205281882143,17.975034674063807,0.17884828548762047,0.9253374283617759,0.05093786285852859,0.01808006132869346,0.005257292610557873,0.0003217318299746484,6.562301046961899e-05
torsiontest2000,testcase-2857,MALHZSOXIOUUQH-UHFFFAOYSA-N,C=C[C@@H](C)OC,2-3,6,stereocentre_adjacent,0,4.216282634908566,0.5812054740948775,0.010982981397486451,0.14137271420707262,0.8973973207066517,0.18661906675093728,1.1709846077506862,0.756024606499579,117.3370319001387,0.3622508778554949,0.10652686218325523,0.5052536450634078,0.3772365113558507,0.0003933561074875413,0.0039836708404102665,0.006605954449588643
torsiontest2000,testcase-2858,DJXUGKPBAOQXOL-UHFFFAOYSA-N,C=C[C@@H](C)ONC(C)=O,3-5,9,stereocentre_adjacent,0,4.839916304044891,0.2642779197980938,0.0238317792659622,0.032853652784282004,0.66373026002421,0.20176313599255274,1.2899401726466915,0.630876607239928,137.3092926490985,0.25804008142599777,0.23805845838767611,0.07827246817094055,0.6598372941754211,0.00666204900690535,0.016021250861855463,0.0011484793972013885
torsiontest2000,testcase-2859,ZLVBUSPNPZYDPE-UHFFFAOYSA-N,CONC(=O)c1ccccn1,2-3,11,anomeric|conjugated,0,20.53005522553576,0.29370766037119345,0.10016318877050887,1.1765598704560092,3.3863600233229736,2.1961206764617387,5.976189406969523,2.2098001528669644,2.9958391123439867,0.26699017403150277,0.09078990223375631,0.7841640137436412,0.02488289525209367,0.06378386781900378,0.00788465967663555,0.028494661274869545
torsiontest2000,testcase-2860,BHWJMPDCCDMCKC-UHFFFAOYSA-N,CSc1ccccc1C,7-8,9,plain,1,7.432614567340352,4.3495193256528625e-08,0.005920352918015394,0.014394477979485024,0.014400763053733067,0.15761125381994331,2.0398864843515576,6.2850742480434485e-06,0.0,0.00012345137499058557,0.676301540544405,0.1371612978407986,0.18061680869678085,0.0036544959543795214,0.0022551152047931167,1.0741758842756083e-05
torsiontest2000,testcase-2861,HVRUGFJYCAFAAN-UHFFFAOYSA-N,CCc1ccccc1Br,2-3,9,biaryl,0,7.411310735391453,2.41030930835228e-07,0.02278129267316968,0.053232017075684944,0.053245524853261485,0.3725235804722513,2.443363326728315,1.3507777576540758e-05,168.2662968099861,0.0001919940690342232,0.5315106803588818,0.349675440543822,0.09603258642412642,0.019398273723786087,0.0025958160590281083,0.0007872028903554874
torsiontest2000,testcase-2862,HXJHQHHJIQEZLD-UHFFFAOYSA-N,C[C@H]1CN(C)C[C@H]1O,7-8,8,stereocentre_adjacent,0,4.439463721209904,0.6454093904091697,0.006962121294652609,0.02373428792042668,0.993466225686562,0.10584852409229012,1.2364931567917934,0.9697319377661353,2.4965325936199747,0.4382778382706917,0.6791964994666073,0.1656039724105009,0.14823740682823916,0.005546066227511267,0.0014081522477746764,7.902819366666114e-06
torsiontest2000,testcase-2865,DPTMLBYTVOPWET-UHFFFAOYSA-N,O=C(c1ccsc1)N1CCCC1,3-4,12,anomeric|conjugated,0,17.853977277409285,0.04989476442471107,0.0643908043479664,0.7755887904995211,1.3950034768439554,1.5286117610537933,5.248636634420006,0.6194146863444343,167.26768377253813,0.3175513856940128,0.06728065108235397,0.7696717085326255,0.0986568360370542,0.03108498675184035,0.021016910291957434,0.012288907304168616
torsiontest2000,testcase-2866,MSZUOTICKCYSDV-UHFFFAOYSA-M,CN(C)C(=O)c1ccsc1,5-6,10,anomeric|conjugated,0,2.181570862652734,0.00011420767827847296,0.9071396795499572,0.09101890399286514,0.09125723745388485,0.5944285348977184,0.6234324479709682,0.00023833346101971575,79.88904299583913,0.0025457232319701394,0.016983177199439772,0.06061980185168799,0.015257341398914999,0.8364136132030501,2.339317333354329e-05,0.07070267317357368
torsiontest2000,testcase-2867,MSZUOTICKCYSDV-UHFFFAOYSA-M,CN(C)C(=O)c1ccsc1,6-8,10,anomeric,0,16.611800231563393,0.09853152531259914,0.123686767998311,0.9969986492540625,1.766615544626334,1.9141394977307669,4.7518634147293985,0.7696168953722716,140.80443828016644,0.2097837639810277,0.08922235796049938,0.6908903620999853,0.09620051194120437,0.08882044196563825,0.02069800081041658,0.014168325222256193
torsiontest2000,testcase-2868,WFAFGNCZWMJZCK-UHFFFAOYSA-N,CNC(=O)CO,2-3,6,plain,0,8.405568744143238,1.4831344854404288e-06,0.2943265285642465,1.0450258340651462,1.0450273991660228,1.3195593515755268,1.8159423647919415,1.5651008766770502e-06,0.0,0.000529538021264253,0.3094568409592666,0.3381632506799418,0.05805337979654508,0.09436448915952299,0.09364191149872031,0.10632012790600326
torsiontest2000,testcase-2869,WFAFGNCZWMJZCK-UHFFFAOYSA-N,CNC(=O)CO,3-4,6,plain,0,7.587527431576746,4.101318111866942e-06,0.2842432569833546,1.1158022781521855,1.1158057779400146,1.3365254414996137,1.774631680364085,3.499787829097656e-06,0.0,0.0007322037865219429,0.09012529696991334,0.18779986127554094,0.43783158477119094,0.2743823686964435,0.0033116119757584266,0.006549276311152701
torsiontest2000,testcase-2870,NXICCKWUNADVSW-UHFFFAOYSA-N,CC(C)N(C)c1ccccn1,2-4,11,plain,0,8.352537193219177,0.5801227514191907,0.05867292306610144,0.24047935271761434,2.1672003674284097,0.7259520178654777,2.838006760074757,1.9267210147107954,34.95145631067959,0.5666549438905106,0.26356613764488895,0.6000516581020685,0.07770928118694098,0.052801038888835174,0.001980964063324436,0.0038909201139418308
torsiontest2000,testcase-2871,WJUFSDZVCOTFON-UHFFFAOYSA-N,COc1ccc(C=O)cc1OC,2-3,12,biaryl,0,3.5639143776497804,2.05889161050915e-07,0.0136896515155992,0.03172523544597204,0.03172825122156621,0.11717578814536146,0.9645956291160533,3.0157755941673248e-06,0.0,0.00017824018630091705,0.38719858010314717,0.1271713666204237,0.47194040176082996,0.010795359771127624,9.513676573467452e-08,0.00289419660770584
torsiontest2000,testcase-2872,ODISAUHBLBVQKC-UHFFFAOYSA-N,COc1ccc(C=O)c(Br)c1,6-7,11,conjugated,0,7.640279151266441,7.884157571137922e-08,0.006902169485818452,0.008229998782463681,0.008258785365365636,0.2040129864777173,2.453658443367416,2.8786582901955265e-05,0.0,0.00024209734322563225,0.2037579424988527,0.7870398721434927,0.0023000158718360845,0.006671117652361687,0.00022236149398526518,8.690339471498892e-06
torsiontest2000,testcase-2873,UCEJNFOIRGNMKV-UHFFFAOYSA-N,COc1cccc(Br)c1OC,9-10,11,plain,1,5.8337353761307895,7.646802139101826e-07,0.0038291610751724305,0.06375762470019686,0.06377742539689474,0.12926918408185228,1.8183723038200585,1.9800696697880316e-05,0.0,0.0006346421366759927,0.34182947606390607,0.6515391378226789,0.002802225038242822,0.00016193244508439425,0.00020881358981550568,0.0034584150402725304
torsiontest2000,testcase-2876,TTXJMSRLGMWEJZ-UHFFFAOYSA-N,CNCc1cccs1,1-2,8,plain,0,5.3732023051125,0.12717931025887175,0.006944590588285822,0.1675025024942057,0.5607978608331285,0.20904044087915039,1.5100637201810112,0.3932953583389228,122.3300970873787,0.18042126344388373,0.18359405963530395,0.09928696767460383,0.7101743821018065,0.004563427760940474,0.0016272856557003443,0.000753877171645003
torsiontest2000,testcase-2877,TTXJMSRLGMWEJZ-UHFFFAOYSA-N,CNCc1cccs1,2-3,8,biaryl,0,3.0153601125930436,0.5071441499320021,0.03244525149866756,0.030564311818208293,0.5885506783634167,0.15177386941430276,0.8259028345997004,0.5579863665452084,149.29264909847433,0.21726028704451153,0.02157187152862566,0.8469648112876469,0.09901806568505986,0.02418942636673941,0.006673957503157925,0.0015818676287702243
torsiontest2000,testcase-2878,LFPMIOINJQCYRV-UHFFFAOYSA-N,C[C@H]1OCC[C@@]1(C)O,6-7,8,stereocentre_adjacent,0,2.6134796419355553,0.22388097843317697,0.006334309956110883,0.008564251074117952,0.3421264563672095,0.05816364834232357,0.7228900281312495,0.33356220529309155,97.3647711511789,0.1833916486531301,0.4275977303011121,0.09424627822487491,0.471821681517902,0.005671661472777995,0.0006251397279631886,3.7508755369699205e-05
torsiontest2000,testcase-2879,HVGDQYBLQFSJPH-UHFFFAOYSA-N,CC[C@H](C)[C@H](Nc1ccccn1)C(=O)O,3-5,15,stereocentre_adjacent,0,8.013556295947637,0.3841572995782972,0.03894712917138627,0.1427605070310967,1.233303836154059,0.4153578090946139,1.981599837641864,1.0905433291229623,13.980582524271853,0.3483798194231439,0.0647748392729711,0.4608465960803601,0.43543143547528246,0.020386700623736986,0.01565179627217258,0.0029086322754767052
torsiontest2000,testcase-2880,HVGDQYBLQFSJPH-UHFFFAOYSA-N,CC[C@H](C)[C@H](Nc1ccccn1)C(=O)O,5-6,15,anomeric|conjugated|stereocentre_adjacent,0,9.704412543680519,0.6994048335979138,0.011818633754288387,0.2362773692232544,2.845902524851951,0.4378861592119369,3.3994236400742204,2.6096251556286965,24.466019417475735,0.5863891132369297,0.8908173734291998,0.013867896729797088,0.08349609608671474,0.008546813263896856,0.0015698865421027918,0.0017019339482887395
torsiontest2000,testcase-2881,PGWQSRWDLYEZKU-UHFFFAOYSA-N,CC(=O)[C@H](C)Nc1ccccn1,3-4,12,biaryl,0,12.524734809645452,0.16479813647263894,0.07705712295926405,0.748326034057925,1.6168406352015277,1.2330850548679206,3.6089953607035463,0.8685146011436027,1.9972260748959911,0.17676713203783687,0.03178894301120565,0.873356076406669,0.017797857622861055,0.0423999373937685,0.015972353576261585,0.018684831989233958
torsiontest2000,testcase-2882,LDVAIJZDACHGML-UHFFFAOYSA-N,CNc1ccccc1F,7-8,9,plain,0,4.463155826844741,1.0237051546482622e-05,0.047583332875574806,0.10973994500169361,0.10984868950287813,0.3507647722620723,1.5312252988899353,0.0001087445011845184,0.49930651872409726,0.0012082887136132506,0.7175513084473965,0.21741820716412072,0.017447151512907877,0.04648600949838552,0.0010525922339021513,4.4731143287134696e-05
torsiontest2000,testcase-2883,HTDQSWDEWGSAMN-UHFFFAOYSA-N,COc1ccccc1Br,2-3,9,biaryl,0,6.095118341268972,3.516529227381515e-08,0.014380082673805415,0.043352596542249995,0.04335379018983766,0.21024339704279477,1.7161095983431327,1.1936475876675456e-06,0.0,7.965906673354537e-05,0.8595047451458072,0.025005406380657798,0.10110976579972958,0.011366276548286558,0.0003288732802309405,0.0026849328452879153
torsiontest2000,testcase-2884,USBAUXJPPHVCTF-UHFFFAOYSA-N,c1ccc(CNC2CC2)cc1,5-6,11,plain,0,4.800202464335598,0.10270059112580089,0.0024408070374456873,0.01691908940497265,0.44343275276154587,0.07037516846843506,1.3827934260366121,0.4265136633565732,120.33287101248266,0.143384445788882,0.17225292715951113,0.16476601892888468,0.6605402468741586,0.0021298405840574843,0.00023816886053814443,7.279759285005877e-05
torsiontest2000,testcase-2885,SIJUMONRRVKJQU-UHFFFAOYSA-N,CN[C@H](C)CC1CC1,2-4,8,stereocentre_adjacent,0,6.342006161226891,0.11989242549800976,0.005433069943731412,0.01360225317469315,0.6188372042618828,0.13240431299007016,1.786850942048561,0.6052349510871897,1.4979195561719791,0.21733412379559844,0.15839931687343875,0.0559112584039324,0.7802563547788974,0.004660180020513309,0.00037852818938703616,0.0003943617338310664
torsiontest2000,testcase-2888,QWEWLLNSJDTOKH-UHFFFAOYSA-N,NC(=O)c1nccs1,1-2,8,anomeric|conjugated,0,13.604703408607747,2.13428650187976e-09,0.06337732421350926,0.27502793194664743,0.27502801104969565,1.1694865117895186,4.523536065859745,7.910304822278391e-08,0.0,8.907392733601163e-05,0.002496218454603816,0.9290668273238457,0.005059630008041055,0.057253165845886266,0.0009591109509873288,0.005165047416635672
torsiontest2000,testcase-2889,GDIIUIVNPYYLHQ-UHFFFAOYSA-N,O=C1CCc2c1cccc2C1CC1,6-7,13,plain,0,3.1581636558985338,0.39958495777697245,0.052101600176373886,0.06775851538481016,0.7842898623437478,0.29016624026266125,1.237932348583858,0.7165313469589376,0.499306518724012,0.25505052905057923,0.8400760900488379,0.02030506554017878,0.08751724423460941,0.044124638633920285,0.0073574897419583975,0.0006194718004951988
torsiontest2000,testcase-2892,CBLIKXAFMIOTGR-UHFFFAOYSA-N,CCNc1cnccn1,2-3,9,anomeric|conjugated,0,6.872568694408983,1.3278798397526579e-05,0.007389220919540676,0.07470081648275616,0.0750388857598515,0.18371163003709934,1.9539329978494058,0.00033806927709534307,0.0,0.003056345138158775,0.4669565695590775,0.31894486468622407,0.20670934483515785,0.007041914742575855,0.0002951717508235474,5.213442614127392e-05
torsiontest2000,testcase-2893,VWHKEYXRRNSJTN-UHFFFAOYSA-N,O=Cc1cc2ccccc2nc1O,2-3,13,biaryl,0,14.621178943954874,8.973829824444115e-09,0.00257810953988021,0.004233414168166897,0.004255750219187676,0.2334364329288204,4.596706151202721,2.2336051020779152e-05,0.4993065187239836,0.0001940640361807363,0.36744405478364095,0.6254938263705483,0.004484009305930774,0.0025718432707221763,7.318104519280861e-07,5.534458706105138e-06
torsiontest2000,testcase-2894,CRZQGDNQQAALAY-UHFFFAOYSA-N,COC(=O)Cc1ccccc1,3-5,11,conjugated,0,1.1516187000088394,0.012296474680334494,0.022210710412719752,0.0327801241524548,0.04997075329077033,0.060365718706554924,0.3417035431289784,0.01719062913831553,174.75728155339806,0.014904235156739842,0.09682628439368655,0.8457251230975078,0.03523788209608584,0.013043605260228812,0.0042205339451683865,0.0049465712073225535
torsiontest2000,testcase-2896,XNLICIUVMPYHGG-UHFFFAOYSA-N,CCCC(C)=O,2-3,6,plain,0,5.166298286872916,0.0022317763961046937,0.0091163067695352,0.08713881681355432,0.11245378097760325,0.16802426291257974,1.5071698040887203,0.025314964164048936,143.3009708737864,0.014284298809388347,0.29111326255058484,0.18489166535956766,0.5148787653203124,0.002444193956116824,0.005897297143250517,0.0007748156701678589
torsiontest2000,testcase-2901,GTDQGKWDWVUKTI-UHFFFAOYSA-N,CC(=O)c1ccccc1N,1-2,10,biaryl,0,12.382950275379699,0.06632051506824697,0.12526214432301477,0.8267265087880873,1.2527905461770212,1.5352253754912462,3.7473948331574154,0.42606403738893395,11.983356449375862,0.15250932459061428,0.007323466603694763,0.8443847372519004,0.023029651821389975,0.09119469804934048,0.017697771106609167,0.01636967516706513
torsiontest2000,testcase-2902,FAQJJMHZNSSFSM-UHFFFAOYSA-N,O=C(O)C(=O)c1ccccc1,7-9,11,conjugated,1,10.542883996211458,7.84567731858545e-07,0.004598389772341579,0.08779619666808014,0.08784076613931528,0.23149233938184421,3.1599425343845065,4.456947123514243e-05,0.4993065187239836,0.0014127200143433476,0.949466488502379,0.0252785463887259,0.02065657533655349,0.0032700307696863743,0.0007755604079931948,0.00055279859466201
torsiontest2000,testcase-2903,LCTONWCANYUPML-UHFFFAOYSA-N,CC(=O)C(=O)O,3-5,6,plain,1,13.875557646504603,2.952974605021025e-07,0.00017480842847674834,0.002697914761433491,0.003646128738344023,0.0597353187292672,4.513426101871764,0.0009482139769105319,0.0,0.00010269716049890935,0.05079882943342553,0.9490212710492487,5.091088848929521e-06,0.00016510304187345988,9.562890842567482e-06,1.4249576072098988e-07
torsiontest2000,testcase-2906,ZHFURHRJUWYDKG-UHFFFAOYSA-N,N#CC1(c2ccccc2)CC1,3-4,11,biaryl,0,1.025902182329446,0.609387771262385,0.5805209117331134,0.010061389686969971,0.24560355598019298,0.2397258367239237,0.31451817930993003,0.235542166293223,2.9958391123439583,0.11271903101340362,0.001804070501511548,0.4175361369872968,0.00013888077807839674,0.5459106086222112,0.00015892316302513234,0.03445137994787695
torsiontest2000,testcase-2910,YNBADRVTZLEFNH-UHFFFAOYSA-N,COC(=O)c1cccnc1,2-3,10,anomeric|conjugated,0,14.156501232006121,9.001705492919722e-08,0.012758958050094934,0.27526140611566,0.2752642873557659,0.5482657088237104,4.20676385342599,2.8812401058897485e-06,0.0,0.00019240112656084067,0.721314891240974,0.22347640234761437,0.04244974836131664,0.006535221230470169,0.00342231288528474,0.0028014239343400267
torsiontest2000,testcase-2911,YNBADRVTZLEFNH-UHFFFAOYSA-N,COC(=O)c1cccnc1,3-5,10,anomeric|conjugated,0,5.939477302657906,0.005638066593349652,0.011356213268823178,0.21429457801860416,0.2659483891997668,0.30965653958615386,2.1084876318007644,0.05165381118116266,7.988904299583908,0.0352285664288018,0.003543450864132591,0.9843369583531935,0.0007633775138505763,0.007963830523292893,0.0018040826334611338,0.00158830011206915
torsiontest2000,testcase-2913,SMWNFFKPVLVOQQ-UHFFFAOYSA-N,C=C(NC(C)=O)C(=O)OC,3-5,10,conjugated,0,9.79935486271279,1.0602606311730439e-07,0.004801757950698665,0.007925229009481897,0.007991597865906985,0.2188715544943803,3.156497010271364,6.636885642508777e-05,0.0,0.00018077225071380412,0.054038433683624355,0.9409636566904979,0.0001961516751792063,0.004735956474424923,6.396232807337718e-05,1.8391482003643015e-06
torsiontest2000,testcase-2914,RQAKESSLMFZVMC-UHFFFAOYSA-N,C=CNC(C)=O,2-3,6,plain,0,14.295761935354676,7.905304584396396e-10,0.048236785995526124,0.34445455841464045,0.3444545821995369,1.0575794686989244,4.56574974479899,2.3784896441281234e-08,0.0,1.0945438216080184e-05,0.0020177272913449638,0.9407406437390574,0.00900484297407135,0.046405991986248576,0.00022568097532012837,0.0016051130339574215
torsiontest2000,testcase-2915,IWWCCNVRNHTGLV-UHFFFAOYSA-N,O=C(O)C1(c2ccccc2)CC1,2-4,12,conjugated,0,3.990069743944332,4.159809321071504e-06,0.0029463701641991597,0.00516173095219225,0.005803433682111433,0.07078465559670366,1.3005922347143823,0.0006417027299191825,0.4993065187239836,0.0006398758215352786,0.15472753477726997,0.8291261450000817,0.013199950058449051,0.0028336931686671948,0.0001078023682579637,4.874627274001474e-06
torsiontest2000,testcase-2916,MFBQWSYPXVVOKF-UHFFFAOYSA-N,CCNc1ccncn1,6-7,9,plain,0,6.991820063936757,4.265447864989566e-06,0.004834135172894937,0.046342816236712964,0.046527505441636814,0.14692386734425958,2.005824880623661,0.0001846892049238505,0.0,0.0015179736855869695,0.4818127843968718,0.25946901793173704,0.25388406249849604,0.0037820719551901697,0.00020184634507941032,0.0008502168726253572
torsiontest2000,testcase-2917,AATWVRDQSRBMRB-UHFFFAOYSA-N,C=CCCN(C)c1ccccn1,3-4,12,plain,0,4.443369408196304,0.14766134298648217,0.011392086024318352,0.034835761597000275,0.4836028200162985,0.13843083203361214,1.2557200025232882,0.4487670584192982,119.83356449375867,0.19908128382308835,0.1002466526373885,0.09354937490911505,0.7948118864291781,0.007104087607565632,0.004281756000936466,6.242415816254519e-06
torsiontest2000,testcase-2918,UHDNUPHSDMOGCR-UHFFFAOYSA-N,O=Cc1cccc(C(=O)O)c1,2-3,11,biaryl,0,7.820351949892938,3.677980289317141e-06,0.006129227414802858,0.007747956103804307,0.009245594254093256,0.2060873164077037,2.630528210012189,0.0014976381502889496,0.0,0.0020507960659347773,0.014237909307909113,0.9795796952930991,5.316798418901863e-05,0.006045546742746987,3.1092469920061386e-05,5.2588202135810205e-05
torsiontest2000,testcase-2919,JFDMYIANZQMIPL-UHFFFAOYSA-N,c1ccc(N[C@H]2CCOC2)nc1,5-6,12,stereocentre_adjacent,0,8.32114182523219,0.45892425728624603,0.014301992268391822,0.25903842565408375,1.799619561838336,0.4073560744245781,2.641569092860482,1.5405811361842523,0.9986130374479671,0.4128935944389435,0.7908686463100458,0.00245366141404692,0.1923757000075154,0.005105380010673291,0.007780960191667946,0.0014156520660505848
torsiontest2000,testcase-2920,LFVBTAFBWUVUHV-UHFFFAOYSA-N,CC(=O)N[C@@H](C)CO,2-3,8,stereocentre_adjacent,0,6.85668622283265,0.45305251461106233,0.018438197649452537,0.17757167803880688,1.4118367286785347,0.33372218119470487,2.0884471411759042,1.234265050639728,14.97919556171982,0.40035550898537436,0.37295004034083207,0.1452327861123895,0.46337897589732596,0.007607918792640215,0.010767626652716947,6.265220409537757e-05
torsiontest2000,testcase-2925,GQHTXNUUTJBMSS-UHFFFAOYSA-N,c1cnc(N2CC3(CC3)C2)nc1,4-5,12,plain,0,13.753561602090485,0.29647079954057365,0.154320067966416,1.293680594310722,3.1617486111728876,2.4507022494407797,5.45411347445036,1.8680680168621657,3.9944521497919254,0.340937068484421,1.0750182263525751e-05,0.8456374277491441,3.17541021762773e-05,0.10430089255259835,1.719099402522222e-05,0.05000198441979246
torsiontest2000,testcase-2926,VAKRMUBGTNPWBV-UHFFFAOYSA-N,Nc1ccc2cccnc2c1O,1-2,12,biaryl,0,7.956622415513266,0.4864454331259928,0.08409095325367888,0.5679724779558001,1.8266003287125194,0.9184748220938858,2.5530979703219017,1.2586278507567195,35.95006934812761,0.38704884335309436,0.08826663355883363,0.7637188726923504,0.06392354049513717,0.03260004522072479,0.03141879770368705,0.020072110329267045
torsiontest2000,testcase-2927,QDKWXVPNPFDKEY-UHFFFAOYSA-N,CN(CC(=O)O)c1ccccn1,2-3,12,gauche_effect,0,9.09301976225106,0.0003095405806120218,0.06888014999951739,0.20775941383168217,0.21239151815330304,0.690099963861877,2.5160556993797383,0.004632104321620867,0.9986130374479671,0.0099955205685764,0.09847198446628228,0.7721613780355675,0.06048648749863277,0.06226474256067558,0.0013420225045988937,0.005273384934242915
torsiontest2000,testcase-2928,RPKCLSMBVQLWIN-UHFFFAOYSA-N,CNc1ccccc1N,2-3,9,biaryl,0,8.519012373086298,0.07430921242779336,0.008891587651151944,0.3038616128985736,0.75073812054674,0.38564639973204434,2.5366168168001892,0.44687650764816644,11.983356449375862,0.20009250944134857,0.8816741185405707,0.01044015283919708,0.0989941409690803,0.003022983933006282,0.0005983590327334987,0.005270244685412164
torsiontest2000,testcase-2929,GEYOCULIXLDCMW-UHFFFAOYSA-N,Nc1ccccc1N,3-4,8,anomeric|conjugated,0,5.608349593967432,0.9757977185051105,0.034833394764039516,0.4118316947222531,1.6286318071559414,0.5081694103358307,1.6474288047501982,1.2168001124336882,171.7614424410541,0.5424009461371543,0.43526308664981606,0.5071086972115795,0.022794821374565063,0.022150160554211602,0.007579435144129154,0.0051037990656987615
torsiontest2000,testcase-2930,WQELDIQOHGAHEM-UHFFFAOYSA-N,CC(=O)NCC(N)=O,2-4,8,conjugated,0,7.699854702717857,0.6660729630266113,0.32092003003977176,0.6784804426514914,1.5006505256140203,1.1504577360363137,1.7748683607081506,0.8221700829625289,175.25658807212204,0.3475334815012274,0.3214433868579107,0.29595738554240825,0.06167919755990924,0.16744244305358713,0.08324643786488671,0.07023114912129791
torsiontest2000,testcase-2931,IJVQAJHYYRVZNE-UHFFFAOYSA-N,CN1CC(O)C1,1-2,6,gauche_effect,0,1.7064531341020484,0.6229856120525241,0.0014014802171192946,0.00042902341575861374,0.40515796254335906,0.01922146924696701,0.5133164478775335,0.40472893912760044,13.980582524271824,0.1616743182871282,0.03250640898298983,0.5294598023829354,0.43663230841695566,0.0013296536532387056,2.3237662390911606e-05,4.858890148967743e-05
torsiontest2000,testcase-2932,OCCJXPORZRPAEH-UHFFFAOYSA-N,CC[S@](=O)c1ccccc1,2-3,10,plain,0,4.772083103831392,0.2016800195845173,0.0061782985700789056,0.011692009297179819,0.632389404642499,0.11128173109211068,1.4079712832216102,0.6206973953453192,104.85436893203882,0.23530458006136118,0.042604670508452035,0.047059370451736686,0.9041576604697323,0.005867177795351918,0.0002397449378444987,7.137583688248936e-05
torsiontest2000,testcase-2933,BGEMFQUNUNPSEP-UHFFFAOYSA-N,C[S@](=O)c1ccccc1,2-4,9,plain,0,4.155813536955975,0.17295294028301816,0.0031091996380099643,0.009406518703159596,0.6215918425080834,0.08386198319343906,1.4945149973463172,0.6121853238049239,5.9916782246879166,0.19807126719788898,0.0019511901583273094,0.9939904123583022,0.0009491978453604491,0.0019550136217475157,0.00035732108989752976,0.0007968649263649192
torsiontest2000,testcase-2937,PKDVWOVKDPEBQF-UHFFFAOYSA-N,COc1ccc(O)c(C)c1,7-8,10,conjugated,0,2.61883352661971,9.892664364067763e-08,0.00010800622737976032,0.00047721599332744815,0.0005535989368419061,0.009283904681100484,0.8921374607497794,7.638294351445797e-05,0.0,0.0001095410773838225,0.0003052097979601567,0.9885812622528283,0.011005521721831947,9.566512857868157e-05,9.531062535326117e-06,2.8100362657526395e-06
torsiontest2000,testcase-2939,FRCFWPVMFJMNDP-UHFFFAOYSA-N,CC(C)Nc1ccccc1,2-4,10,plain,0,6.572945495514432,0.5006884509613801,0.030097332467832805,0.29075114579200717,1.6236772611302874,0.4877806314722879,2.2762025026074237,1.3329261153382803,118.33564493758672,0.43751563603185334,0.5786100956502388,0.02745389809306796,0.36383867378886037,0.0019673977570709607,0.011522679668657089,0.016607255042104755
torsiontest2000,testcase-2940,HVFJUOCQWFZXMU-UHFFFAOYSA-N,C/N=C/C(=O)NC,2-3,7,conjugated,0,8.346246874483768,2.9426503883703235e-06,0.00078643199537784,0.007210984256094925,0.008868200794768697,0.08469602196883388,3.0092202972449202,0.0016572165386737718,0.0,0.0013120761025461932,0.80964807153484,0.18781305432550346,0.0017524421442786933,0.000781540524748457,3.7061473927803998e-06,1.1853232366027248e-06
torsiontest2000,testcase-2941,QKNFFJHHPCWXTH-UHFFFAOYSA-N,CN[C@@H](C)C(N)=O,2-3,7,stereocentre_adjacent,0,9.363239938451443,0.5029838540038334,0.09274188148541691,0.7907923674284729,2.1605033088714984,1.1707716990571986,2.94316798986278,1.3697109414430255,104.35506241331484,0.5715681955134143,0.6379796991210325,0.1711499151991053,0.09812850419444527,0.05140984764928516,0.02183294898855613,0.01949908484757562
torsiontest2000,testcase-2942,QKNFFJHHPCWXTH-UHFFFAOYSA-N,CN[C@@H](C)C(N)=O,3-5,7,stereocentre_adjacent,0,7.288423923600931,0.1114789067874947,0.03444494366280104,0.30767174067061703,0.8651286959768946,0.5446738049011214,2.441172264987608,0.5574569553062776,51.92787794729543,0.2630281576007586,0.7886971734800874,0.16697557701315677,0.009882305843954798,0.011456491597484882,0.01563706864847589,0.007351383416840269
torsiontest2000,testcase-2944,HKOOXMFOFWEVGF-UHFFFAOYSA-N,NNc1ccccc1,7-8,8,plain,0,9.785795214702375,0.5027962264946356,0.13796452003620885,0.637709752805338,2.013434707689802,1.1863628644324196,2.7677782289136346,1.375724954884464,63.411927877947306,0.5136509919511524,0.10037319118871108,0.6886562945793897,0.07300599419569016,0.06917819869070452,0.0549365540505804,0.013849767294923931
torsiontest2000,testcase-2946,QUTXKDIZMVMOBF-UHFFFAOYSA-N,CB1CCc2cccc(C(=O)O)c2O1,7-8,14,anomeric|conjugated,0,10.037418722815346,0.00838106260414134,0.017176583652019742,0.09419193648515768,0.27468899030824134,0.38121982904757745,2.8201436262585093,0.18049705382308368,3.994452149791954,0.06768843197440517,0.8343040453457922,0.0805301661671263,0.06798920483506178,0.012952782836863921,0.0017082321997484119,0.0025155686154074075
torsiontest2000,testcase-2947,HGVONWQBGPVNHP-UHFFFAOYSA-N,OB1CCc2ccccc2O1,10-11,11,plain,0,10.471395737142302,0.0016401587481979292,0.000262175883193868,0.001310738026562028,0.13996074633060415,0.05597049926808079,3.4557628269006173,0.13865000830404212,1.4979195561719791,0.03713868438774321,0.030980165353171652,0.9686982962668397,5.936249679473074e-05,0.00025291707232425544,9.141759567308283e-06,1.1705130230425843e-07
torsiontest2000,testcase-2948,RKPZUGYTEBLNFF-UHFFFAOYSA-N,c1cncc(B2OCCO2)c1,3-4,11,biaryl,0,4.987448814266827,4.7231738830598795e-05,0.008427436033696946,0.014775206571408924,0.019138061404968768,0.1631508514178631,1.7699797650685352,0.004362854833559844,0.49930651872409726,0.005751257258389385,4.5735241884394453e-05,0.9915118863715651,1.4942352853553507e-05,0.008382916455441413,4.380819926404614e-06,4.0138758329128985e-05
torsiontest2000,testcase-2949,FPSCKCFSKOKOHC-UHFFFAOYSA-N,c1ccc(C2OCCO2)nc1,4-5,11,anomeric,0,1.896805402415339,0.6249077277140809,0.01648088253097268,0.08286411588037783,0.5292116298077726,0.11862383673652792,0.6663697552177709,0.44634751392739475,61.414701803051315,0.22013298750486143,0.24782016995177047,0.660947152883361,0.07475179463389575,0.0007571999560478144,0.013207925485279026,0.0025157570896458393
torsiontest2000,testcase-2951,SVXGKSYEUSBVJY-UHFFFAOYSA-N,COc1ccsc1B1OCCO1,7-8,12,conjugated,0,4.801691182074137,2.2495925263705283e-07,0.007310019289455856,0.03482495621629884,0.0348343086743325,0.14960847174446396,1.7021254637130399,9.352458033663746e-06,0.4993065187239836,0.00023785329828903133,0.0006154798705354935,0.9916572346013401,0.00041726623866855016,0.0072461791572474826,4.717645441202127e-05,1.6663677796352237e-05
torsiontest2000,testcase-2952,XGRLAGQQMUILNX-UHFFFAOYSA-N,Brc1cccnc1B1OCCO1,3-4,12,biaryl,0,1.552491491427645,0.001202870500916319,0.00714220290742141,0.020965899305343292,0.02873606515370409,0.05227460314936501,0.567008281732176,0.007770165848360797,4.993065187239949,0.009380734718857107,0.0008217589072054089,0.9918190449216187,0.00021699326375453545,0.005736833922032706,0.00023133232160587596,0.0011740366637828282
torsiontest2000,testcase-2955,XOQABDOICLHPIS-UHFFFAOYSA-N,OB1OCc2ccccc21,9-10,10,plain,0,8.815875677741133,6.1128532925807345e-09,0.00034669231316499834,0.0010710966268262546,0.0010948376834826353,0.05401421640577101,2.900349891240794,2.3741056656380625e-05,0.4993065187239836,4.1505584928873265e-05,0.038900174484777165,0.9606307902502544,0.00012234295180336253,0.0003373758292448004,9.296968279051117e-06,1.951564114681022e-08
torsiontest2000,testcase-2958,CKEWCFGVNDVQSC-UHFFFAOYSA-N,OB1OCCc2ccccc21,7-8,11,plain,0,9.885981832048856,0.011274651643365103,0.00022331655953227995,0.001725650497903199,0.3342993403160822,0.04707937787082527,3.1483158110080813,0.33257368981817903,1.9972260748959911,0.061231995802564936,0.0640997437840829,0.9356290274369543,4.7912219430580976e-05,0.00021660296783170926,6.691490988519913e-06,2.2100712050748124e-08
torsiontest2000,testcase-2960,DUKYPQBGYRJVAN-UHFFFAOYSA-N,COC(=O)c1cccc(OC)c1,7-8,12,plain,1,3.511416513880249,2.974512806829585e-07,0.03347953293396433,0.019423143094681,0.01943370943144961,0.21584566437646913,1.175026251220352,1.0566336768609574e-05,0.4993065187239836,0.0001919707906159412,0.06665957033710825,0.899688477355077,0.00017241937385035512,0.03269060586166151,0.00015055407899460603,0.0006383729933082127
torsiontest2000,testcase-2961,HCGLAUOYDLTCJV-UHFFFAOYSA-N,c1ccc(C2CCC2)nc1,4-5,10,plain,0,1.4394272839126643,0.5603748430211631,0.17925318329274942,0.0031847417633593766,0.2851149333788479,0.161276647877405,0.3808629143102389,0.28193019161548855,2.9958391123439583,0.13422522084644792,0.5984998769791944,0.11844549567914933,0.1038014440489067,0.1696891718875562,0.007179494000433411,0.0023845174047598095
torsiontest2000,testcase-2962,IVMMIUODXRECHX-UHFFFAOYSA-N,CC(C)(C)Oc1ccccn1,2-5,11,plain,0,6.099063479341567,0.00652726290757124,0.051325576781905136,0.3576965217900926,0.38536053831627887,0.5381297030359435,1.8103014379481561,0.027664016526186275,110.34674063800276,0.026824116156858327,0.004023931911842334,0.007086541552457537,0.9375639497537951,0.0020609432929701355,0.0018598557564637596,0.047404777732471245
torsiontest2000,testcase-2966,HCNRPLMXXSJDEI-UHFFFAOYSA-N,c1ccc(NCC2CCOCC2)cc1,3-4,14,plain,0,4.93962353101233,0.25766484430912473,0.007470732273389256,0.030092405273505013,0.7149755466676551,0.12530248435989733,1.4075960701211496,0.6848831413941501,119.33425797503469,0.31317679992480896,0.22892712425225809,0.03929885824476757,0.7243032852295851,0.0022212035781070073,0.005190675850057565,5.885284522468302e-05
torsiontest2000,testcase-2968,MFNYBOWJWGPXFM-UHFFFAOYSA-N,NC(=O)C1CCC1,1-2,7,anomeric|conjugated,0,11.029105811874615,6.15660529530696e-07,0.06313194700874568,0.19696004448136978,0.19698246000518155,0.9717477023103077,3.7923336551474973,2.241552381176959e-05,0.0,0.0012752047450358729,0.005760185375393901,0.9180560498674074,0.013051817748452984,0.05667461478779031,0.0033723646454916255,0.003084967575463753
torsiontest2000,testcase-2971,SPMUPYNEZNYTNC-UHFFFAOYSA-N,C1COB(C2CCSCC2)O1,3-4,11,plain,0,0.5766904032789171,0.6390246598201375,0.003976676276771529,0.004238413538400686,0.15803995350539932,0.013163689568008813,0.1976750152258009,0.15380153996699863,26.463245492371698,0.06694348550932219,0.0007333276359304191,0.9952734049127644,1.6591174533901763e-05,0.0005578050570667514,0.0003083045684199756,0.003110566651284802
torsiontest2000,testcase-2975,WWVUAWRTRXSZIP-UHFFFAOYSA-N,CBBBBC,2-3,6,conjugated,0,7.453659430029802,0.00028675746105590467,0.017326102206028385,0.01562645178691387,0.05521079428240725,0.27601450200295014,2.502743459707502,0.03958434249549338,1.4979195561719791,0.0248175188785726,0.016856662528052214,0.9492478014995787,0.016569433766340687,0.016351161431242586,0.0005329909153254952,0.00044194985946030226
torsiontest2000,testcase-2980,LFAPCYMYTSETAW-UHFFFAOYSA-N,c1ccc2cc(B3OCCO3)ccc2c1,6-7,15,plain,0,5.1936606476665474,2.8582317636223698e-05,0.00884768082389262,0.02102074775424396,0.02322301942355835,0.17493856355565143,1.8464649392004098,0.002202271669314391,0.4993065187239836,0.0008867388759828686,6.714823568158541e-05,0.991057133425415,2.8037515010887302e-05,0.008816693238873238,1.632995856881468e-05,1.465762645056703e-05
torsiontest2000,testcase-2982,JOQJEWAXHQDQAG-UHFFFAOYSA-N,COC(=O)c1ncccn1,1-2,10,anomeric|conjugated,0,11.114124295068905,5.8268166664940534e-05,0.0003249808114133987,0.04379207479695256,0.051015797749173024,0.07574602368292603,3.4286415813037645,0.007223722952220464,0.0,0.0037968313851822187,0.25001077091978074,0.7457394781209249,0.003924770147880889,3.5663785967763373e-05,0.00024990409171266303,3.9412933732972284e-05
torsiontest2000,testcase-2983,JOQJEWAXHQDQAG-UHFFFAOYSA-N,COC(=O)c1ncccn1,2-4,10,conjugated,0,0.3820493980892934,9.284942225883756e-06,0.6196002956025801,0.0012729746779643126,0.0013260821609077792,0.0959820734088593,0.1219325446736517,5.310748294346662e-05,78.39112343966713,0.00015918087498943218,8.845950428030206e-05,0.37911155727298074,0.0011996876201589605,0.6183624460622666,0.0004203062626381689,0.0008175432776752942
torsiontest2000,testcase-2985,CEHWVRIKAKFLMS-UHFFFAOYSA-N,O=C1C=c2c(B3OCCO3)cccc2=N1,3-4,15,biaryl,0,4.936217787791975,6.682910646623865e-06,0.005251835453187667,0.013095541827731013,0.013868754680725117,0.1286700788814388,1.7663342991463125,0.0007732128529941047,0.0,0.0008802782027922881,2.6459859361241475e-06,0.9947373704799225,8.148080953804812e-06,0.005212139033126958,2.585300110726628e-05,1.3843418953443795e-05
torsiontest2000,testcase-2986,ICZLABBOVWPDDE-UHFFFAOYSA-N,C1COB(C2CC2)O1,3-4,8,plain,0,3.891545379796298,0.8589634330719791,0.012051293397334469,0.022628986126702205,1.2888137136441036,0.15430285127857507,1.3905718365666233,1.2661847275174014,145.7975034674064,0.42012200209606676,0.000657908292015999,0.986915259271989,0.0003755390386605214,0.011870094540088359,0.00012745718326146203,5.374167398464893e-05
torsiontest2000,testcase-2987,RFXGGVKYUIHBNP-UHFFFAOYSA-N,CN1CCC=C(B2OCCO2)C1,5-6,12,plain,0,5.059548205870669,0.0004598048999669191,0.005727767944080754,0.022066030160893216,0.044692684340623234,0.138936779064259,1.8126309660987674,0.02262665417973002,1.4979195561719791,0.017736919781572644,1.1406301279728509e-07,0.9942541645430224,1.795344988420557e-05,0.005679923839535908,3.323981018464428e-05,1.4604294360201305e-05
torsiontest2000,testcase-2988,RZVAJINKPMORJF-UHFFFAOYSA-N,CC(=O)Nc1ccc(O)cc1,3-4,11,anomeric|amide|conjugated,0,2.3911260664463043,5.3909935229633904e-05,0.04341478717232807,0.006245560740099216,0.008439107380213796,0.16118196913688035,0.7730099596202095,0.0021935466401145796,0.0,0.002238350898380925,0.03612176617533303,0.920265354783654,0.0001980918686846182,0.041730901360374904,2.0796444255549655e-07,0.0016836778475106166
torsiontest2000,testcase-2989,AVIDZQVUWISHES-UHFFFAOYSA-N,CC(=O)Nc1ccc(O)c(C)c1,10-11,12,plain,0,3.247749815287534,1.1254241906142674e-06,4.741903094004006e-05,0.0008212772749600641,0.0013837154634600134,0.007275186911248436,1.04974296433333,0.0005624381884999493,0.0,0.00028717324126393466,0.01681459759766154,0.9762873167872077,0.006850666584190565,4.155786639690817e-05,4.246252527869173e-06,1.6149120152627145e-06
torsiontest2000,testcase-2990,WLNDDIWESXCXHM-UHFFFAOYSA-N,c1ccc([C@@H]2COCCO2)cc1,5-6,12,gauche_effect|stereocentre_adjacent,0,2.2721815782715566,0.6290450095426176,0.024714011189736745,0.011155915333423869,0.6532204964160245,0.12993720237008075,0.8235601864441306,0.6420645810826007,24.965325936199747,0.2664719214596295,9.059174502649997e-05,0.9751860090269738,9.388038262702098e-06,0.016919913008368863,0.00033052101693211203,0.007463577164435771
torsiontest2000,testcase-2991,OATSQCXMYKYFQO-UHFFFAOYSA-N,CSC(C)=O,2-4,5,anomeric,0,11.480902550916653,1.0328699022797764e-08,0.00046336365279532404,0.03551777803578665,0.035519751907249125,0.08690210891262969,3.684688883757227,1.973871462473964e-06,0.0,0.00022680253593891062,0.13268725876790752,0.8659291973075327,0.0009201802717643503,0.00011942443481868888,5.318712777018142e-05,0.00029075209020645366
torsiontest2000,testcase-2992,XQLIUJWBXPIGCB-UHFFFAOYSA-N,CC(=O)SCc1ccccc1,4-5,11,plain,0,7.791724723414518,0.00021169984489214679,0.0004906354900187365,0.04686850972749678,0.05887165941521133,0.07168113996488633,2.4489886980696736,0.01200314968771455,175.25658807212204,0.01319904074526323,0.5443650019847833,0.37452672229913603,0.0806176402260619,0.0003403615954937349,0.00012879413880500384,2.1479755719997772e-05
torsiontest2000,testcase-2996,JILHZKWLEAKYRC-UHFFFAOYSA-N,COCC(C)(C)C,2-5,7,plain,0,5.365838610130595,6.409585372376402e-08,0.0011291719009190535,0.00553000474054737,0.0055509218928512525,0.064139384362535,1.9016319471858907,2.0917152303882684e-05,0.0,0.00011311904338101879,3.578403489351245e-06,0.0002454554229914313,0.9986217942726001,0.00026719680878673543,9.689865208229707e-09,0.0008619654022671099
torsiontest2000,testcase-2997,DUGVUDOTENHWBU-UHFFFAOYSA-N,CCOB(C)C,2-3,6,plain,1,5.505049180967035,3.282948631604836e-05,0.0024774152013850087,0.04282548269958158,0.04422183371125663,0.104911658788935,1.9246447048192645,0.0013963510116750538,0.4993065187239836,0.005157136989869075,0.6989702879716457,0.2549138067385108,0.043638490088458444,0.0014271190832660739,0.000820886620526317,0.00022940949759261736
torsiontest2000,testcase-2998,PXZJKQBKBOBVEE-UHFFFAOYSA-N,C=C[C@@H](C)NC(C)=O,2-3,8,conjugated|stereocentre_adjacent,0,2.3915996528521646,0.21367660993542914,0.03132562602179298,0.031800064181548175,0.32824980944192034,0.12907031604548985,0.707485368265274,0.29644974526037216,112.84327323162273,0.1457601658392544,0.008217930683960487,0.19018883261055866,0.7702676106836879,0.023652700067106656,0.006250254871915473,0.001422671082770847
torsiontest2000,testcase-2999,VXHBRBKCILTWAO-UHFFFAOYSA-N,CB(C)OC(C)=O,2-4,7,conjugated,0,5.796693710639374,2.1038434035984512e-05,0.018941690694721736,0.08011559766825656,0.08051681797332003,0.2538592104105745,1.752087974612693,0.0004012203050634683,67.40638002773923,0.0019528792570528881,0.9149980446274104,0.06044477728887258,0.005615487388995371,0.017217197302335525,0.00010511767951137577,0.0016193757128748348
torsiontest2000,testcase-30,UAGJVSRUFNSIHR-UHFFFAOYSA-N,COC(=O)CCC(C)=O,4-5,9,plain,0,6.560324680816848,0.00038032457133416994,0.0275257683718247,0.054348557118375426,0.06433297393780223,0.2978509981426047,1.76596819035413,0.0099844168194268,131.8169209431345,0.008364840528769148,0.2177144830160977,0.3316130662661287,0.42314668234594915,0.02682274082530195,0.00037117248585681926,0.00033185506066593195
torsiontest2000,testcase-3000,LDLDYFCCDKENPD-UHFFFAOYSA-N,C=CC1CCCCC1,2-3,8,plain,0,2.191070062282961,0.0622933984290038,0.009172302740881377,0.005450014086607426,0.1755956500028275,0.06756781951138809,0.7032281568305755,0.1701456359162201,120.33287101248266,0.07524731764541641,0.04651738829378576,0.01404987195309159,0.9302604370122414,0.004225967315175709,0.004902237598064214,4.4097827641454667e-05
torsiontest2000,testcase-3001,ARIMVCNFDKRJRP-UHFFFAOYSA-N,CB(C)[C@H](C)N,2-3,6,stereocentre_adjacent,0,3.113974849518854,0.021043537860731727,0.00118018463760748,0.003583409427141943,0.12763193129080316,0.030425451297621496,0.8794933593190288,0.12404852186366122,132.3162274618585,0.04560667967156809,0.008117048011243374,0.4486724716153511,0.542030295735798,0.0004686899105820829,0.0003608643941106951,0.000350630332914702
torsiontest2000,testcase-3002,WVHSLPRDYYKFTO-UHFFFAOYSA-N,CC[C@H](N)B(C)C,2-4,7,stereocentre_adjacent,0,5.037334123626351,0.11330721761734193,0.013633975327699506,0.022785305221271555,0.5170253796767366,0.1806159208156519,1.5346478234417569,0.49424007445546503,132.3162274618585,0.1364741265449199,0.028837025724356813,0.14704857889839587,0.8104804200495477,0.008788419240488532,0.0047446364552677,0.00010091963194327301
torsiontest2000,testcase-3003,HWLHJDIDFDIRDN-UHFFFAOYSA-N,C#CCOCOC,3-4,7,anomeric,0,4.207699213147862,0.3021649626405986,0.016408540965874227,0.019235482507486978,0.6210603130146528,0.14592993163322573,1.1294487443254297,0.6018248305071658,148.79334257975032,0.24958480383543388,0.35449513602324023,0.41787558128458246,0.21122074172630304,0.013861148135054555,0.0018401744375129813,0.0007072183933066905
torsiontest2000,testcase-3004,XTDKZSUYCXHXJM-UHFFFAOYSA-N,CO[C@H]1CCCCO1,1-2,8,stereocentre_adjacent,0,9.581980794813717,0.8131067150537341,0.013005982900066434,0.2513937615479474,2.6537118300320457,0.4181277304576403,2.9404607242818037,2.402318068484098,119.33425797503469,0.6465695595436122,0.7974697981022759,0.06962392455211694,0.11990029444554061,0.004448703493257421,0.006450450342930591,0.0021068290638784227
torsiontest2000,testcase-3005,HZGCZRCZOMANHK-UHFFFAOYSA-N,OCc1ncccn1,4-5,8,plain,0,3.8092614682973363,8.220009619766338e-05,0.01607468903011687,0.07781235957128702,0.07859072850924337,0.17280503057402546,1.2194545818891431,0.000778368937956353,0.0,0.0020573269607858475,5.1878702190421525e-05,0.9837310541129365,0.00014237815475619774,0.01175242828844656,0.0003325875195288947,0.003989673222141415
torsiontest2000,testcase-3006,HZGCZRCZOMANHK-UHFFFAOYSA-N,OCc1ncccn1,5-6,8,plain,0,5.884304282139055,1.4021224522430313e-06,9.399239030741778e-05,0.02474761424697059,0.024887540186154272,0.03283328537270842,2.2257571792383,0.0001399259391836813,0.0,0.00024373983709017122,0.9812259121856489,0.013713237502734014,0.004966857921309544,1.045222591745886e-06,6.103556928172478e-05,3.191159843394712e-05
torsiontest2000,testcase-3007,JACZWLDAHFCGCC-UHFFFAOYSA-N,CC(=O)N1CCCC[C@H]1C(=O)O,2-4,12,stereocentre_adjacent,0,12.995659493783023,0.9646920598743478,0.005213251824259545,0.07491404504480702,3.783853232602565,0.2880183324714188,3.852449318070396,3.7089391875577578,65.40915395284327,0.7642202104080311,0.8741911560802862,0.1074662282011819,0.013129363894272552,0.004973604903827788,0.00019126626277869208,4.838065765306356e-05
torsiontest2000,testcase-3008,YXTROGRGRSPWKL-UHFFFAOYSA-N,O=C(c1ccccc1)N1CCCCC1,6-7,14,anomeric|conjugated,0,19.76221220527077,0.021651914052523407,0.09879324031461216,1.3761933339714738,1.5828514015881783,2.164279411368123,5.489687467856227,0.20665806761670447,166.26907073509017,0.16557666082599037,0.0710062000850622,0.6470386493071398,0.18316191029318585,0.05554370902916286,0.038832269240385194,0.004417262045064099
torsiontest2000,testcase-3009,BFDWJJVVEYQXTI-UHFFFAOYSA-N,C=CB1OCCO1,3-4,7,conjugated,0,4.1408877570938785,8.062788740597412e-05,0.012795009606005232,0.013398320822556176,0.018776678017559896,0.1662553882736019,1.4650719785671278,0.00537835719500372,0.9986130374479671,0.007850275066887309,0.00025068554196061625,0.9867582367539708,0.00019606809806349014,0.012702558290103243,6.805144137207259e-06,8.564617176478394e-05
torsiontest2000,testcase-3010,SHMBKHRWBYVTCK-UHFFFAOYSA-N,COB(C)c1ccccc1OC,7-8,12,plain,1,4.882698237139266,0.01410249186525279,0.019799883583040023,0.14825356453738633,0.21647420833770714,0.23856532225828844,1.3365419226982005,0.06822064380032081,2.4965325936199747,0.03557580464645351,0.8468444091822278,0.010347056923946676,0.12300865031078537,0.013796097817319348,0.0017124733082403228,0.004291312457480352
torsiontest2000,testcase-3011,FULZLIGZKMKICU-UHFFFAOYSA-N,NC(=S)Nc1ccccc1,4-5,10,anomeric|conjugated,0,1.8499296229565516,4.269764503693482e-05,0.4600634655476235,0.061899803676657934,0.062016868278323686,0.4001688701766585,0.5861525174503416,0.000117064601665752,0.0,0.0015614510868026531,0.00403487161287033,0.5351455065343506,0.0007561563051556372,0.4488240744824395,3.711431579762686e-05,0.011202276749386467
torsiontest2000,testcase-3012,FULZLIGZKMKICU-UHFFFAOYSA-N,NC(=S)Nc1ccccc1,5-6,10,anomeric|conjugated,0,10.550549994106404,0.00022471361376099624,0.02030522896543848,0.29192912388802583,0.2954506843119403,0.521664075574162,3.047990911284274,0.0035215604239144938,0.4993065187239836,0.008171056070971188,0.2655016288804925,0.6725524398606075,0.041640702293461396,0.008878147286005828,0.011351861548152287,7.522013128036545e-05
torsiontest2000,testcase-3013,KQJQICVXLJTWQD-UHFFFAOYSA-N,CNC(N)=S,2-3,5,conjugated,0,10.315219384734519,6.191256527038044e-09,0.058847390407234766,0.39784501302339137,0.3978450986448535,0.897682120903233,3.340987405577228,8.562146214252664e-08,0.0,9.559909876673115e-05,0.03872096245324126,0.8078867737725662,0.09454487336695784,0.03448125757288521,0.024144856300736147,0.0002212765336134064
torsiontest2000,testcase-3020,LBBMOAOCCQOIAQ-UHFFFAOYSA-N,COB(O)c1ccccc1,1-2,10,plain,0,9.505506788147613,7.49055041838075e-08,0.0039675060629792026,0.04583836465444581,0.0458452821878846,0.18892885371117174,2.9101745987529686,6.917533438788315e-06,0.0,0.0001626804269870259,0.09616046095225475,0.8916602198480947,0.008211813136671265,0.0039051885682449138,5.8683827920723624e-05,3.6336668135645803e-06
torsiontest2000,testcase-3021,LBBMOAOCCQOIAQ-UHFFFAOYSA-N,COB(O)c1ccccc1,2-3,10,plain,0,8.274296791118104,1.3873688155627178e-06,0.0016467300763370748,0.013478540741286122,0.013862571988917834,0.11244732357246534,2.751065359214344,0.00038403124763171197,0.0,0.00035529258105422475,0.021294878782287873,0.9764223821358522,0.0006360090055229439,0.0015324096780175032,9.788280247010712e-05,1.643759584946436e-05
torsiontest2000,testcase-3022,IGARGHRYKHJQSM-UHFFFAOYSA-N,c1ccc(C2CCCCC2)cc1,6-7,12,biaryl,0,2.7504489754210226,0.6666805928223768,0.13468232999851856,0.021185277225803052,0.6954347235779071,0.313146539302716,0.8515896788943621,0.674249446352104,172.26074895977808,0.23486734860983258,0.0002106725560975703,0.8648881794954663,0.00021881794991751005,0.09509837793376061,0.00043549683930721634,0.03914845522545074
torsiontest2000,testcase-3023,HGTBAIVLETUVCG-UHFFFAOYSA-N,CSCC(=O)O,2-4,6,plain,0,2.097211844753474,0.2904670013828478,0.07083507989810718,0.011728721458064459,0.2960609111471365,0.1465586045037213,0.5490232107770868,0.28433218968907203,5.492371705963933,0.14174260080747605,0.41282508700946896,0.39976819209218606,0.11657164100023791,0.06618991837621721,0.0022025326946973484,0.0024426288271926226
torsiontest2000,testcase-3024,HGTBAIVLETUVCG-UHFFFAOYSA-N,CSCC(=O)O,4-5,6,plain,1,3.857594281027559,0.07659220313514063,0.016316675686584507,0.033387518182690104,0.29266372113108763,0.13828954002619476,1.051117674063102,0.25927620294839754,144.2995839112344,0.16274919949627004,0.07642007491953844,0.5747171775765743,0.3325460718173028,0.01203937984067461,0.0005573426410436308,0.003719953204866265
torsiontest2000,testcase-3025,BLWYXBNNBYXPPL-UHFFFAOYSA-N,COC(=O)[C@@H]1CCCN1,2-4,9,stereocentre_adjacent,0,3.5753809196758084,0.25870062641352315,0.03453803208118845,0.0920070336617265,0.44368292732362014,0.1833476109918734,0.8582996412687879,0.35167589366189367,9.986130374479899,0.15146487436668696,0.41740003237225076,0.5122142499351998,0.03584768561136091,0.027028932751491066,0.001871760014986623,0.005637339314710759
torsiontest2000,testcase-3027,UYVXZUTYZGILQG-UHFFFAOYSA-N,COB(O)O,1-2,5,plain,0,8.589504436618881,2.678040238064069e-07,0.00020508079141329913,0.015312911560730471,0.015376851136451599,0.04167951076748077,2.7069494209882166,6.393957572112773e-05,0.0,0.0002535621712800122,0.20786839909124016,0.7919079562997153,1.8563817631394195e-05,0.000128013415038905,2.5170541325727175e-05,5.1896835048666945e-05
torsiontest2000,testcase-3028,LLADOKAMHMFJHB-UHFFFAOYSA-N,CN1CCCO[C@H](CF)C1,6-7,10,stereocentre_adjacent,0,7.5068503702641465,0.03190649137933851,0.000283003506761553,0.006593917387444514,0.36076144950791067,0.03460473119387237,2.019343759511537,0.35416753212046614,2.995839112344015,0.1162749481743744,0.37431945293737995,0.10108529632061633,0.5243122472352421,0.00019982878733622997,3.6893905894919125e-06,7.948532883583117e-05
torsiontest2000,testcase-3029,MHTUGAFHHNZMNV-UHFFFAOYSA-N,C=CB(OC)OC,2-3,7,plain,0,3.2504429249675013,1.1247508592270536e-07,0.0654569887195246,0.006239001688368944,0.006247619555798223,0.25032671269751033,0.9781450242065222,8.617867429278406e-06,0.0,0.00015797518095549641,0.169525267801755,0.742431206734816,0.022586536743904463,0.06404577360517705,0.001152135214117115,0.0002590799002304317
torsiontest2000,testcase-3030,MHTUGAFHHNZMNV-UHFFFAOYSA-N,C=CB(OC)OC,3-4,7,plain,1,8.643720074178418,4.299749061568289e-08,0.004618791034712128,0.04258644839834753,0.042589896871417364,0.18266348272442756,2.614021190825194,3.448473069836422e-06,0.0,0.0001631288249295903,0.27786368822268853,0.7056969516653693,0.011820569077230109,0.004188238422442325,0.0004201190268395733,1.043358543022917e-05
torsiontest2000,testcase-3031,FTACTAWTKDTQSA-UHFFFAOYSA-N,COC(C)(C)C(C)(C)C,2-5,9,plain,0,8.613345356745413,9.167310243372715e-06,0.05235405118724925,0.08673125474311938,0.08724753702421281,0.721451504070602,3.131395008951973,0.0005162822810934331,0.9986130374479956,0.004927857004746316,3.564159455301489e-06,2.3729070281967457e-05,0.9476186555830134,2.0318174009170657e-05,5.024334944722068e-07,0.05233323057974561
torsiontest2000,testcase-3033,IIVUJUOJERNGQX-UHFFFAOYSA-N,O=C(O)c1cncnc1,2-3,9,conjugated,0,12.141881200950593,1.6306133569873512e-09,0.0013048186673351799,0.04258282043983839,0.04258309558882364,0.14340366541885632,3.7911324631119414,2.751489852487188e-07,0.0,3.250784655582826e-05,0.3230302675849416,0.6731626413222473,0.0025022724254757977,0.001065229796074882,0.0001848410791453354,5.4747792114962445e-05
torsiontest2000,testcase-3034,VZSPKIQKRMTWRO-UHFFFAOYSA-N,COc1ncc(C(=O)O)cn1,2-4,11,anomeric|conjugated,0,7.224485511425883,8.88207184202718e-07,0.008918023003875257,0.004210982296211647,0.004843426879701457,0.23981998269771632,2.5391274271384994,0.0006324445834898105,0.4993065187239836,0.0005445447000880171,0.0007642737780376298,0.9898430388827765,0.00047466433531058596,0.008864432249790253,5.566871264953258e-06,4.8023882820050005e-05
torsiontest2000,testcase-3037,NXQZLHDDHBZWLS-UHFFFAOYSA-N,COCCB(C)C,2-3,7,plain,0,3.0373921004938893,6.5427713023124846e-06,0.011526359827536142,0.05502707071030293,0.05509520151393954,0.12745765664772585,1.0722617863617065,6.813080363660823e-05,114.84049930651872,0.0015691845467021698,0.007498882611716733,0.0013733832998214016,0.9796013742609258,0.004380515147668971,0.0003061964243960666,0.006839648255471105
torsiontest2000,testcase-3039,FKDJCUPWAYJMOB-UHFFFAOYSA-N,CC(=O)N1CCC(CF)CC1,6-7,11,plain,0,5.0684403770719655,0.0510601444322985,0.0006753280071122835,0.007345934411984105,0.34766801286517807,0.04064393937633287,1.5382675568424078,0.34032207845319395,3.994452149791954,0.09343277382104816,0.07685528228088458,0.019357458322263987,0.9031119313897392,0.000504569384096385,0.00013224879653290537,3.8509826482993175e-05
torsiontest2000,testcase-3041,CDAWCLOXVUBKRW-UHFFFAOYSA-N,Nc1ccccc1O,3-4,8,anomeric|conjugated,0,4.074241648515454,1.9888056426929217e-05,0.19099921551659735,0.1946295518219323,0.19471672468262127,0.6031877599416381,1.3207779827613253,8.717286068896102e-05,56.421636615811366,0.0016893692198887776,0.011995740122300652,0.7442097785003667,0.05279526586073536,0.15934581244902446,0.021988934618374582,0.009664468449198285
torsiontest2000,testcase-3042,QUIIUKFPLUUSGQ-UHFFFAOYSA-N,Nc1cccc(Cl)c1O,5-6,9,conjugated,0,7.826029521995224,0.1348040397847928,0.030257073676486664,0.33095968809722226,0.8617892803052326,0.5016430669425396,2.192332804559187,0.5308295922080104,2.4965325936199747,0.06460314811284062,0.6095097078884963,0.341576557771134,0.01865666066388324,0.01643475560773757,0.007759767283996765,0.006062550784752329
torsiontest2000,testcase-3043,QWRCZFLFRXTREL-UHFFFAOYSA-N,c1cnc2cc(B3OCCO3)cnc2c1,3-4,15,biaryl,0,4.7592142333160155,8.713044317312658e-06,0.006756923227350579,0.013924573375746128,0.014796433230422717,0.14004561534885174,1.6953223208814918,0.000871859854676589,0.0,0.0029051329581855864,4.908609843791183e-05,0.9931882449213644,5.7457528472347525e-06,0.006748923471258888,5.3069843528831404e-06,2.6927717388085913e-06
torsiontest2000,testcase-3045,BZBAYMUKLAYQEO-UHFFFAOYSA-N,Bc1ccccc1,1-2,7,biaryl,0,8.50234597659437,6.439925223537701e-10,6.760244271161412e-05,0.0003124051700913961,0.00032158287377359823,0.02471626989629867,3.0058480130340275,9.177703682202159e-06,0.0,2.394413258094741e-05,3.959973930948854e-11,0.9999323973934843,1.2420436673496248e-10,6.757453348764126e-05,3.065326454583349e-10,2.7602691327417826e-08
torsiontest2000,testcase-3046,UPVHCQNTBYLELB-UHFFFAOYSA-N,c1csc(B2OCCO2)c1,4-5,10,plain,0,5.5763425305485725,3.0133586209997577e-07,0.008753007756989653,0.025121772406550377,0.02514531723885271,0.18710833555391698,1.9819799030107363,2.3544832302331564e-05,0.4993065187239836,0.00026792532452634885,3.8740294800521365e-06,0.9912390878373079,4.030376222243462e-06,0.008746999751022493,8.692379789987885e-08,5.921082169261707e-06
torsiontest2000,testcase-3049,RMSKSWDGQSSRAT-UHFFFAOYSA-O,COB(C)c1cccnc1NC(C)=O,4-5,14,anomeric|biaryl,0,12.421311538608279,0.0006596276735755896,0.030328421085646685,0.18996807267724697,0.21984459556996058,0.7739725195288683,4.312510464876203,0.029876522892713614,2.4965325936200315,0.03176187556250974,0.7173098150649363,0.2513242899771855,0.0010374738722316583,0.02754792925219782,0.0004078560655433029,0.002372635767905564
torsiontest2000,testcase-3055,AKDXGMLXZNIGBD-UHFFFAOYSA-N,CN(C)C(=O)CC(=O)O,4-5,9,anomeric|conjugated,0,7.485125896171667,1.0733208606996387e-06,0.0010011872936294363,0.027942993135486125,0.028110970778714744,0.09779484865448772,2.961990135525666,0.00016797764322861938,0.4993065187239836,0.0019934659342399873,0.9374336851683975,0.05100702655139125,0.010558100986581703,0.0009248894388377864,3.6603299101132766e-05,3.9694555690516954e-05
torsiontest2000,testcase-3056,YRLVFWDTEUVAHM-UHFFFAOYSA-N,COC(C)(C)C(C)(C)O,2-5,9,plain,0,10.531171278853435,0.12506951935635266,0.07214276154375969,0.4138324817788406,1.155301471899536,0.9178065302641981,3.077953289504199,0.7414689901206954,6.4909847434119285,0.49209246216863894,0.11033122384875418,0.03185568762474314,0.7856703269827429,0.010269557232423322,0.013973076392602772,0.04790012791873358
torsiontest2000,testcase-3057,CFPDGTXRSNDQCJ-UHFFFAOYSA-N,COB(O)c1cncnc1,1-2,10,plain,0,10.544703589461278,0.0004883132807973911,0.005592632589421706,0.10378304282758898,0.12378483626212036,0.25080281658187414,3.054858501321483,0.020001793434531387,0.4993065187239836,0.008475686430517852,0.13780805631462345,0.8501304024926861,0.0064689086032686475,0.005159018922780442,0.00020326832292246843,0.00023034534371879585
torsiontest2000,testcase-3058,CFPDGTXRSNDQCJ-UHFFFAOYSA-N,COB(O)c1cncnc1,2-3,10,plain,0,7.761267594236415,9.642295748568939e-06,0.0015340731745749961,0.011319229198614472,0.014015846728501693,0.10486945113251055,2.6618609600495375,0.002696617529887221,0.0,0.0016775956605272289,0.0037393669398119852,0.9940889517506636,0.0006376081349492821,0.0014494247316465404,7.777927426112775e-05,6.869168667327755e-06
torsiontest2000,testcase-3061,UMJSCPRVCHMLSP-UHFFFAOYSA-N,COc1cccnc1,2-3,8,biaryl,0,2.7783251147775445,2.366377808151341e-09,0.049016654028764074,0.021392672259742434,0.021392729985146276,0.22719274233800915,1.021843049865968,5.772540384238467e-08,0.0,1.3732402356350086e-05,0.0014439051631819847,0.949538790683558,6.501244961800619e-07,0.047764519889767806,0.00024103405959777634,0.0010111000793984893
torsiontest2000,testcase-3062,VNZWRGBPVXFKEE-UHFFFAOYSA-N,COB(O)c1ccc(OC)cn1,5-6,12,plain,0,8.80511384998681,3.461019980897627e-08,0.0011263883186757278,0.006361740930180114,0.006384814396068193,0.09804172678970548,2.915088731618591,2.3073465888079174e-05,0.0,0.000343138796647433,0.637221773784054,0.34018067629121884,0.021471161606051344,0.0009767082694061755,0.00011533783577238256,3.434221349716969e-05
torsiontest2000,testcase-3065,QHUHPERZCBUMRK-UHFFFAOYSA-N,COc1cccnc1OC,8-9,10,plain,1,7.880693759943824,7.370568383234771e-09,0.0004181526133016969,0.04032356113046165,0.040324080975441656,0.06328083927636566,2.385304558267304,5.198449800070115e-07,0.4993065187239836,4.4177314298051825e-05,0.8502144677122467,0.09643478219613555,0.05293259747831605,3.0913339154400277e-10,0.00013120920609417013,0.00028694309807413525
torsiontest2000,testcase-3066,RZFVSZHWPSOPBQ-UHFFFAOYSA-N,CB(C)CC1CCCC1,4-5,9,plain,0,4.084630801924504,0.3054830165120944,0.029432531711478936,0.06729533983203002,0.7093065185661471,0.22927348988075402,1.279318049472165,0.6420111787341171,111.84466019417476,0.28779333809704255,0.38445296313366345,0.0013708464812574527,0.5847436586736001,0.019819392842785274,0.0016124268327206922,0.008000712035972971
torsiontest2000,testcase-3068,IVHJSNNMKJWPFW-UHFFFAOYSA-N,COc1ccc2cccnc2c1,2-3,12,biaryl,0,4.488327628467232,1.304035689055589e-08,0.02014902384644283,0.019268376760628547,0.01926903160021534,0.19840317278132497,1.391251341576303,6.548395867951584e-07,0.4993065187239836,4.613078243124298e-05,0.2214087610394759,0.7358963811082021,0.022545834005879232,0.019001603017059738,0.0007562389928460325,0.00039118183653706097
torsiontest2000,testcase-3069,DSGGLBBGSXLSND-UHFFFAOYSA-N,c1ccc2ncc(B3OCCO3)cc2c1,6-7,15,plain,0,5.155864910804667,1.190362973895688e-06,0.006865158462577226,0.017313526776781833,0.017429428935188254,0.15337336763076143,1.8393273409516742,0.00011590215840642099,0.0,0.0005110629209455477,7.498430753573388e-06,0.9931125261332692,1.4816973399971165e-05,0.0068601356089960895,9.118688441244882e-07,4.110984737012725e-06
torsiontest2000,testcase-3071,BGDOVVTUNRVOKS-UHFFFAOYSA-N,C[Si](C)(C)CN1CCCCC1,4-5,11,plain,0,5.402226854115725,0.5199168928259126,0.019021538440373943,0.11135895226220376,1.285052560563846,0.26900439864001524,1.7789749180841956,1.1736936083016423,108.8488210818308,0.38411702797663083,0.5716854368896074,0.059059382942361974,0.3502336417276567,0.0055279467094011304,0.00729383619263977,0.0061997555383330434
torsiontest2000,testcase-3073,NQXHGOCDCVWRCI-UHFFFAOYSA-N,C[Si](C)(C)CNCC(N)=O,2-3,10,plain,0,4.64126562041929,0.09365839163054655,0.06051611564979924,0.09607269797711168,0.4032417112934253,0.32913578626690115,1.283284584864207,0.30716901331631363,5.9916782246879166,0.1092703231681812,0.353858651481789,0.052301096943523105,0.5333241359248887,0.047351054745625176,0.010941473076910494,0.002223587827263568
torsiontest2000,testcase-3074,VLSFITLAADJYOS-UHFFFAOYSA-N,CNC[Si](C)(C)C,2-3,7,plain,0,5.8595988671295345,0.06122385667431543,0.006872472154059607,0.06722817140016171,0.37071248643169336,0.13942306769686696,1.4749159380453958,0.3034843150315316,0.49930651872409726,0.11983749314553364,0.6198103878017004,0.026463891419964924,0.3468532486242751,0.0002895295782849909,0.005610461834848375,0.0009724807409262414
torsiontest2000,testcase-3075,VLSFITLAADJYOS-UHFFFAOYSA-N,CNC[Si](C)(C)C,3-4,7,plain,0,2.1113059975905344,0.09055741825312295,0.0005818860945705341,0.004759028940365508,0.22274401932632115,0.01847451610661017,0.7400376199325898,0.21798499038595565,113.84188626907076,0.09126321906190926,2.1677881215611582e-05,5.2809133146121646e-05,0.9993436268910675,0.00013042959755172454,2.095404681483356e-05,0.00043050245020397597
torsiontest2000,testcase-3079,IZYOHLOUZVEIOS-UHFFFAOYSA-N,COC(=O)C1(C(=O)O)CC1,2-4,10,anomeric|conjugated,0,9.02448760799598,7.3732221588280595e-06,0.013447538880661329,0.0766168022338662,0.07697202663664911,0.3246166325968685,2.721289522359472,0.00035522440278290546,0.0,0.00469718471034284,0.18268402765549438,0.8036711874073613,0.00019724605648293952,0.00966810534551104,0.0022562449560213265,0.001523188579128963
torsiontest2000,testcase-3080,IZYOHLOUZVEIOS-UHFFFAOYSA-N,COC(=O)C1(C(=O)O)CC1,4-5,10,anomeric|conjugated,0,15.667457434523385,7.104430601433777e-06,0.002739886244664153,0.24454261319008339,0.2448863829013095,0.3531127521972345,4.872611942420043,0.0003437697112261273,0.4993065187239836,0.001625248060615343,0.9277778669699026,0.0569557294830874,0.012526517302345875,0.0020204194133159855,2.4450119863208946e-05,0.0006950167114849589
torsiontest2000,testcase-3083,FJEVKYZLIRAAKE-UHFFFAOYSA-N,CN(C)C(=O)c1cccnc1,6-8,11,anomeric,0,17.704793313634582,0.10876926784380735,0.11871859575716767,1.0801557337954417,1.925635134645507,1.9850760821294418,4.952899383401993,0.8454794008500652,141.30374479889042,0.25061886907295294,0.09149245587806094,0.6973628777297812,0.09242607063499024,0.08182970702982736,0.01775232566825327,0.019136563059087022
torsiontest2000,testcase-3087,ODVZOLHCWVKMBM-UHFFFAOYSA-N,C#CCCNC(C)=O,3-4,8,plain,0,6.0686329399759416,0.30314155866994763,0.0024150569947907637,0.022513972312714313,0.8771566936270326,0.08144013353536876,1.5927767554458532,0.8546427213143183,120.33287101248266,0.34735879914559914,0.2943912478494736,0.009658099145101656,0.6935355960106337,0.0017036562168189823,0.0006149270233684548,9.647375460332656e-05
torsiontest2000,testcase-3088,AOFBIAOWWQKRIP-UHFFFAOYSA-N,CNC(=O)c1nccs1,1-2,9,anomeric|conjugated,0,16.51832187571563,3.7195954931739977e-07,0.05490708523194503,0.3218928148553117,0.3219062582530625,1.1752466468705962,4.834450401650175,1.344339775083414e-05,0.0,0.0013194430920303684,0.1588432947336808,0.7858581665513394,0.0003914534830347321,0.04775557268824757,4.204744700298212e-05,0.007109465096694473
torsiontest2000,testcase-3089,YZMIRCBSCFJIFB-UHFFFAOYSA-N,COC1CCN(C)CC1,1-2,9,plain,0,4.464950270979898,0.4202932756018929,0.005301641094371968,0.025770898299219126,0.9537092811300881,0.11013212167478233,1.470780205555079,0.927938382830869,108.34951456310682,0.32101674154285187,0.4880775377398147,0.07419155418484556,0.43242926698096773,0.0013216852414958192,0.0019804772585427593,0.0019994785943333896
torsiontest2000,testcase-3092,QCYOIFVBYZNUNW-UHFFFAOYSA-N,C[C@@H](C(=O)O)N(C)C,2-3,8,anomeric|conjugated|stereocentre_adjacent,0,10.882124100142391,0.09244375809191249,0.06868013250065015,0.5972391030150895,1.321503635316526,1.1786176419309329,3.9229292785870267,0.7242645323014364,56.92094313453538,0.13481512275313032,0.787156027937957,0.13788716884069346,0.006276670720699453,0.02802460089547782,0.02900976992136019,0.011645761683812136
torsiontest2000,testcase-3093,QCYOIFVBYZNUNW-UHFFFAOYSA-N,C[C@@H](C(=O)O)N(C)C,2-6,8,gauche_effect|stereocentre_adjacent,0,13.829664180142572,0.35016266066774754,0.154792583578123,1.1578491594706308,2.643274583970941,1.9587254447014544,4.179158909744652,1.48542542450031,14.979195561719848,0.6407874955925593,0.6477398916645136,0.15595304162676632,0.041514483130596816,0.06525184597274725,0.05250611913264033,0.03703461847273544
torsiontest2000,testcase-3094,QCYOIFVBYZNUNW-UHFFFAOYSA-N,C[C@@H](C(=O)O)N(C)C,3-5,8,stereocentre_adjacent,0,15.152630023250822,0.02419139789650622,0.0003379302113850017,0.03338011946573308,0.7303574721077912,0.09246645797005204,4.690960041247683,0.6969773526420582,3.4951456310679987,0.12474759184285,0.07222279436257603,0.9269550345310916,0.00048424089494734343,0.0002923439569118769,1.5043494675290305e-05,3.054275979783445e-05
torsiontest2000,testcase-3097,KXFSUVJPEQYUGN-UHFFFAOYSA-N,C[Si](C)(C)c1ccccc1,2-5,10,plain,0,0.1651895940885879,1.18261656426944e-05,0.9980104405295055,0.004535598322484076,0.004540021146405145,0.058377907352174796,0.05843571623037132,4.422823921068977e-06,119.83356449375867,8.42566250464098e-05,1.1934174945222921e-05,3.031081365695021e-05,0.0019473144818923321,0.00018693759578163144,1.8236965331903766e-06,0.9978216792371907
torsiontest2000,testcase-3098,DLQLRUAPJXGTGZ-UHFFFAOYSA-N,C[Si](C)(C)CN1CCCC1,5-6,10,plain,0,5.1929141081054695,0.4900256751686535,0.02154252130537362,0.06375667942807534,1.2258235886067987,0.2644723053841382,1.7499220222605598,1.1620669091787235,3.9944521497919823,0.37433430049234484,0.6128391589649075,0.005245355841529674,0.3603729638881891,0.000652699342226344,0.013986453956823137,0.00690336800632414
torsiontest2000,testcase-3099,BSBUEEKMWBJQHD-UHFFFAOYSA-N,C[C@H]1C(=O)NCCN1C[Si](C)(C)C,8-9,13,plain,0,7.168754619488027,0.2794382904188879,0.06412727467928996,0.1466402536994798,1.0214674465935074,0.5059781898610283,1.917930694193659,0.8748271928940277,37.947295423023604,0.3706017298003423,0.4749235566692375,0.24434425952673267,0.2166049091247399,0.045980355837741314,0.016744486789349474,0.001402432052199169
torsiontest2000,testcase-3100,FBBOZZDAOUODMG-UHFFFAOYSA-N,CN(CC(N)=O)C[Si](C)(C)C,2-7,11,plain,0,5.5365913902642205,0.4940947055691505,0.017717320478851745,0.11785445075957197,1.2091839683923753,0.25655547383645977,1.7160942537055897,1.0913295176328033,105.85298196948685,0.35754193699979303,0.4944714972211065,0.05945202814301239,0.4283591541570293,0.0108054975579766,0.002806458688156523,0.0041053642327186215
torsiontest2000,testcase-3101,WXGJZYMIRJJFHY-UHFFFAOYSA-N,COc1ccc([Si](C)(C)C)c(F)n1,5-6,13,plain,0,1.564714373438619,7.152788608036544e-07,0.03891243896679457,0.0042820642620962105,0.004308771900994349,0.11180498201131894,0.5663833937262645,2.6707638898138333e-05,0.0,0.00022016413723464166,5.550675023234588e-05,0.0006192494265616247,0.9604128048564117,0.0008164835522354175,8.909251014000739e-05,0.038006862904419146
torsiontest2000,testcase-3111,JKKHZEVHQJZTNQ-UHFFFAOYSA-N,CC(=O)C(=O)N(C)C,3-5,8,anomeric,0,15.39953896359657,0.0033587053226007036,0.05045273401496977,0.3989672348332323,0.4857020123645333,1.1453372228178906,4.796330487461305,0.08673477753130099,0.9986130374479671,0.10570716337777897,0.01936592090434145,0.9026752685492109,0.02750607653147797,0.04053082530033212,0.0024616362475529934,0.0074602724670846604
torsiontest2000,testcase-3114,XBLAATMAIALNLO-UHFFFAOYSA-N,CN(C)C(=O)Cc1nncs1,4-5,11,plain,0,4.860362765612081,0.8987236170120997,0.006272766461977714,0.0334369337730387,1.2858201206256552,0.11247176452541804,1.3562893531502804,1.2523831868526165,8.987517337031875,0.45337331969632416,0.8667801014581,0.05694690584985544,0.07000022623006698,0.0036357154191381576,0.0019347586833001326,0.0007022923595394244
torsiontest2000,testcase-3116,XGABIOSYJHFORX-UHFFFAOYSA-N,CN(C)C(=O)C1CCNCC1,3-5,11,plain,0,7.7818240348715335,0.5909294947802476,0.018519054611666596,0.09261046281316881,2.0864403769678175,0.3804383468309311,2.713084202909199,1.9938299141546487,98.86269070735091,0.5592964466841845,0.6046960070513445,0.2098812529256471,0.1669036854113417,0.0127204584718977,0.005739369878595699,5.9226261173196404e-05
torsiontest2000,testcase-3118,IIADOUMJKYSCPM-UHFFFAOYSA-N,CCC(C)(F)F,2-5,6,plain,0,4.012314138439251,2.3554987332348568e-08,0.0012190403569228253,0.010051174669969642,0.010053329701402226,0.04840739240034116,1.3562637124968202,2.1550314325841785e-06,0.0,7.021292292103408e-05,0.00036454308361038326,0.001149784670856462,0.9972666318886104,3.171060129452943e-05,0.0004371609898935899,0.0007501687657347061
torsiontest2000,testcase-3131,WMPWUXKYSICQGG-UHFFFAOYSA-N,COC(=O)c1cncnc1C,4-5,11,anomeric|conjugated,0,3.832328081363812,0.0001262127772292582,0.040061054841814436,0.013250311547437131,0.019143550189514472,0.2465166662743636,1.229934263234816,0.005893238642077341,0.4993065187239836,0.004499075194002618,0.04997879406282276,0.9005995502829022,0.009360600812460549,0.039823453198801186,0.0002124278856980192,2.517375731523074e-05
torsiontest2000,testcase-3132,XMVNUAHPLDBEJH-UHFFFAOYSA-N,COC(=O)c1cncnc1,5-7,10,anomeric,0,14.169468164793216,1.3363111458756128e-06,0.006981521752670355,0.47813302702261357,0.47815786740229793,0.5938996295015307,4.243221732463994,2.4840379684365477e-05,0.0,0.0012513255510288746,0.6925677406747164,0.2719843537655697,0.028466383807043617,0.0030355529796224144,0.0017646543185846127,0.0021813144544633283
torsiontest2000,testcase-3136,UZKVPOLLDWFETG-UHFFFAOYSA-N,C[C@H]1CN(C)C[C@H]1CO,3-4,9,stereocentre_adjacent,0,11.448678349377587,0.39711315109581646,0.04117207728976838,0.6820304324957108,1.9746431795934196,0.9062019905322025,3.0187236903064325,1.2926127470977087,137.30929264909844,0.547684190689851,0.07664322001216989,0.3328672615761741,0.5493174411218875,0.012517361871578337,0.022339502305324725,0.006315213112865308
torsiontest2000,testcase-3137,RSKNMFIKJMDLHO-UHFFFAOYSA-N,CNC(=O)[C@H]1CCCN(C)C1,2-4,11,stereocentre_adjacent,0,7.420268357673194,0.2768878869302016,0.010876735116563138,0.026474120922085394,1.1649555969250025,0.23234412058032547,2.213484142293319,1.1384814760029172,22.968099861303727,0.44029989106964534,0.8411569389304144,0.06091257103643173,0.08705375491659062,0.006449897068672786,0.0020385681693810146,0.002388269878509339
torsiontest2000,testcase-3145,QLVCQZFJEVHJAP-UHFFFAOYSA-N,COC(=O)N1C[Si](C)(C)C[C@H]1C,7-8,12,anomeric|conjugated,0,16.93912159005413,0.07237814065429493,0.08375604857325732,0.8895103160714237,1.7430040245338265,1.8415395108120194,5.642183092769347,0.8534937084624028,26.463245492371698,0.26829941804459917,0.01567435465729569,0.8945260662023858,0.006043530567061122,0.061183907313550764,0.0005003294811692491,0.022071811778537308
torsiontest2000,testcase-3146,OQUVLZWQKINQRW-UHFFFAOYSA-N,CN(C[Si](C)(C)C)C1CC1,5-6,10,plain,0,5.12176277540857,0.46783773643456394,0.032861206714170685,0.13303046128069404,1.0357094777926867,0.3029864441928932,1.5075631668863307,0.9026790165119927,28.460471567267746,0.34043656596784344,0.38451062499582317,0.07412367513197934,0.5085044931580268,0.0006429268983060298,0.004116094563713295,0.028102185252151357
torsiontest2000,testcase-3148,WXWBXVHUEORPHA-UHFFFAOYSA-N,CN(C)C(=O)c1ccc2scnc2c1,2-3,14,anomeric|conjugated,0,14.823434114689007,0.027230192157076075,0.06705022107289878,0.7268128998736462,0.9874588157156551,1.2761186025905837,4.115481102495136,0.2606459158420089,169.76421636615817,0.16436509653858394,0.08982734958839025,0.6846167545602905,0.15850567477842065,0.040024978038931756,0.01990617129541014,0.00711907173855688
torsiontest2000,testcase-3154,DNSISZSEWVHGLH-UHFFFAOYSA-N,CCCC(N)=O,2-3,6,plain,0,4.7162702422065195,0.002490313447535378,0.005860684539871383,0.058715985423595976,0.08804492085973019,0.11652190989591588,1.3160076199746638,0.029328935436134212,135.3120665742025,0.029760571832098997,0.14296660280225706,0.1441736718830285,0.7069990407748431,0.000535237126084113,0.0033156706457719556,0.002009776768015314
torsiontest2000,testcase-3160,WQDRQNJSVDKPFS-UHFFFAOYSA-O,CCn1cc[nH]c(=O)c1=O,2-3,10,conjugated,0,6.557756978087127,6.319890861117067e-08,0.004060314458090865,0.031188994544438898,0.03119325215097826,0.13430025386220068,2.0502586730975993,4.25760653936097e-06,172.26074895977808,0.00016475685992133456,0.3314593504448147,0.6219728171868399,0.04250751791025449,0.001966190295839436,0.0010913944790592268,0.001002729683192203
torsiontest2000,testcase-3161,YQALCVILRBWLNX-UHFFFAOYSA-N,COC(=O)[C@@H](C)N(C)C,2-3,9,anomeric|conjugated|stereocentre_adjacent,0,13.665083586820401,0.0039360899902585855,0.0011373091396005251,0.1417878955740476,0.2905829662378941,0.19670503628329278,4.045353502654584,0.14879507066384648,0.4993065187239836,0.03272718130583138,0.4318631269034372,0.5646529296154049,0.00234663434155719,0.00026516665122901044,0.0006630765503532228,0.00020906593801829187
torsiontest2000,testcase-3166,XASGVUKKCGCSAE-UHFFFAOYSA-N,C=CC(C)(C)C(=O)NC,3-6,9,plain,0,3.5820943875296507,0.4463704884427553,0.011539128637426909,0.016980960151700416,0.7284258993393061,0.11831110956409698,1.0901150455915745,0.7114449391876058,24.965325936199747,0.31601746456002167,0.8632449980729671,0.030102564212463864,0.09511330907714242,0.009261680695931425,0.000998228519611314,0.001279219421884171
torsiontest2000,testcase-3167,MLEWKBHPJRSSNQ-UHFFFAOYSA-N,C#CCNc1cnccn1,3-4,10,anomeric|conjugated,0,8.712612860486843,0.00010623162913554453,0.02884112909088127,0.17574764221267508,0.17743315769135248,0.4387530415223063,2.3737305188851683,0.0016855154786774018,5.492371705963933,0.007768251993616977,0.49062451979965394,0.2920269578381462,0.18850739327131846,0.02168928634607276,0.005287694547042458,0.0018641481977660548
torsiontest2000,testcase-3168,NIPZZXUFJPQHNH-UHFFFAOYSA-N,O=C(O)c1cnccn1,5-6,9,anomeric|conjugated,0,11.170993053063285,2.5944888750176027e-09,0.0029973673194218014,0.03291944895271653,0.032920013679546146,0.2098535384608754,3.785756565880695,5.647268296188335e-07,0.0,6.522153324373201e-05,0.763344435855879,0.21437934166162162,0.019278855163077663,0.0024853904213301046,0.00038944118237275007,0.00012253571571894698
torsiontest2000,testcase-3169,NIPZZXUFJPQHNH-UHFFFAOYSA-N,O=C(O)c1cnccn1,6-8,9,conjugated,0,13.744004064879846,3.359236536289957e-08,7.606404867548755e-05,0.001547599074552379,0.001753968153891765,0.039308714229948055,4.503625318143236,0.00020636907933938606,0.0,0.0001232841816581709,0.03130842694818046,0.9682300376846966,0.00038547131844737846,5.215659789045703e-05,2.3130407372928685e-05,7.770434121018319e-07
torsiontest2000,testcase-3173,FIDFHBOCCDGBLC-UHFFFAOYSA-N,CN1C(=O)C(=O)N(C2CCCC2)C1=O,6-7,14,plain,0,3.9233836700441316,0.7730200684945853,0.04408914987353007,0.1311657779923553,1.1811017644620219,0.3094953298309271,1.341477051727943,1.0499359864696665,161.27600554785022,0.43585279780522884,0.01358862661114746,0.9402285445405422,0.0020936789747805365,0.030287586139676963,0.012002737196093459,0.0017988265377596542
torsiontest2000,testcase-3174,SHYVRNXVRYLATG-UHFFFAOYSA-N,C[N+](C)(C)C[Si](C)(C)C,2-4,9,plain,0,4.171972905809525,5.2887559580021545e-05,0.0661042241766472,0.08956789282258347,0.09025803814098085,0.40390916340771127,1.5344785142462096,0.000690145318397381,2.4965325936199747,0.005614133610071758,5.216974629754669e-05,5.321163238481226e-05,0.9337903944446707,0.00014728620621443978,6.538463267399042e-05,0.06589155333775878
torsiontest2000,testcase-3175,SHYVRNXVRYLATG-UHFFFAOYSA-N,C[N+](C)(C)C[Si](C)(C)C,4-5,9,plain,0,2.178657734359149,0.00016863848737408476,0.10960806639894624,0.07168658508657749,0.07236284069314022,0.2616373462359945,0.7634068199392693,0.0006762556065627312,151.7891816920943,0.004456208192033891,3.371467534188032e-05,0.001587231328517781,0.8887709875971942,0.0009460360442755336,0.00014058460755679033,0.10852144574711392
torsiontest2000,testcase-3177,DQWVUKFABWSFJD-UHFFFAOYSA-N,CC1(O)CCC1,2-3,6,plain,0,1.554234955314314,0.44664350215213267,0.016797233334041314,0.05724752218257132,0.31876074939208177,0.08351811743054986,0.4726878986049769,0.2615132272095104,127.82246879334258,0.12934770814251725,0.0067708221006138394,0.3224849036068029,0.6539470409585421,0.009189417227595625,0.003983867744043224,0.0036239483624024658
torsiontest2000,testcase-3178,DSZACMSTKNWDET-UHFFFAOYSA-N,CC(=O)CC1CCC1,2-4,8,plain,0,1.7639959940570407,0.2254144141823874,0.05716705988133141,0.025252320235428026,0.21486534668637672,0.11038278156355173,0.45013199410636595,0.18961302645094869,6.9902912621359405,0.08815468554361403,0.41752962785031544,0.21191817458497722,0.31338513768337595,0.013813406848466428,0.032346041803502985,0.011007611229361993
torsiontest2000,testcase-3180,HXVMPFXVHMWHJM-UHFFFAOYSA-N,CN1CC[C@H](C(=O)N(C)C)C1,3-5,11,stereocentre_adjacent,0,7.57083797105588,0.47729939264475085,0.02512165039537778,0.2517095027099751,1.7439378020704237,0.46914421136224244,2.510486054257037,1.4922282993604485,98.36338418862692,0.4545940733032803,0.6769994050071471,0.0410576181985765,0.2568213263988986,0.019464592428789094,0.0013535369777835484,0.00430352098880514
torsiontest2000,testcase-3181,GAAVANFDECCTQO-UHFFFAOYSA-N,CNC(=O)[C@@H]1[C@@H](C)CO[C@@H]1C,5-6,11,anomeric|conjugated|stereocentre_adjacent,0,5.528970766288694,0.20757504342376965,0.010748481702386499,0.053703716019656574,0.7005353277202871,0.16776881305939767,1.5340119957840541,0.6468316117006305,8.48821081830792,0.2942789210531183,0.2046535123820978,0.7831347156607289,0.001463290254786864,0.0057356054947051895,0.002902577475426542,0.002110298732254765
torsiontest2000,testcase-3183,MKSYCGMWKMMQPN-UHFFFAOYSA-N,FC(F)(F)c1c(Cl)cccc1Cl,6-7,12,anomeric,0,0.7972727238666266,1.2434055266669683e-06,0.9953607481370483,0.023353555040857336,0.02335565909318988,0.2814581532137417,0.28210878859547833,2.1040523325438487e-06,0.0,0.00012562702221687432,2.0380467020745067e-06,0.0006148900553253192,0.004022323760924227,4.736541083761001e-07,1.6580564101796165e-05,0.9953436939188381
torsiontest2000,testcase-3194,AIUUAKHKOQFCKF-UHFFFAOYSA-N,CC[C@@H]1CCOC1,2-3,7,stereocentre_adjacent,0,4.959731842187466,0.11645763280340536,0.01051157303357782,0.019507738275696518,0.501614278692104,0.15184661940979785,1.4689114959920733,0.48210654041640744,0.9986130374479671,0.19752097871817123,0.19353953695264406,0.006622845455628951,0.7893260445581491,0.002235811441144346,0.0065203364061345356,0.001755425186298938
torsiontest2000,testcase-325,WUAHBBHXEMXBET-UHFFFAOYSA-N,CCC(C)(C)C(=O)NC,2-3,9,plain,0,5.783526352257468,0.04197327602576109,0.006112274173768477,0.04200420569144418,0.36133142410896896,0.14324823645907234,1.7522235662387895,0.31932721841752476,1.9972260748959911,0.14499954157300135,0.03635629574729134,0.017817255072564476,0.9397141750063758,8.843171147450332e-05,0.00035500286186001303,0.005668839600433961
torsiontest2000,testcase-326,UOROTVHBSPLIKV-UHFFFAOYSA-N,CNc1ccc(OC)cn1,5-6,10,plain,1,1.7581035988987423,0.0013130978659972288,0.16841387124814264,0.01924631851431952,0.02837189598400059,0.23686224415872084,0.5755873660264424,0.009125577469681071,0.0,0.006880411505465667,0.014654672629192674,0.8092427963495028,0.007688659773161745,0.16559016819034061,0.0009091377123517491,0.0019145653454502843
torsiontest2000,testcase-329,PGTYNKFWSGJDGL-UHFFFAOYSA-N,CCCN(C)C(C)=O,2-3,8,plain,0,4.083050447603455,0.01681167500482235,0.009810549330849537,0.01818772121422885,0.15650066062205223,0.12012699440449165,1.1989695254950234,0.13831293940782338,120.83217753120664,0.08977847665517517,0.044177982844239023,0.004465988986820309,0.9415454788380914,0.008302657065112766,0.0014574702919442877,5.042197379248229e-05
torsiontest2000,testcase-334,NRHFUNDSIRFZNQ-UHFFFAOYSA-N,CN[C@@H](C)P(=O)(O)O,2-4,8,stereocentre_adjacent,0,9.303971726505551,0.36262675772058867,0.05252276244785659,0.5804949213465802,1.901830783288584,0.9011360326487556,3.0630124326506407,1.3213358619420037,119.83356449375867,0.21992221527895753,0.1519962329722736,0.398373177584022,0.39710782699584773,0.013551828628597985,0.009061433604105723,0.029909500215152887
torsiontest2000,testcase-338,WPRKVIPHGOHZAL-UHFFFAOYSA-N,CNC(=O)C(N)=O,2-4,7,conjugated,1,16.117535871919245,1.158940764395994e-06,0.01624397193390976,0.3697482600119247,0.36978188003761203,0.6965633320095876,4.646499117390872,3.362002568735312e-05,0.0,0.0021139470792704276,0.8961392255601034,0.07314757857328927,0.014469223932697867,0.010651263510159159,0.0036329596857902972,0.0019597487379603056
torsiontest2000,testcase-348,YKDZEZDQPMEHGB-UHFFFAOYSA-N,CC(=O)NC[C@@H](C)O,2-4,8,stereocentre_adjacent,0,6.3702319710864685,0.4267219951043523,0.060202116953204154,0.4542959438423459,1.2793478670921143,0.6388887791359242,1.8863511340251393,0.8250519232497684,135.8113730929265,0.39144382161283564,0.31493964872672386,0.1991881536658599,0.4256700806542122,0.017812067999080528,0.011767631989773358,0.03062241696435027
torsiontest2000,testcase-352,RTNDMWGBFSFSMN-UHFFFAOYSA-N,CB(C)OC(C)(C)C,3-6,8,plain,0,2.3553915857628454,0.000819427208985036,0.010271336817209913,0.05290527944463802,0.05865380547065444,0.10410336382969741,0.8862387359827,0.005748526026016422,0.4993065187239836,0.014414681697282552,0.0007682482615059023,0.0014937299543409744,0.9874666849669433,0.002455723445906576,0.00018610688480677457,0.007629506486496564
torsiontest2000,testcase-362,LHFXOBSXRFDDSU-UHFFFAOYSA-N,CCc1c(C)ncnc1N,2-3,10,biaryl,0,5.2575259619625285,0.004215213952893742,0.03739664858260893,0.08508712535386045,0.14855141828288995,0.37254334190389626,1.8774723730465757,0.0634642929290295,1.4979195561719791,0.033856483097580714,0.0029922960798953375,0.940795515265895,0.018815540071600825,0.03032961907763779,0.0047361451593953075,0.00233088434557583
torsiontest2000,testcase-372,ZUHZZVMEUAUWHY-UHFFFAOYSA-N,CCCN(C)C,2-3,6,plain,0,6.325267727195751,0.15753172964982512,0.03634970773062491,0.39158731486566956,0.768380222543028,0.5041745003415323,1.7110853260006404,0.3767929076773584,121.33148404993062,0.23658814109007742,0.3396981320201416,0.10771101363610312,0.5162411466131304,0.024197592296356863,0.008212845331400554,0.00393927010286749
torsiontest2000,testcase-39,ZUOUZKKEUPVFJK-UHFFFAOYSA-N,c1ccc(-c2ccccc2)cc1,4-5,12,biaryl,0,2.204089856124483,1.8538594239437195e-06,0.9982005293856863,0.01861584914499178,0.018646022008346898,0.7782794874966276,0.7789802651154676,3.0172863355118484e-05,83.38418862690708,0.0003490157451033994,6.864927456466072e-07,0.0017970063643664316,1.7777572016990358e-06,0.966449334108233,3.0716987971203877e-08,0.03175116456046521
torsiontest2000,testcase-406,VNKYTQGIUYNRMY-UHFFFAOYSA-N,CCCOC,2-3,5,plain,0,4.797467361408053,1.5593280028684526e-07,0.0027858489265926915,0.002040575583762083,0.0021137631686994904,0.07373027486413473,1.3963709757561495,7.318758493740727e-05,127.3231622746186,0.00013565902779345124,0.08303626628349657,0.06765069417460504,0.8465271906153057,0.002663404424022964,1.233958950741146e-05,0.00011010491306231616
torsiontest2000,testcase-409,RYLMQQMCVLCCOT-UHFFFAOYSA-N,CN[C@@H](C)c1cccnc1,2-4,10,anomeric|stereocentre_adjacent,0,6.594660821312573,0.9741091939367683,0.05219673112369386,0.5853590928530332,1.7396478256759342,0.6974600549158233,1.7600299135883115,1.154288732822901,55.92233009708741,0.5039512843243625,0.03546320118710957,0.9013333257873857,0.011006741901810987,0.0025704433892708278,0.011488550204749317,0.03813773752967371
torsiontest2000,testcase-434,JFXDIXYFXDOZIT-UHFFFAOYSA-N,CNc1ccc(OC)cc1,2-3,10,biaryl,0,4.254599412495736,0.5270842566784762,0.07107671279133995,0.21215014274673874,1.0672535161365597,0.4387886271350396,1.4562345024396401,0.855103373389821,4.493758668515966,0.3073639605776682,0.007777938660957828,0.9155624286829253,0.005582919864777127,0.06052579171641629,0.0037833236364047404,0.006767597438518923
torsiontest2000,testcase-442,HXXAUIXTYRHFNO-UHFFFAOYSA-N,CNC(=O)c1ccccn1,2-4,10,conjugated,0,10.64631221187301,1.228244615557549e-06,0.007696069876634075,0.05526683070753314,0.055396048316556555,0.30439161100518725,3.4125286263636756,0.00012921760902341595,0.4993065187239836,0.003081601758824082,0.8440343220787383,0.12918660926577152,0.019082998778856084,0.0068853645078947,0.000575018366495034,0.00023568700224434013
torsiontest2000,testcase-445,YOMZUWSWKXUEHR-UHFFFAOYSA-N,CC(=O)N[C@H](C)c1cccs1,4-6,11,stereocentre_adjacent,0,1.8199328316841274,0.352152246154044,0.10012120709796016,0.06468855294047818,0.27420113783590483,0.15611291983004674,0.4536589824983709,0.20951258489542665,13.980582524271853,0.10393500257808805,0.17956899120601447,0.6383879407623958,0.08192186093362973,0.06945115372790821,0.02102516637187956,0.009644886998172392
torsiontest2000,testcase-46,XSAYZAUNJMRRIR-UHFFFAOYSA-N,CC(=O)c1ccc2ccccc2c1,2-4,13,plain,0,5.617522051616106,1.454136552683285e-08,0.007192737249128795,0.02298354590863239,0.022984686504169235,0.16267367713543604,1.898994937970111,1.140595536845701e-06,0.0,8.392062871999231e-05,0.006703694502413896,0.9860896450384062,1.3923210051020968e-05,0.00712418810894922,4.738632302843914e-06,6.381050787673039e-05
torsiontest2000,testcase-464,MPRCFTQSLBELPF-UHFFFAOYSA-N,CNC(=O)c1cscn1,2-4,9,anomeric|conjugated,0,8.611343735828996,2.1346538693957676e-06,0.0077068164132418565,0.04710820974730384,0.04729844822119767,0.25895909909035486,2.9009729380819493,0.00019023847389382925,0.0,0.003179625229331379,0.6902698520035713,0.2733779391855066,0.028645392397680366,0.00677311808343634,0.0007202149955470877,0.00021348333425842835
torsiontest2000,testcase-470,IRSXGTLRFNFBHC-UHFFFAOYSA-N,CNC(=O)c1ccc(O)cc1O,2-4,12,conjugated,0,17.508458796772175,1.284931301945786e-07,0.1352018719386831,1.2005737799933995,1.2005746534244217,1.9100049205829686,4.214639827927332,8.734310221747421e-07,32.45492371705964,0.00118105170364237,0.6253221163815028,0.18771787469098508,0.05175813698882887,0.09939298446109204,0.019759013916132304,0.016049873561458764
torsiontest2000,testcase-479,GVBWYKNHPJBOPG-UHFFFAOYSA-N,CNC(=O)N(C)C1CCC1,2-3,10,plain,0,4.273791416315362,0.5991052559213961,0.210501297137635,0.16519650556282034,0.9524435692592831,0.5800312110642162,1.2230741036620827,0.7872470636964628,14.97919556171982,0.3584634311672365,0.6125742858310896,0.09607750190959993,0.08084691512167558,0.19495366539835648,0.012261875254235522,0.0032857564850429385
torsiontest2000,testcase-492,BPEXTIMJLDWDTL-UHFFFAOYSA-N,CC(=O)Nc1ccccc1C,7-8,11,anomeric|amide|conjugated,0,8.40103910601465,0.00010687903271005605,0.08267288857373635,0.17349762303145563,0.17490950451582368,0.640782397669372,2.152347973509918,0.0014118814843680494,0.0,0.00734615372454914,0.5843515201990251,0.09815650720867138,0.2348190840185669,0.08044523827801492,0.0018636363439645078,0.0003640139517569267
torsiontest2000,testcase-507,WSMGYPOPWMINLU-UHFFFAOYSA-N,CC(=O)NCC(C)(C)N,4-5,9,plain,0,7.450843182450626,0.3879929758651564,0.026818193914585804,0.3196912318207603,1.1225994136481492,0.4269021961304695,1.7569461174548113,0.8029081818273889,5.9916782246879166,0.44152164238937125,0.07803938071411645,0.26189395481974265,0.6332484705515552,0.017612445979981576,0.0005147831615296903,0.008690964773074534
torsiontest2000,testcase-51,FERIUCNNQQJTOY-UHFFFAOYSA-N,CCCC(=O)O,2-3,6,plain,0,6.083386902231723,0.024380372444835513,0.022188017315971035,0.2972579380023681,0.3819086170470183,0.3750792295042424,1.5641256305654665,0.08465067904465018,1.9972260748959627,0.04021003103239864,0.24079651408870764,0.17175653348659112,0.56525893510873,0.00638419116159227,0.009652736302365876,0.006151089852012888
torsiontest2000,testcase-513,ACBPPDYBJZVCTL-UHFFFAOYSA-N,CC[P@@H](=O)O,2-4,5,stereocentre_adjacent,0,2.8806488516856916,0.15327399425550448,0.0010879404411071067,0.006039644905440294,0.3446366512110442,0.029652666048229113,0.8801790040045324,0.3385970063056039,107.85020804438284,0.13659673063127215,0.043633706564839406,0.026084211683391315,0.9291941413106622,0.0006691613827386754,0.0003905067890376271,2.8272269330804048e-05
torsiontest2000,testcase-518,MODKMHXGCGKTLE-UHFFFAOYSA-N,CC(=O)NCCc1ccccc1,5-6,12,plain,0,4.72110459941905,0.16037434364675707,0.013225263576002368,0.06381823916527671,0.5652296655415524,0.1734450406964769,1.4038507801858426,0.5014114263762757,109.84743411927877,0.2518397517411211,0.10604545835944941,0.1460900005248913,0.7346392775396569,0.009286885871327383,0.0036614253572921614,0.00027695234738282396
torsiontest2000,testcase-521,IXHWZHXLJJPXIS-UHFFFAOYSA-N,CC[C@@H](C)F,2-3,5,stereocentre_adjacent,0,4.762310124060605,0.12278126852083043,0.0020482466809921664,0.006996042904265841,0.5072102505465481,0.06587721391466285,1.4473896062627336,0.5002142076422823,1.4979195561719791,0.15462091956383298,0.08952099757884026,0.02857747509641582,0.8798532806437517,1.2376989279886484e-05,0.001076394314400497,0.0009594753773117828
torsiontest2000,testcase-768,SMYTUBMIBZOXTH-UHFFFAOYSA-N,CNc1ncccc1C(=O)O,7-8,11,anomeric|conjugated,0,10.357832824462093,2.9227762761064783e-08,0.014463965267913338,0.05052743896265942,0.05053036462024887,0.385832440999494,3.180926617499559,2.9256575894490155e-06,0.0,8.852298782592619e-05,0.10178471154756356,0.881936316712681,0.001815006471842142,0.013630173479158838,0.0002944417046477498,0.000539350084106751
torsiontest2000,testcase-786,JMKUTMOIKCXELD-UHFFFAOYSA-N,C=C(C)c1cnccn1,2-4,9,conjugated,0,3.3339678564225323,1.5746602983668124e-08,0.034859266084775034,0.017671756736233096,0.017672411139517053,0.22696930280656147,1.2120864499286998,6.544032839575498e-07,58.41886269070736,6.994879051196497e-05,0.08003278030372163,0.7926425267301666,0.09246542688133695,0.03334110441207335,0.0015071589583111789,1.100271439050351e-05
torsiontest2000,testcase-791,TVSBRLGQVHJIKT-UHFFFAOYSA-N,CC(C)C1CCCC1,2-4,8,plain,0,6.951050888019381,0.15229052891164097,0.014982016757222355,0.07746022408256031,0.7043621982997078,0.23284659416761563,1.7956510026027788,0.6269019742171476,1.4979195561719791,0.2283606176708957,0.145696891763589,0.018912473568684467,0.8204086179105041,0.0024058523099405944,0.007513119807009589,0.0050630446402721695
torsiontest2000,testcase-812,PDKDLYHHQBVFJL-UHFFFAOYSA-N,C[C@@H](O)COP(=O)(O)O,2-4,9,stereocentre_adjacent,0,10.991162202088162,0.13947049382279414,0.017469530593965284,0.11530225674714438,1.102436348410118,0.404798101861078,2.938045108289106,0.9871340916629737,110.8460471567268,0.4759676397332824,0.4610080512138122,0.09198957967718553,0.42953283851503704,0.013543423097182806,0.0001759788094929871,0.003750128687289487
torsiontest2000,testcase-814,WZXNKGZETHOXRN-UHFFFAOYSA-N,CCC[P@H](C)=O,2-3,6,stereocentre_adjacent,0,4.176233151345514,0.034319567786226635,0.005841248947831643,0.021199460794471738,0.22399705316018045,0.09440735468095189,1.203885721830985,0.2027975923657087,2.4965325936199747,0.09252322294901595,0.1637715824154677,0.11262159733281575,0.717765571303885,0.001320726209500126,0.0015815982933100171,0.0029389244450214996
torsiontest2000,testcase-816,VHVBHMDVNAFCKX-UHFFFAOYSA-N,CC(=O)CC(C)(C)[P@@H](=O)O,4-5,10,stereocentre_adjacent,0,9.474386221787427,0.2994989471681043,0.04991910894353833,0.2486838394333827,1.369794832140525,0.6035520020970706,2.4739203561560963,1.1211109927071423,17.475728155339823,0.5407244740247006,0.48406366964461583,0.11484497368084962,0.35117224773099637,0.03780223672907501,0.007960790064862765,0.004156082149600551
torsiontest2000,testcase-818,ZIILXGGIOAGNDM-UHFFFAOYSA-N,CCC[P@](C)(=O)OC,2-3,8,stereocentre_adjacent,0,4.592097445798572,0.006343330615792589,0.004960386149343555,0.022196273028637588,0.10046418206194137,0.08944273594567453,1.2304264761672075,0.07826790903330377,2.9958391123439583,0.04294868980862949,0.26075152094956755,0.11486367560416372,0.6194244172969251,0.001109459961497925,0.0018168912986358456,0.002034034889209784
torsiontest2000,testcase-82,DCKVNWZUADLDEH-UHFFFAOYSA-N,CC[C@@H](C)OC(C)=O,2-3,8,stereocentre_adjacent,0,5.120106124028098,0.1198880603813739,0.001967212929849721,0.007532028265503059,0.5400716985963634,0.06958355465321583,1.5596470153102495,0.5325396703308604,0.0,0.16703069046264082,0.11114623929347962,0.035596072252219335,0.8512904755244513,0.00018420024267857665,0.0009155567345879264,0.0008674559525832182
torsiontest2000,testcase-821,KMVOVPFZNMZUML-UHFFFAOYSA-N,C[C@H](N)C(=O)O[P@](C)(=O)O,4-6,10,stereocentre_adjacent,0,8.193961133249104,0.031853676835419724,0.009632800544969258,0.5678257287002844,0.7151713207887309,0.616112326007892,2.50143561171173,0.14734559208844655,5.9916782246879166,0.10711753927616278,0.6397674890463166,0.31522856441988995,0.035371145988824224,0.00408535402021582,0.0015778975651663627,0.003969548959587075
torsiontest2000,testcase-824,SZNLOKORAXUTRM-UHFFFAOYSA-N,CO[P@](=O)(O)CC(=O)O,5-6,9,anomeric|conjugated,0,5.731299343169667,0.2668566928060318,0.12043291605585406,0.39649223735969735,1.011095191519043,0.7400204401898215,1.8436504440809824,0.6146029541593456,3.495145631067942,0.32850921511168124,0.6065284542425965,0.24690966871674713,0.02612896098480241,0.05167238454619132,0.03621243758672994,0.03254809392293279
torsiontest2000,testcase-827,OTASYTJVMVMVJW-UHFFFAOYSA-N,C=C(C)[P@@](C)(=O)O,2-5,7,stereocentre_adjacent,0,4.158639909059275,0.31100498328650694,0.006989192243447944,0.028553856106581385,0.6044479945346769,0.09490860419597072,1.0830309864826333,0.5758941384280956,117.83633841886268,0.23311362304073505,0.02216512032025054,0.3399246094468121,0.6309210779894894,0.0001289935106855115,0.005710404345995346,0.001149794386767087
torsiontest2000,testcase-829,WYKNNRXUNHJPDJ-UHFFFAOYSA-O,C[N+](C)(C)CP(=O)(O)O,5-6,9,plain,0,6.33793821017025,0.6030798951328699,0.014184802847762783,0.09675633179670616,1.704580532764558,0.27835764581504996,2.1935733334257117,1.6078242009678518,21.47018030513175,0.5139155354630908,0.7645755494242005,0.09866361867312147,0.12257602905491524,0.0032821477729745364,0.0002078006204297045,0.010694854454358542
torsiontest2000,testcase-833,WPEAFCGWTBGVNU-UHFFFAOYSA-N,CCCO[P@](C)(=O)O,2-3,8,stereocentre_adjacent,0,4.970906031318009,0.04543902615127426,0.011372700107773729,0.05193370168189958,0.2978651935574334,0.15565431585918008,1.376928598138153,0.24593149187553381,118.83495145631065,0.11069087111552728,0.05095209094690109,0.04312576332739441,0.8945494456179308,0.009878229416943675,0.0012722111097415694,0.00022225958108848442
torsiontest2000,testcase-834,QOJLTIJRCYTUDQ-UHFFFAOYSA-N,COP(=O)(CC(=O)O)OC,4-5,10,anomeric|conjugated,0,7.779843180207536,0.2203289453141257,0.04254653556014598,0.406487840958225,1.3155365538718071,0.6837538050509637,2.696308749900283,0.9090487129135821,14.479889042995836,0.42464875655810774,0.900779693531101,0.05342964217520274,0.0032441287335503543,0.02065929926928982,0.01825792633554543,0.0036293099553107323
torsiontest2000,testcase-838,YWDFOLFVOVCBIU-UHFFFAOYSA-N,CCCP(=O)(OC)OC,2-3,9,plain,0,4.2825754507794045,0.007392648654653882,0.0063811558597212225,0.032564125399503305,0.10531293249929546,0.09858200138049987,1.1652740648780227,0.07274880709979216,1.4979195561720644,0.043795875933465025,0.16939936979112014,0.0992889097196033,0.7249305646295552,0.0007062502792191081,0.0033493419734626304,0.002325563607039484
torsiontest2000,testcase-84,QIGBRXMKCJKVMJ-UHFFFAOYSA-N,Oc1ccc(O)cc1,1-2,8,biaryl,0,2.489633208489977,9.686604868649917e-09,0.00045473606711996884,0.00034232671184875085,0.00035278091138201594,0.018473098496407034,0.8661346980756569,1.0454199533265092e-05,0.0,4.424612253480928e-05,0.00018370399379800338,0.9989149570105099,0.00044660292857228866,0.0004457252227611337,6.838791518057895e-06,2.172052840777195e-06
torsiontest2000,testcase-844,RZYZXXICWCBFPZ-UHFFFAOYSA-N,CNC(=O)NP(=O)(OC)OC,2-4,11,anomeric|conjugated,0,8.59384928108193,0.7612905305801114,0.023500385996032724,0.3961769014799596,2.340954618992509,0.5668124188551723,2.673795462260224,1.9447777175125491,63.411927877947306,0.6200458515914617,0.323926356105088,0.5435899413054046,0.10898331659347442,0.009193022636959631,0.0139653057253034,0.00034205763376969335
torsiontest2000,testcase-846,CMLXJWQUQHEUMQ-UHFFFAOYSA-N,CCCP(C)(C)=O,2-3,7,plain,0,5.246777823951561,0.017178820695527907,0.01045885350804759,0.05438247448404072,0.18921876544894267,0.1515091342997445,1.383828385049005,0.13483629096490196,5.9916782246879166,0.08640633615379366,0.34225055308867436,0.12466722673545286,0.5226233666678253,0.004934915925704091,0.0047282481156310265,0.0007956894667124726
torsiontest2000,testcase-848,BVHJSXUVZDNXFI-UHFFFAOYSA-N,CC[C@@H]1CCCCN1P(C)(C)=O,2-3,12,stereocentre_adjacent,0,6.929944200848695,0.580103679723218,0.010118136765182289,0.04245012757066173,1.533069669828473,0.20679565027630567,2.0125152296704893,1.4906195422578112,124.82662968099862,0.4865308254368697,0.5669424646667732,0.015520687228125626,0.40741871133991897,0.0037929750730457982,0.00297806974077382,0.0033470919513626696
torsiontest2000,testcase-865,GDBDOLDINYFAKS-UHFFFAOYSA-N,CO[P@](C)(=O)OC(C)C,2-4,9,stereocentre_adjacent,0,2.8498629319365136,0.5526029236614712,0.019644473557139427,0.13187519550181268,0.7573416998723587,0.1927759685362976,1.0118575943514716,0.625466504370546,21.470180305131777,0.2942693999497046,0.4466172874372781,0.2741145378386594,0.25962370116692296,0.008441526211304092,0.01058423613984457,0.0006187112059907671
torsiontest2000,testcase-883,ZBTYGZQHPMJJFS-UHFFFAOYSA-N,CP(C)C(C)(C)C,2-5,7,plain,0,4.839665107079782,0.2262684366735313,0.02802300726977211,0.05825741105580942,0.8467114280666601,0.30292436930267513,1.7767517472618324,0.7884540170108507,5.492371705963933,0.23145706888372006,8.779602180462931e-05,0.002481790983532136,0.9694074057248911,0.0020326601115857232,7.039519905382261e-05,0.025919951959132565
torsiontest2000,testcase-884,CQCXMYUCNSJSKG-UHFFFAOYSA-N,C=CP(=O)(OC)OC,3-5,8,anomeric,0,4.813074888428673,0.46809200592896877,0.013749393111960212,0.11563095706373835,1.0808115687531783,0.21746335754439214,1.5749197463398925,0.9651806116894399,6.4909847434119,0.37335396576668367,0.6279701890452485,0.057340763257074635,0.3009396545857163,0.00643317083913183,0.004156170324629181,0.003160051948199202
torsiontest2000,testcase-89,WHBMMWSBFZVSSR-UHFFFAOYSA-N,C[C@H](O)CC(=O)O,2-4,7,anomeric|stereocentre_adjacent,0,7.977846031688387,0.4993507354725111,0.011878107775087302,0.2634377194495726,1.4806694872856268,0.346264320957368,2.078674718850334,1.2172317678360542,118.8349514563107,0.5149141502552794,0.5469372377442648,0.006832066053748657,0.4343525884268993,0.007301306494084446,0.0011797546096290019,0.0033970466713738544
torsiontest2000,testcase-892,BMJFWKRWVAQUPA-UHFFFAOYSA-N,CC(=O)O[C@@H](C)C#N,3-4,8,stereocentre_adjacent,0,7.4080113028758205,0.5973481610150713,0.0018816261971819166,0.02363821599689005,2.0417954463951413,0.11699994485536423,2.641720370044492,2.018157230398251,142.80166435506243,0.5562112062205745,0.4727747108733761,0.28758817854923163,0.23775548438021027,0.0015770518963556907,0.00030245401545443245,2.120285371793515e-06
torsiontest2000,testcase-925,BMZVDHQOAJUZJL-UHFFFAOYSA-N,COc1c(Br)cccc1Br,2-3,10,biaryl,0,5.224992482922971,0.00010452048300826168,0.00773943634380547,0.075550938835259,0.07758891472972346,0.1697575888707526,1.7296454303383646,0.0020379758944644583,178.252427184466,0.00943230896619984,0.0009112700522583015,0.9906420298437293,0.0007072637602069528,0.0009036432100468746,9.811204698230276e-06,0.006825981929060365
torsiontest2000,testcase-927,PAYRUJLWNCNPSJ-UHFFFAOYSA-N,Nc1ccccc1,1-2,7,biaryl,0,5.04193844893598,0.6352006275507037,0.011753570726967586,0.14060871435392477,1.4825811244769882,0.24510571181213683,1.8571700405764486,1.3419724101230635,15.977808599167815,0.429375099777789,0.0007978115076017937,0.9873362196254061,0.00011239814002449534,0.009112335902543104,0.0008309767914516739,0.0018102580329728097
torsiontest2000,testcase-94,JJDUHFSDEPSCOX-UHFFFAOYSA-N,CNC(=O)C(C)(C)Br,2-5,8,plain,0,5.999207134824246,9.112730052385617e-07,0.0008521907527679043,0.008197232567069243,0.008427335296967686,0.0603700118475684,2.0488747789300565,0.00023010272989844316,0.0,0.0005038540629606217,0.9869161495442053,0.009042739280669579,0.0031889204223571237,0.0003514423777645205,2.7519230612629516e-05,0.0004732291443907543
torsiontest2000,testcase-940,GRFNBEZIAWKNCO-UHFFFAOYSA-N,Oc1cccnc1,3-4,7,anomeric|conjugated,0,3.3846838082245085,7.55217866130319e-10,0.0003001406630246908,0.0002756355546533964,0.0002773559659266145,0.019446669796196445,1.1223776912879673,1.720411273218095e-06,0.0,1.2466585710019392e-05,0.03381756759406002,0.9656915988004812,0.00019069294243415931,0.00029718888314767173,2.4074390160276545e-06,5.443408609914315e-07
torsiontest2000,testcase-944,IXHWZHXLJJPXIS-UHFFFAOYSA-N,CC[C@H](C)F,2-4,5,stereocentre_adjacent,0,4.76271361563704,0.12275121098029214,0.0020466894177458375,0.0069614785093210195,0.5071219196748221,0.06584538466001098,1.4473169744691914,0.5001604411655011,122.82940360610263,0.1546216173508355,0.08952629795247569,0.02857671657941749,0.8798502960503609,1.192481862050377e-05,0.0010747201037868373,0.0009600444953384963
torsiontest2000,testcase-948,TVIVLENJTXGRAM-UHFFFAOYSA-N,COC(=O)Cc1ccc(N)cc1,5-6,12,biaryl,0,1.8353841673233546,0.1601683079959954,0.005790551850615888,0.005897828007190411,0.2597695556305367,0.04973066572349159,0.6489422543885252,0.2538717276233463,12.981969486823886,0.10110297412765504,0.0009739063743863197,0.9931227143046929,0.00011282747030477644,0.004547911344591684,0.0002202832515779091,0.0010223572544462952
torsiontest2000,testcase-968,PSHKMPUSSFXUIA-UHFFFAOYSA-N,CN(C)c1ccccn1,2-4,9,plain,0,9.625392915273551,0.2565981882045291,0.08881599353962612,0.6736355488461098,1.6421472258095018,1.1091008645257705,3.032250107492287,0.968511676963392,5.492371705963933,0.19239080709893852,0.018501509469603737,0.8254500154018711,0.06723248158889894,0.04898989030081804,0.0350977144121341,0.004728388826673988
torsiontest2000,testcase-973,FTZQXOJYPFINKJ-UHFFFAOYSA-N,Nc1ccccc1F,1-2,8,biaryl,0,6.892182735406095,0.4101199541109556,0.09727662085728946,0.5230540532298716,1.5113413313128738,0.866298683240588,2.2750752434211954,0.9882872780830022,42.940360610263554,0.32091453104717094,0.03097296410235756,0.8048082626134624,0.06694215242689047,0.042823213813803135,0.039573653164420707,0.014879753879065614
torsiontest2000,testcase-986,JTZTUVRFAVBKFK-UHFFFAOYSA-N,C[S@](=O)CCN,2-3,6,plain,0,7.691170514910482,0.08972670594116429,0.012340550890886537,0.29886772636023573,0.6933863324898845,0.3783670733687942,2.1100135194087626,0.39451860612964873,3.4951456310679703,0.23531341738527253,0.2722826308413582,0.302121633176546,0.41325518509120956,0.009026077412610384,0.0021956549292870575,0.0011188185489890941
torsiontest2000,testcase-99,DEOIEELDLIWVGF-UHFFFAOYSA-N,CC/N=C(/N)NC,4-5,7,plain,0,6.860306578222662,0.006746827303853746,0.029866825702261297,0.06617951018166893,0.1981262615174886,0.3984477490379357,2.2745019270336235,0.13194675133581968,3.994452149791954,0.0637875369540808,0.7393601657200971,0.15630361766150652,0.07446939091613493,0.022592770702189794,0.007146458329270935,0.0001275966708005737
